time,p1,p2,p3,p4
2025/7/10 0:00:00,0,0,,
2025/7/10 0:15:00,0,0,,
2025/7/10 0:30:00,0,0,,
2025/7/10 0:45:00,0,0,,
2025/7/10 1:00:00,0,0,,
2025/7/10 1:15:00,0,0,,
2025/7/10 1:30:00,0,0,,
2025/7/10 1:45:00,0,0,,
2025/7/10 2:00:00,0,0,,
2025/7/10 2:15:00,0,0,,
2025/7/10 2:30:00,0,0,,
2025/7/10 2:45:00,0,0,,
2025/7/10 3:00:00,0,0,,
2025/7/10 3:15:00,0,0,,
2025/7/10 3:30:00,0,0,,
2025/7/10 3:45:00,0,0,,
2025/7/10 4:00:00,1.82,0,,
2025/7/10 4:15:00,0,0,,
2025/7/10 4:30:00,0,0,,
2025/7/10 4:45:00,0,0,,
2025/7/10 5:00:00,0,0,,
2025/7/10 5:15:00,0,0,,
2025/7/10 5:30:00,0,0,,
2025/7/10 5:45:00,0,0,,
2025/7/10 6:00:00,0,0,,
2025/7/10 6:15:00,0,0,,
2025/7/10 6:30:00,0,0,,
2025/7/10 6:45:00,0,0,,
2025/7/10 7:00:00,0,0,,
2025/7/10 7:15:00,0,0,,
2025/7/10 7:30:00,0,0,,
2025/7/10 7:45:00,0,0,,
2025/7/10 8:00:00,0,0,,
2025/7/10 8:15:00,0,0,,
2025/7/10 8:30:00,0,0,,
2025/7/10 8:45:00,0,0,,
2025/7/10 9:00:00,0,0,,
2025/7/10 9:15:00,537.64,0,,
2025/7/10 9:30:00,844.37,0,,
2025/7/10 9:45:00,839.74,0,,
2025/7/10 10:00:00,848.68,0,,
2025/7/10 10:15:00,769.88,0,,
2025/7/10 10:30:00,797.53,0,,
2025/7/10 10:45:00,750.85,0,,
2025/7/10 11:00:00,690.26,0,,
2025/7/10 11:15:00,661.96,0,,
2025/7/10 11:30:00,661.96,0,,
2025/7/10 11:45:00,658.65,0,,
2025/7/10 12:00:00,651.53,0,,
2025/7/10 12:15:00,649.54,0,,
2025/7/10 12:30:00,648.38,0,,
2025/7/10 12:45:00,646.89,0,,
2025/7/10 13:00:00,650.04,0,,
2025/7/10 13:15:00,649.87,0,,
2025/7/10 13:30:00,640.11,0,,
2025/7/10 13:45:00,628.85,0,,
2025/7/10 14:00:00,627.69,0,,
2025/7/10 14:15:00,628.68,0,,
2025/7/10 14:30:00,625.54,0,,
2025/7/10 14:45:00,624.38,0,,
2025/7/10 15:00:00,618.26,0,,
2025/7/10 15:15:00,609.32,0,,
2025/7/10 15:30:00,606.17,0,,
2025/7/10 15:45:00,601.04,0,,
2025/7/10 16:00:00,601.7,0,,
2025/7/10 16:15:00,589.95,0,,
2025/7/10 16:30:00,592.6,0,,
2025/7/10 16:45:00,591.94,0,,
2025/7/10 17:00:00,592.77,0,,
2025/7/10 17:15:00,595.74,0,,
2025/7/10 17:30:00,597.73,0,,
2025/7/10 17:45:00,597.73,0,,
2025/7/10 18:00:00,600.21,0,,
2025/7/10 18:15:00,604.19,0,,
2025/7/10 18:30:00,605.35,0,,
2025/7/10 18:45:00,609.48,0,,
2025/7/10 19:00:00,609.65,0,,
2025/7/10 19:15:00,609.65,0,,
2025/7/10 19:30:00,612.3,0,,
2025/7/10 19:45:00,619.25,0,,
2025/7/10 20:00:00,623.88,0,,
2025/7/10 20:15:00,633.82,0,,
2025/7/10 20:30:00,627.03,0,,
2025/7/10 20:45:00,626.53,0,,
2025/7/10 21:00:00,0,0,,
2025/7/10 21:15:00,0,0,,
2025/7/10 21:30:00,0,0,,
2025/7/10 21:45:00,0,0,,
2025/7/10 22:00:00,0,0,,
2025/7/10 22:15:00,0,0,,
2025/7/10 22:30:00,0,0,,
2025/7/10 22:45:00,0,0,,
2025/7/10 23:00:00,0,0,,
2025/7/10 23:15:00,0,0,,
2025/7/10 23:30:00,0,0,,
2025/7/10 23:45:00,0,0,,
2025/7/11 0:00:00,0,0,,
2025/7/11 0:15:00,0,0,,
2025/7/11 0:30:00,0,0,,
2025/7/11 0:45:00,0,0,,
2025/7/11 1:00:00,0,0,,
2025/7/11 1:15:00,0,0,,
2025/7/11 1:30:00,0,0,,
2025/7/11 1:45:00,0,0,,
2025/7/11 2:00:00,0,0,,
2025/7/11 2:15:00,0,0,,
2025/7/11 2:30:00,0,0,,
2025/7/11 2:45:00,0,0,,
2025/7/11 3:00:00,0,0,,
2025/7/11 3:15:00,0,0,,
2025/7/11 3:30:00,0,0,,
2025/7/11 3:45:00,0,0,,
2025/7/11 4:00:00,0,0,,
2025/7/11 4:15:00,0,0,,
2025/7/11 4:30:00,0,0,,
2025/7/11 4:45:00,0,0,,
2025/7/11 5:00:00,0,0,,
2025/7/11 5:15:00,0,0,,
2025/7/11 5:30:00,0,0,,
2025/7/11 5:45:00,0,0,,
2025/7/11 6:00:00,0,0,,
2025/7/11 6:15:00,0,0,,
2025/7/11 6:30:00,0,0,,
2025/7/11 6:45:00,0,0,,
2025/7/11 7:00:00,0,0,,
2025/7/11 7:15:00,0,0,,
2025/7/11 7:30:00,0,0,,
2025/7/11 7:45:00,0,0,,
2025/7/11 8:00:00,0,0,,
2025/7/11 8:15:00,0,0,,
2025/7/11 8:30:00,0,0,,
2025/7/11 8:45:00,0,0,,
2025/7/11 9:00:00,250.45,0,,
2025/7/11 9:15:00,858.61,0,,
2025/7/11 9:30:00,862.91,0,,
2025/7/11 9:45:00,851.16,0,,
2025/7/11 10:00:00,756.81,0,,
2025/7/11 10:15:00,658.65,0,,
2025/7/11 10:30:00,644.58,0,,
2025/7/11 10:45:00,563.14,0,,
2025/7/11 11:00:00,836.26,0,,
2025/7/11 11:15:00,728.67,0,,
2025/7/11 11:30:00,687.61,0,,
2025/7/11 11:45:00,683.48,0,,
2025/7/11 12:00:00,686.62,0,,
2025/7/11 12:15:00,681.66,0,,
2025/7/11 12:30:00,673.21,0,,
2025/7/11 12:45:00,675.2,0,,
2025/7/11 13:00:00,673.88,0,,
2025/7/11 13:15:00,673.88,0,,
2025/7/11 13:30:00,676.36,0,,
2025/7/11 13:45:00,676.03,0,,
2025/7/11 14:00:00,675.7,0,,
2025/7/11 14:15:00,676.85,0,,
2025/7/11 14:30:00,674.87,0,,
2025/7/11 14:45:00,676.69,0,,
2025/7/11 15:00:00,673.71,0,,
2025/7/11 15:15:00,673.54,0,,
2025/7/11 15:30:00,664.94,0,,
2025/7/11 15:45:00,648.88,0,,
2025/7/11 16:00:00,648.71,0,,
2025/7/11 16:15:00,647.72,0,,
2025/7/11 16:30:00,647.06,0,,
2025/7/11 16:45:00,648.05,0,,
2025/7/11 17:00:00,654.01,0,,
2025/7/11 17:15:00,656.16,0,,
2025/7/11 17:30:00,667.42,0,,
2025/7/11 17:45:00,677.52,0,,
2025/7/11 18:00:00,679.17,0,,
2025/7/11 18:15:00,694.07,0,,
2025/7/11 18:30:00,703.17,0,,
2025/7/11 18:45:00,704.5,0,,
2025/7/11 19:00:00,702.84,0,,
2025/7/11 19:15:00,703.34,0,,
2025/7/11 19:30:00,703.01,0,,
2025/7/11 19:45:00,702.68,0,,
2025/7/11 20:00:00,696.55,0,,
2025/7/11 20:15:00,681.32,0,,
2025/7/11 20:30:00,676.36,0,,
2025/7/11 20:45:00,664.44,0,,
2025/7/11 21:00:00,656.49,0,,
2025/7/11 21:15:00,647.55,0,,
2025/7/11 21:30:00,0,0,,
2025/7/11 21:45:00,0,0,,
2025/7/11 22:00:00,0,0,,
2025/7/11 22:15:00,0,0,,
2025/7/11 22:30:00,0,0,,
2025/7/11 22:45:00,0,0,,
2025/7/11 23:00:00,0,0,,
2025/7/11 23:15:00,0,0,,
2025/7/11 23:30:00,0,0,,
2025/7/11 23:45:00,0,0,,
2025/7/12 0:00:00,0,0,,
2025/7/12 0:15:00,0,0,,
2025/7/12 0:30:00,0,0,,
2025/7/12 0:45:00,0,0,,
2025/7/12 1:00:00,0,0,,
2025/7/12 1:15:00,0,0,,
2025/7/12 1:30:00,0,0,,
2025/7/12 1:45:00,0,0,,
2025/7/12 2:00:00,0,0,,
2025/7/12 2:15:00,0,0,,
2025/7/12 2:30:00,0,0,,
2025/7/12 2:45:00,0,0,,
2025/7/12 3:00:00,0,0,,
2025/7/12 3:15:00,0,0,,
2025/7/12 3:30:00,0,0,,
2025/7/12 3:45:00,0,0,,
2025/7/12 4:00:00,0,0,,
2025/7/12 4:15:00,0,0,,
2025/7/12 4:30:00,0,0,,
2025/7/12 4:45:00,0,0,,
2025/7/12 5:00:00,0,0,,
2025/7/12 5:15:00,0,0,,
2025/7/12 5:30:00,0,0,,
2025/7/12 5:45:00,0,0,,
2025/7/12 6:00:00,0,0,,
2025/7/12 6:15:00,0,0,,
2025/7/12 6:30:00,0,0,,
2025/7/12 6:45:00,0,0,,
2025/7/12 7:00:00,0,0,,
2025/7/12 7:15:00,0,0,,
2025/7/12 7:30:00,0,0,,
2025/7/12 7:45:00,0,0,,
2025/7/12 8:00:00,0,0,,
2025/7/12 8:15:00,847.85,0,,
2025/7/12 8:30:00,843.71,0,,
2025/7/12 8:45:00,843.21,0,,
2025/7/12 9:00:00,664.61,0,,
2025/7/12 9:15:00,537.64,0,,
2025/7/12 9:30:00,552.87,0,,
2025/7/12 9:45:00,676.36,0,,
2025/7/12 10:00:00,674.7,0,,
2025/7/12 10:15:00,701.35,0,,
2025/7/12 10:30:00,701.85,0,,
2025/7/12 10:45:00,703.67,0,,
2025/7/12 11:00:00,702.35,0,,
2025/7/12 11:15:00,706.15,0,,
2025/7/12 11:30:00,711.62,0,,
2025/7/12 11:45:00,817.89,0,,
2025/7/12 12:00:00,812.76,0,,
2025/7/12 12:15:00,804.31,0,,
2025/7/12 12:30:00,797.86,0,,
2025/7/12 12:45:00,786.6,0,,
2025/7/12 13:00:00,782.13,0,,
2025/7/12 13:15:00,781.14,0,,
2025/7/12 13:30:00,774.68,0,,
2025/7/12 13:45:00,775.84,0,,
2025/7/12 14:00:00,772.37,0,,
2025/7/12 14:15:00,768.72,0,,
2025/7/12 14:30:00,765.25,0,,
2025/7/12 14:45:00,764.75,0,,
2025/7/12 15:00:00,755.98,0,,
2025/7/12 15:15:00,756.31,0,,
2025/7/12 15:30:00,759.62,0,,
2025/7/12 15:45:00,760.12,0,,
2025/7/12 16:00:00,760.78,0,,
2025/7/12 16:15:00,759.79,0,,
2025/7/12 16:30:00,760.28,0,,
2025/7/12 16:45:00,758.96,0,,
2025/7/12 17:00:00,765.25,0,,
2025/7/12 17:15:00,761.94,0,,
2025/7/12 17:30:00,761.94,0,,
2025/7/12 17:45:00,760.61,0,,
2025/7/12 18:00:00,763.43,0,,
2025/7/12 18:15:00,765.41,0,,
2025/7/12 18:30:00,768.06,0,,
2025/7/12 18:45:00,780.97,0,,
2025/7/12 19:00:00,778.49,0,,
2025/7/12 19:15:00,776.01,0,,
2025/7/12 19:30:00,778.49,0,,
2025/7/12 19:45:00,604.68,0,,
2025/7/12 20:00:00,575.72,0,,
2025/7/12 20:15:00,641.1,0,,
2025/7/12 20:30:00,645.4,0,,
2025/7/12 20:45:00,645.07,0,,
2025/7/12 21:00:00,639.61,0,,
2025/7/12 21:15:00,633.15,0,,
2025/7/12 21:30:00,615.11,0,,
2025/7/12 21:45:00,606.67,0,,
2025/7/12 22:00:00,588.96,0,,
2025/7/12 22:15:00,538.8,0,,
2025/7/12 22:30:00,512.32,0,,
2025/7/12 22:45:00,0,0,,
2025/7/12 23:00:00,0,0,,
2025/7/12 23:15:00,0,0,,
2025/7/12 23:30:00,0,0,,
2025/7/12 23:45:00,0,0,,
2025/7/13 0:00:00,0,0,,
2025/7/13 0:15:00,0,0,,
2025/7/13 0:30:00,0,0,,
2025/7/13 0:45:00,0,0,,
2025/7/13 1:00:00,0,0,,
2025/7/13 1:15:00,0,0,,
2025/7/13 1:30:00,0,0,,
2025/7/13 1:45:00,0,0,,
2025/7/13 2:00:00,0,0,,
2025/7/13 2:15:00,0,0,,
2025/7/13 2:30:00,0,0,,
2025/7/13 2:45:00,0,0,,
2025/7/13 3:00:00,0,0,,
2025/7/13 3:15:00,0,0,,
2025/7/13 3:30:00,0,0,,
2025/7/13 3:45:00,0,0,,
2025/7/13 4:00:00,0,0,,
2025/7/13 4:15:00,0,0,,
2025/7/13 4:30:00,0,0,,
2025/7/13 4:45:00,0,0,,
2025/7/13 5:00:00,0,0,,
2025/7/13 5:15:00,0,0,,
2025/7/13 5:30:00,0,0,,
2025/7/13 5:45:00,0,0,,
2025/7/13 6:00:00,0,0,,
2025/7/13 6:15:00,0,0,,
2025/7/13 6:30:00,0,0,,
2025/7/13 6:45:00,0,0,,
2025/7/13 7:00:00,0,0,,
2025/7/13 7:15:00,0,0,,
2025/7/13 7:30:00,0,0,,
2025/7/13 7:45:00,0,0,,
2025/7/13 8:00:00,0,0,,
2025/7/13 8:15:00,0,0,,
2025/7/13 8:30:00,0,0,,
2025/7/13 8:45:00,0,0,,
2025/7/13 9:00:00,0,0,,
2025/7/13 9:15:00,443.13,0,,
2025/7/13 9:30:00,472.09,0,,
2025/7/13 9:45:00,568.1,0,,
2025/7/13 10:00:00,623.72,0,,
2025/7/13 10:15:00,655.5,0,,
2025/7/13 10:30:00,664.44,0,,
2025/7/13 10:45:00,667.75,0,,
2025/7/13 11:00:00,665.76,0,,
2025/7/13 11:15:00,669.9,0,,
2025/7/13 11:30:00,674.37,0,,
2025/7/13 11:45:00,671.23,0,,
2025/7/13 12:00:00,671.06,0,,
2025/7/13 12:15:00,673.05,0,,
2025/7/13 12:30:00,669.9,0,,
2025/7/13 12:45:00,674.37,0,,
2025/7/13 13:00:00,675.36,0,,
2025/7/13 13:15:00,782.46,0,,
2025/7/13 13:30:00,777.5,0,,
2025/7/13 13:45:00,767.23,0,,
2025/7/13 14:00:00,751.01,0,,
2025/7/13 14:15:00,746.71,0,,
2025/7/13 14:30:00,744.06,0,,
2025/7/13 14:45:00,739.76,0,,
2025/7/13 15:00:00,734.62,0,,
2025/7/13 15:15:00,737.6,0,,
2025/7/13 15:30:00,734.62,0,,
2025/7/13 15:45:00,734.96,0,,
2025/7/13 16:00:00,734.46,0,,
2025/7/13 16:15:00,729.33,0,,
2025/7/13 16:30:00,726.18,0,,
2025/7/13 16:45:00,726.51,0,,
2025/7/13 17:00:00,730.32,0,,
2025/7/13 17:15:00,729.33,0,,
2025/7/13 17:30:00,730.16,0,,
2025/7/13 17:45:00,731.48,0,,
2025/7/13 18:00:00,731.31,0,,
2025/7/13 18:15:00,727.67,0,,
2025/7/13 18:30:00,719.73,0,,
2025/7/13 18:45:00,706.82,0,,
2025/7/13 19:00:00,703.67,0,,
2025/7/13 19:15:00,696.88,0,,
2025/7/13 19:30:00,694.73,0,,
2025/7/13 19:45:00,694.24,0,,
2025/7/13 20:00:00,695.56,0,,
2025/7/13 20:15:00,690.92,0,,
2025/7/13 20:30:00,687.95,0,,
2025/7/13 20:45:00,685.46,0,,
2025/7/13 21:00:00,673.05,0,,
2025/7/13 21:15:00,675.53,0,,
2025/7/13 21:30:00,673.05,0,,
2025/7/13 21:45:00,670.73,0,,
2025/7/13 22:00:00,640.27,0,,
2025/7/13 22:15:00,573.56,0,,
2025/7/13 22:30:00,0,0,,
2025/7/13 22:45:00,0,0,,
2025/7/13 23:00:00,0,0,,
2025/7/13 23:15:00,0,0,,
2025/7/13 23:30:00,0,0,,
2025/7/13 23:45:00,0,0,,
2025/7/14 0:00:00,0,0,,
2025/7/14 0:15:00,0,0,,
2025/7/14 0:30:00,0,0,,
2025/7/14 0:45:00,0,0,,
2025/7/14 1:00:00,0,0,,
2025/7/14 1:15:00,0,0,,
2025/7/14 1:30:00,0,0,,
2025/7/14 1:45:00,0,0,,
2025/7/14 2:00:00,0,0,,
2025/7/14 2:15:00,0,0,,
2025/7/14 2:30:00,0,0,,
2025/7/14 2:45:00,0,0,,
2025/7/14 3:00:00,0,0,,
2025/7/14 3:15:00,0,0,,
2025/7/14 3:30:00,0,0,,
2025/7/14 3:45:00,0,0,,
2025/7/14 4:00:00,0,0,,
2025/7/14 4:15:00,0,0,,
2025/7/14 4:30:00,0,0,,
2025/7/14 4:45:00,0,0,,
2025/7/14 5:00:00,0,0,,
2025/7/14 5:15:00,0,0,,
2025/7/14 5:30:00,0,0,,
2025/7/14 5:45:00,0,0,,
2025/7/14 6:00:00,0,0,,
2025/7/14 6:15:00,0,0,,
2025/7/14 6:30:00,0,0,,
2025/7/14 6:45:00,0,0,,
2025/7/14 7:00:00,0,0,,
2025/7/14 7:15:00,0,0,,
2025/7/14 7:30:00,0,0,,
2025/7/14 7:45:00,0,0,,
2025/7/14 8:00:00,0,0,,
2025/7/14 8:15:00,0,0,,
2025/7/14 8:30:00,0,0,,
2025/7/14 8:45:00,0,0,,
2025/7/14 9:00:00,0,0,,
2025/7/14 9:15:00,0,0,,
2025/7/14 9:30:00,0,0,,
2025/7/14 9:45:00,779.65,0,,
2025/7/14 10:00:00,735.45,0,,
2025/7/14 10:15:00,660.63,0,,
2025/7/14 10:30:00,757.14,0,,
2025/7/14 10:45:00,750.68,0,,
2025/7/14 11:00:00,707.64,0,,
2025/7/14 11:15:00,724.53,0,,
2025/7/14 11:30:00,722.38,0,,
2025/7/14 11:45:00,714.1,0,,
2025/7/14 12:00:00,738.27,0,,
2025/7/14 12:15:00,732.64,0,,
2025/7/14 12:30:00,730.82,0,,
2025/7/14 12:45:00,733.8,0,,
2025/7/14 13:00:00,732.31,0,,
2025/7/14 13:15:00,725.69,0,,
2025/7/14 13:30:00,718.9,0,,
2025/7/14 13:45:00,712.94,0,,
2025/7/14 14:00:00,713.27,0,,
2025/7/14 14:15:00,715.09,0,,
2025/7/14 14:30:00,718.07,0,,
2025/7/14 14:45:00,714.43,0,,
2025/7/14 15:00:00,717.58,0,,
2025/7/14 15:15:00,715.75,0,,
2025/7/14 15:30:00,702.51,0,,
2025/7/14 15:45:00,692.58,0,,
2025/7/14 16:00:00,687.28,0,,
2025/7/14 16:15:00,685.63,0,,
2025/7/14 16:30:00,690.43,0,,
2025/7/14 16:45:00,692.91,0,,
2025/7/14 17:00:00,697.05,0,,
2025/7/14 17:15:00,706.82,0,,
2025/7/14 17:30:00,712.28,0,,
2025/7/14 17:45:00,711.45,0,,
2025/7/14 18:00:00,711.12,0,,
2025/7/14 18:15:00,715.09,0,,
2025/7/14 18:30:00,735.45,0,,
2025/7/14 18:45:00,734.79,0,,
2025/7/14 19:00:00,735.12,0,,
2025/7/14 19:15:00,731.31,0,,
2025/7/14 19:30:00,723.7,0,,
2025/7/14 19:45:00,726.02,0,,
2025/7/14 20:00:00,723.37,0,,
2025/7/14 20:15:00,711.62,0,,
2025/7/14 20:30:00,700.69,0,,
2025/7/14 20:45:00,687.61,0,,
2025/7/14 21:00:00,671.56,0,,
2025/7/14 21:15:00,668.25,0,,
2025/7/14 21:30:00,0,0,,
2025/7/14 21:45:00,0,0,,
2025/7/14 22:00:00,0,0,,
2025/7/14 22:15:00,0,0,,
2025/7/14 22:30:00,0,0,,
2025/7/14 22:45:00,0,0,,
2025/7/14 23:00:00,0,0,,
2025/7/14 23:15:00,0,0,,
2025/7/14 23:30:00,0,0,,
2025/7/14 23:45:00,0,0,,
2025/7/15 0:00:00,,0,,
2025/7/15 0:15:00,,0,,
2025/7/15 0:30:00,,0,,
2025/7/15 0:45:00,,0,,
2025/7/15 1:00:00,,0,,
2025/7/15 1:15:00,,0,,
2025/7/15 1:30:00,,0,,
2025/7/15 1:45:00,,0,,
2025/7/15 2:00:00,,0,,
2025/7/15 2:15:00,,0,,
2025/7/15 2:30:00,,0,,
2025/7/15 2:45:00,,0,,
2025/7/15 3:00:00,,0,,
2025/7/15 3:15:00,,0,,
2025/7/15 3:30:00,,0,,
2025/7/15 3:45:00,,0,,
2025/7/15 4:00:00,,0,,
2025/7/15 4:15:00,,0,,
2025/7/15 4:30:00,,0,,
2025/7/15 4:45:00,,0,,
2025/7/15 5:00:00,,0,,
2025/7/15 5:15:00,,0,,
2025/7/15 5:30:00,,0,,
2025/7/15 5:45:00,,0,,
2025/7/15 6:00:00,,0,,
2025/7/15 6:15:00,,0,,
2025/7/15 6:30:00,,0,,
2025/7/15 6:45:00,,0,,
2025/7/15 7:00:00,,0,,
2025/7/15 7:15:00,,0,,
2025/7/15 7:30:00,,0,,
2025/7/15 7:45:00,,0,,
2025/7/15 8:00:00,,0,,
2025/7/15 8:15:00,,0,,
2025/7/15 8:30:00,,0,,
2025/7/15 8:45:00,,0,,
2025/7/15 9:00:00,,0,,
2025/7/15 9:15:00,,0,,
2025/7/15 9:30:00,,0,,
2025/7/15 9:45:00,,0,,
2025/7/15 10:00:00,,0,,
2025/7/15 10:15:00,,0,,
2025/7/15 10:30:00,,0,,
2025/7/15 10:45:00,,0,,
2025/7/15 11:00:00,,0,,
2025/7/15 11:15:00,,0,,
2025/7/15 11:30:00,,0,,
2025/7/15 11:45:00,,0,,
2025/7/15 12:00:00,,0,,
2025/7/15 12:15:00,,0,,
2025/7/15 12:30:00,,0,,
2025/7/15 12:45:00,,0,,
2025/7/15 13:00:00,,0,,
2025/7/15 13:15:00,,0,,
2025/7/15 13:30:00,,0,,
2025/7/15 13:45:00,,0,,
2025/7/15 14:00:00,,0,,
2025/7/15 14:15:00,,0,,
2025/7/15 14:30:00,,0,,
2025/7/15 14:45:00,,0,,
2025/7/15 15:00:00,,0,,
2025/7/15 15:15:00,,0,,
2025/7/15 15:30:00,,0,,
2025/7/15 15:45:00,,0,,
2025/7/15 16:00:00,,0,,
2025/7/15 16:15:00,,0,,
2025/7/15 16:30:00,,0,,
2025/7/15 16:45:00,,0,,
2025/7/15 17:00:00,,0,,
2025/7/15 17:15:00,,0,,
2025/7/15 17:30:00,,0,,
2025/7/15 17:45:00,,0,,
2025/7/15 18:00:00,,0,,
2025/7/15 18:15:00,,0,,
2025/7/15 18:30:00,,0,,
2025/7/15 18:45:00,,0,,
2025/7/15 19:00:00,,0,,
2025/7/15 19:15:00,,0,,
2025/7/15 19:30:00,,0,,
2025/7/15 19:45:00,,0,,
2025/7/15 20:00:00,,0,,
2025/7/15 20:15:00,,0,,
2025/7/15 20:30:00,,0,,
2025/7/15 20:45:00,,0,,
2025/7/15 21:00:00,,0,,
2025/7/15 21:15:00,,0,,
2025/7/15 21:30:00,,0,,
2025/7/15 21:45:00,,0,,
2025/7/15 22:00:00,,0,,
2025/7/15 22:15:00,,0,,
2025/7/15 22:30:00,,0,,
2025/7/15 22:45:00,,0,,
2025/7/15 23:00:00,,0,,
2025/7/15 23:15:00,,0,,
2025/7/15 23:30:00,,0,,
2025/7/15 23:45:00,,0,,
2025/7/16 0:00:00,0,0,,
2025/7/16 0:15:00,0,0,,
2025/7/16 0:30:00,0,0,,
2025/7/16 0:45:00,0,0,,
2025/7/16 1:00:00,0,0,,
2025/7/16 1:15:00,0,0,,
2025/7/16 1:30:00,0,0,,
2025/7/16 1:45:00,0,0,,
2025/7/16 2:00:00,0,0,,
2025/7/16 2:15:00,0,0,,
2025/7/16 2:30:00,0,0,,
2025/7/16 2:45:00,0,0,,
2025/7/16 3:00:00,0,0,,
2025/7/16 3:15:00,0,0,,
2025/7/16 3:30:00,0,0,,
2025/7/16 3:45:00,0,0,,
2025/7/16 4:00:00,0,0,,
2025/7/16 4:15:00,0,0,,
2025/7/16 4:30:00,0,0,,
2025/7/16 4:45:00,0,0,,
2025/7/16 5:00:00,0,0,,
2025/7/16 5:15:00,0,0,,
2025/7/16 5:30:00,0,0,,
2025/7/16 5:45:00,0,0,,
2025/7/16 6:00:00,0,0,,
2025/7/16 6:15:00,0,0,,
2025/7/16 6:30:00,0,0,,
2025/7/16 6:45:00,0,0,,
2025/7/16 7:00:00,0,0,,
2025/7/16 7:15:00,0,0,,
2025/7/16 7:30:00,0,0,,
2025/7/16 7:45:00,0,0,,
2025/7/16 8:00:00,0,0,,
2025/7/16 8:15:00,0,0,,
2025/7/16 8:30:00,0,0,,
2025/7/16 8:45:00,0,0,,
2025/7/16 9:00:00,0,0,,
2025/7/16 9:15:00,0,0,,
2025/7/16 9:30:00,0,0,,
2025/7/16 9:45:00,0,0,,
2025/7/16 10:00:00,857.28,0,,
2025/7/16 10:15:00,828.48,0,,
2025/7/16 10:30:00,875.82,0,,
2025/7/16 10:45:00,861.59,0,,
2025/7/16 11:00:00,853.81,0,,
2025/7/16 11:15:00,853.48,0,,
2025/7/16 11:30:00,851.99,0,,
2025/7/16 11:45:00,848.68,0,,
2025/7/16 12:00:00,847.68,0,,
2025/7/16 12:15:00,846.69,0,,
2025/7/16 12:30:00,848.18,0,,
2025/7/16 12:45:00,854.63,0,,
2025/7/16 13:00:00,848.34,0,,
2025/7/16 13:15:00,849.01,0,,
2025/7/16 13:30:00,842.72,0,,
2025/7/16 13:45:00,846.69,0,,
2025/7/16 14:00:00,843.21,0,,
2025/7/16 14:15:00,841.56,0,,
2025/7/16 14:30:00,838.58,0,,
2025/7/16 14:45:00,835.93,0,,
2025/7/16 15:00:00,830.8,0,,
2025/7/16 15:15:00,832.29,0,,
2025/7/16 15:30:00,825.5,0,,
2025/7/16 15:45:00,823.51,0,,
2025/7/16 16:00:00,827.32,0,,
2025/7/16 16:15:00,821.86,0,,
2025/7/16 16:30:00,821.03,0,,
2025/7/16 16:45:00,823.85,0,,
2025/7/16 17:00:00,826.83,0,,
2025/7/16 17:15:00,826.16,0,,
2025/7/16 17:30:00,829.81,0,,
2025/7/16 17:45:00,829.81,0,,
2025/7/16 18:00:00,831.63,0,,
2025/7/16 18:15:00,833.45,0,,
2025/7/16 18:30:00,834.77,0,,
2025/7/16 18:45:00,845.2,0,,
2025/7/16 19:00:00,851.32,0,,
2025/7/16 19:15:00,852.98,0,,
2025/7/16 19:30:00,856.29,0,,
2025/7/16 19:45:00,855.3,0,,
2025/7/16 20:00:00,840.4,0,,
2025/7/16 20:15:00,845.36,0,,
2025/7/16 20:30:00,843.54,0,,
2025/7/16 20:45:00,837.58,0,,
2025/7/16 21:00:00,836.92,0,,
2025/7/16 21:15:00,831.63,0,,
2025/7/16 21:30:00,0,0,,
2025/7/16 21:45:00,0,0,,
2025/7/16 22:00:00,0,0,,
2025/7/16 22:15:00,0,0,,
2025/7/16 22:30:00,0,0,,
2025/7/16 22:45:00,0,0,,
2025/7/16 23:00:00,0,0,,
2025/7/16 23:15:00,0,0,,
2025/7/16 23:30:00,0,0,,
2025/7/16 23:45:00,0,0,,
2025/7/17 0:00:00,,0,,
2025/7/17 0:15:00,,0,,
2025/7/17 0:30:00,,0,,
2025/7/17 0:45:00,,0,,
2025/7/17 1:00:00,,0,,
2025/7/17 1:15:00,,0,,
2025/7/17 1:30:00,,0,,
2025/7/17 1:45:00,,0,,
2025/7/17 2:00:00,,0,,
2025/7/17 2:15:00,,0,,
2025/7/17 2:30:00,,0,,
2025/7/17 2:45:00,,0,,
2025/7/17 3:00:00,,0,,
2025/7/17 3:15:00,,0,,
2025/7/17 3:30:00,,0,,
2025/7/17 3:45:00,,0,,
2025/7/17 4:00:00,,0,,
2025/7/17 4:15:00,,0,,
2025/7/17 4:30:00,,0,,
2025/7/17 4:45:00,,0,,
2025/7/17 5:00:00,,0,,
2025/7/17 5:15:00,,0,,
2025/7/17 5:30:00,,0,,
2025/7/17 5:45:00,,0,,
2025/7/17 6:00:00,,0,,
2025/7/17 6:15:00,,0,,
2025/7/17 6:30:00,,0,,
2025/7/17 6:45:00,,0,,
2025/7/17 7:00:00,,0,,
2025/7/17 7:15:00,,0,,
2025/7/17 7:30:00,,0,,
2025/7/17 7:45:00,,0,,
2025/7/17 8:00:00,,0,,
2025/7/17 8:15:00,,0,,
2025/7/17 8:30:00,,0,,
2025/7/17 8:45:00,,0,,
2025/7/17 9:00:00,,0,,
2025/7/17 9:15:00,,0,,
2025/7/17 9:30:00,,0,,
2025/7/17 9:45:00,,0,,
2025/7/17 10:00:00,,0,,
2025/7/17 10:15:00,,0,,
2025/7/17 10:30:00,,0,,
2025/7/17 10:45:00,,0,,
2025/7/17 11:00:00,,0,,
2025/7/17 11:15:00,,0,,
2025/7/17 11:30:00,,0,,
2025/7/17 11:45:00,,0,,
2025/7/17 12:00:00,,0,,
2025/7/17 12:15:00,,0,,
2025/7/17 12:30:00,,0,,
2025/7/17 12:45:00,,0,,
2025/7/17 13:00:00,,0,,
2025/7/17 13:15:00,,0,,
2025/7/17 13:30:00,,0,,
2025/7/17 13:45:00,,0,,
2025/7/17 14:00:00,,0,,
2025/7/17 14:15:00,,0,,
2025/7/17 14:30:00,,0,,
2025/7/17 14:45:00,,0,,
2025/7/17 15:00:00,,0,,
2025/7/17 15:15:00,,0,,
2025/7/17 15:30:00,,0,,
2025/7/17 15:45:00,,0,,
2025/7/17 16:00:00,,0,,
2025/7/17 16:15:00,,0,,
2025/7/17 16:30:00,,0,,
2025/7/17 16:45:00,,0,,
2025/7/17 17:00:00,,0,,
2025/7/17 17:15:00,,0,,
2025/7/17 17:30:00,,0,,
2025/7/17 17:45:00,,0,,
2025/7/17 18:00:00,,0,,
2025/7/17 18:15:00,,0,,
2025/7/17 18:30:00,,0,,
2025/7/17 18:45:00,,0,,
2025/7/17 19:00:00,,0,,
2025/7/17 19:15:00,,0,,
2025/7/17 19:30:00,,0,,
2025/7/17 19:45:00,,0,,
2025/7/17 20:00:00,,0,,
2025/7/17 20:15:00,,0,,
2025/7/17 20:30:00,,0,,
2025/7/17 20:45:00,,0,,
2025/7/17 21:00:00,,0,,
2025/7/17 21:15:00,,0,,
2025/7/17 21:30:00,,0,,
2025/7/17 21:45:00,,0,,
2025/7/17 22:00:00,,0,,
2025/7/17 22:15:00,,0,,
2025/7/17 22:30:00,,0,,
2025/7/17 22:45:00,,0,,
2025/7/17 23:00:00,,0,,
2025/7/17 23:15:00,,0,,
2025/7/17 23:30:00,,0,,
2025/7/17 23:45:00,,0,,
2025/7/18 0:00:00,0,0,,
2025/7/18 0:15:00,0,0,,
2025/7/18 0:30:00,0,0,,
2025/7/18 0:45:00,0,0,,
2025/7/18 1:00:00,0,0,,
2025/7/18 1:15:00,0,0,,
2025/7/18 1:30:00,0,0,,
2025/7/18 1:45:00,0,0,,
2025/7/18 2:00:00,0,0,,
2025/7/18 2:15:00,0,0,,
2025/7/18 2:30:00,0,0,,
2025/7/18 2:45:00,0,0,,
2025/7/18 3:00:00,0,0,,
2025/7/18 3:15:00,0,0,,
2025/7/18 3:30:00,0,0,,
2025/7/18 3:45:00,0,0,,
2025/7/18 4:00:00,0,0,,
2025/7/18 4:15:00,0,0,,
2025/7/18 4:30:00,0,0,,
2025/7/18 4:45:00,0,0,,
2025/7/18 5:00:00,0,0,,
2025/7/18 5:15:00,0,0,,
2025/7/18 5:30:00,0,0,,
2025/7/18 5:45:00,0,0,,
2025/7/18 6:00:00,0,0,,
2025/7/18 6:15:00,0,0,,
2025/7/18 6:30:00,0,0,,
2025/7/18 6:45:00,0,0,,
2025/7/18 7:00:00,0,0,,
2025/7/18 7:15:00,0,0,,
2025/7/18 7:30:00,0,0,,
2025/7/18 7:45:00,0,0,,
2025/7/18 8:00:00,0,0,,
2025/7/18 8:15:00,0,0,,
2025/7/18 8:30:00,0,0,,
2025/7/18 8:45:00,0,0,,
2025/7/18 9:00:00,0,0,,
2025/7/18 9:15:00,0,0,,
2025/7/18 9:30:00,500.23,0,,
2025/7/18 9:45:00,854.14,0,,
2025/7/18 10:00:00,850.33,0,,
2025/7/18 10:15:00,846.03,0,,
2025/7/18 10:30:00,844.7,0,,
2025/7/18 10:45:00,844.04,0,,
2025/7/18 11:00:00,833.28,0,,
2025/7/18 11:15:00,825.34,0,,
2025/7/18 11:30:00,798.02,0,,
2025/7/18 11:45:00,773.36,0,,
2025/7/18 12:00:00,769.06,0,,
2025/7/18 12:15:00,764.75,0,,
2025/7/18 12:30:00,808.95,0,,
2025/7/18 12:45:00,812.92,0,,
2025/7/18 13:00:00,811.93,0,,
2025/7/18 13:15:00,810.6,0,,
2025/7/18 13:30:00,804.48,0,,
2025/7/18 13:45:00,793.39,0,,
2025/7/18 14:00:00,787.59,0,,
2025/7/18 14:15:00,780.15,0,,
2025/7/18 14:30:00,775.35,0,,
2025/7/18 14:45:00,772.03,0,,
2025/7/18 15:00:00,766.41,0,,
2025/7/18 15:15:00,747.87,0,,
2025/7/18 15:30:00,745.38,0,,
2025/7/18 15:45:00,743.23,0,,
2025/7/18 16:00:00,731.15,0,,
2025/7/18 16:15:00,726.84,0,,
2025/7/18 16:30:00,730.65,0,,
2025/7/18 16:45:00,729.66,0,,
2025/7/18 17:00:00,734.13,0,,
2025/7/18 17:15:00,728,0,,
2025/7/18 17:30:00,736.11,0,,
2025/7/18 17:45:00,734.46,0,,
2025/7/18 18:00:00,736.61,0,,
2025/7/18 18:15:00,733.14,0,,
2025/7/18 18:30:00,731.81,0,,
2025/7/18 18:45:00,731.81,0,,
2025/7/18 19:00:00,729,0,,
2025/7/18 19:15:00,729.99,0,,
2025/7/18 19:30:00,732.31,0,,
2025/7/18 19:45:00,733.8,0,,
2025/7/18 20:00:00,733.47,0,,
2025/7/18 20:15:00,732.64,0,,
2025/7/18 20:30:00,731.98,0,,
2025/7/18 20:45:00,715.92,0,,
2025/7/18 21:00:00,689.77,0,,
2025/7/18 21:15:00,0,0,,
2025/7/18 21:30:00,0,0,,
2025/7/18 21:45:00,0,0,,
2025/7/18 22:00:00,0,0,,
2025/7/18 22:15:00,0,0,,
2025/7/18 22:30:00,0,0,,
2025/7/18 22:45:00,0,0,,
2025/7/18 23:00:00,0,0,,
2025/7/18 23:15:00,0,0,,
2025/7/18 23:30:00,0,0,,
2025/7/18 23:45:00,0,0,,
2025/7/19 0:00:00,0,0,,
2025/7/19 0:15:00,0,0,,
2025/7/19 0:30:00,0,0,,
2025/7/19 0:45:00,0,0,,
2025/7/19 1:00:00,0,0,,
2025/7/19 1:15:00,0,0,,
2025/7/19 1:30:00,0,0,,
2025/7/19 1:45:00,0,0,,
2025/7/19 2:00:00,0,0,,
2025/7/19 2:15:00,0,0,,
2025/7/19 2:30:00,0,0,,
2025/7/19 2:45:00,0,0,,
2025/7/19 3:00:00,0,0,,
2025/7/19 3:15:00,0,0,,
2025/7/19 3:30:00,0,0,,
2025/7/19 3:45:00,0,0,,
2025/7/19 4:00:00,0,0,,
2025/7/19 4:15:00,0,0,,
2025/7/19 4:30:00,0,0,,
2025/7/19 4:45:00,0,0,,
2025/7/19 5:00:00,0,0,,
2025/7/19 5:15:00,0,0,,
2025/7/19 5:30:00,0,0,,
2025/7/19 5:45:00,0,0,,
2025/7/19 6:00:00,0,0,,
2025/7/19 6:15:00,0,0,,
2025/7/19 6:30:00,0,0,,
2025/7/19 6:45:00,0,0,,
2025/7/19 7:00:00,0,0,,
2025/7/19 7:15:00,0,0,,
2025/7/19 7:30:00,0,0,,
2025/7/19 7:45:00,0,0,,
2025/7/19 8:00:00,0,0,,
2025/7/19 8:15:00,0,0,,
2025/7/19 8:30:00,0,0,,
2025/7/19 8:45:00,0,0,,
2025/7/19 9:00:00,0,0,,
2025/7/19 9:15:00,0,0,,
2025/7/19 9:30:00,856.12,0,,
2025/7/19 9:45:00,867.38,0,,
2025/7/19 10:00:00,849.5,0,,
2025/7/19 10:15:00,826,0,,
2025/7/19 10:30:00,740.25,0,,
2025/7/19 10:45:00,713.6,0,,
2025/7/19 11:00:00,707.31,0,,
2025/7/19 11:15:00,689.6,0,,
2025/7/19 11:30:00,705.82,0,,
2025/7/19 11:45:00,727.01,0,,
2025/7/19 12:00:00,706.48,0,,
2025/7/19 12:15:00,708.64,0,,
2025/7/19 12:30:00,710.79,0,,
2025/7/19 12:45:00,713.77,0,,
2025/7/19 13:00:00,709.46,0,,
2025/7/19 13:15:00,709.63,0,,
2025/7/19 13:30:00,710.62,0,,
2025/7/19 13:45:00,709.8,0,,
2025/7/19 14:00:00,708.47,0,,
2025/7/19 14:15:00,706.82,0,,
2025/7/19 14:30:00,707.97,0,,
2025/7/19 14:45:00,709.3,0,,
2025/7/19 15:00:00,705.82,0,,
2025/7/19 15:15:00,707.48,0,,
2025/7/19 15:30:00,708.31,0,,
2025/7/19 15:45:00,709.46,0,,
2025/7/19 16:00:00,748.7,0,,
2025/7/19 16:15:00,734.79,0,,
2025/7/19 16:30:00,734.13,0,,
2025/7/19 16:45:00,738.27,0,,
2025/7/19 17:00:00,727.01,0,,
2025/7/19 17:15:00,709.3,0,,
2025/7/19 17:30:00,712.77,0,,
2025/7/19 17:45:00,712.61,0,,
2025/7/19 18:00:00,710.79,0,,
2025/7/19 18:15:00,712.77,0,,
2025/7/19 18:30:00,714.93,0,,
2025/7/19 18:45:00,713.44,0,,
2025/7/19 19:00:00,713.77,0,,
2025/7/19 19:15:00,712.61,0,,
2025/7/19 19:30:00,709.63,0,,
2025/7/19 19:45:00,708.14,0,,
2025/7/19 20:00:00,708.8,0,,
2025/7/19 20:15:00,705.99,0,,
2025/7/19 20:30:00,708.64,0,,
2025/7/19 20:45:00,707.15,0,,
2025/7/19 21:00:00,706.32,0,,
2025/7/19 21:15:00,0,0,,
2025/7/19 21:30:00,0,0,,
2025/7/19 21:45:00,0,0,,
2025/7/19 22:00:00,0,0,,
2025/7/19 22:15:00,0,0,,
2025/7/19 22:30:00,0,0,,
2025/7/19 22:45:00,0,0,,
2025/7/19 23:00:00,0,0,,
2025/7/19 23:15:00,0,0,,
2025/7/19 23:30:00,0,0,,
2025/7/19 23:45:00,0,0,,
2025/7/20 0:00:00,0,0,,
2025/7/20 0:15:00,0,0,,
2025/7/20 0:30:00,0,0,,
2025/7/20 0:45:00,0,0,,
2025/7/20 1:00:00,0,0,,
2025/7/20 1:15:00,0,0,,
2025/7/20 1:30:00,0,0,,
2025/7/20 1:45:00,0,0,,
2025/7/20 2:00:00,0,0,,
2025/7/20 2:15:00,0,0,,
2025/7/20 2:30:00,0,0,,
2025/7/20 2:45:00,0,0,,
2025/7/20 3:00:00,0,0,,
2025/7/20 3:15:00,0,0,,
2025/7/20 3:30:00,0,0,,
2025/7/20 3:45:00,0,0,,
2025/7/20 4:00:00,0,0,,
2025/7/20 4:15:00,0,0,,
2025/7/20 4:30:00,0,0,,
2025/7/20 4:45:00,0,0,,
2025/7/20 5:00:00,0,0,,
2025/7/20 5:15:00,0,0,,
2025/7/20 5:30:00,0,0,,
2025/7/20 5:45:00,0,0,,
2025/7/20 6:00:00,0,0,,
2025/7/20 6:15:00,0,0,,
2025/7/20 6:30:00,0,0,,
2025/7/20 6:45:00,0,0,,
2025/7/20 7:00:00,0,0,,
2025/7/20 7:15:00,0,0,,
2025/7/20 7:30:00,0,0,,
2025/7/20 7:45:00,0,0,,
2025/7/20 8:00:00,0,0,,
2025/7/20 8:15:00,0,0,,
2025/7/20 8:30:00,0,0,,
2025/7/20 8:45:00,0,0,,
2025/7/20 9:00:00,475.9,0,,
2025/7/20 9:15:00,863.08,0,,
2025/7/20 9:30:00,835.93,0,,
2025/7/20 9:45:00,862.58,0,,
2025/7/20 10:00:00,857.12,0,,
2025/7/20 10:15:00,839.9,0,,
2025/7/20 10:30:00,820.87,0,,
2025/7/20 10:45:00,824.84,0,,
2025/7/20 11:00:00,778.66,0,,
2025/7/20 11:15:00,749.52,0,,
2025/7/20 11:30:00,830.14,0,,
2025/7/20 11:45:00,824.67,0,,
2025/7/20 12:00:00,824.67,0,,
2025/7/20 12:15:00,819.71,0,,
2025/7/20 12:30:00,812.09,0,,
2025/7/20 12:45:00,788.09,0,,
2025/7/20 13:00:00,781.14,0,,
2025/7/20 13:15:00,783.79,0,,
2025/7/20 13:30:00,776.67,0,,
2025/7/20 13:45:00,773.36,0,,
2025/7/20 14:00:00,777.5,0,,
2025/7/20 14:15:00,790.41,0,,
2025/7/20 14:30:00,789.75,0,,
2025/7/20 14:45:00,789.58,0,,
2025/7/20 15:00:00,789.42,0,,
2025/7/20 15:15:00,789.91,0,,
2025/7/20 15:30:00,787.26,0,,
2025/7/20 15:45:00,787.93,0,,
2025/7/20 16:00:00,787.76,0,,
2025/7/20 16:15:00,787.93,0,,
2025/7/20 16:30:00,788.42,0,,
2025/7/20 16:45:00,789.58,0,,
2025/7/20 17:00:00,789.58,0,,
2025/7/20 17:15:00,791.9,0,,
2025/7/20 17:30:00,798.85,0,,
2025/7/20 17:45:00,803.15,0,,
2025/7/20 18:00:00,807.62,0,,
2025/7/20 18:15:00,805.97,0,,
2025/7/20 18:30:00,804.98,0,,
2025/7/20 18:45:00,804.64,0,,
2025/7/20 19:00:00,803.32,0,,
2025/7/20 19:15:00,802.16,0,,
2025/7/20 19:30:00,802.99,0,,
2025/7/20 19:45:00,788.26,0,,
2025/7/20 20:00:00,787.43,0,,
2025/7/20 20:15:00,787.1,0,,
2025/7/20 20:30:00,776.34,0,,
2025/7/20 20:45:00,755.98,0,,
2025/7/20 21:00:00,643.75,0,,
2025/7/20 21:15:00,0,0,,
2025/7/20 21:30:00,0,0,,
2025/7/20 21:45:00,0,0,,
2025/7/20 22:00:00,0,0,,
2025/7/20 22:15:00,0,0,,
2025/7/20 22:30:00,0,0,,
2025/7/20 22:45:00,0,0,,
2025/7/20 23:00:00,0,0,,
2025/7/20 23:15:00,0,0,,
2025/7/20 23:30:00,0,0,,
2025/7/20 23:45:00,0,0,,
2025/7/21 0:00:00,0,0,,
2025/7/21 0:15:00,0,0,,
2025/7/21 0:30:00,0,0,,
2025/7/21 0:45:00,0,0,,
2025/7/21 1:00:00,0,0,,
2025/7/21 1:15:00,0,0,,
2025/7/21 1:30:00,0,0,,
2025/7/21 1:45:00,0,0,,
2025/7/21 2:00:00,0,0,,
2025/7/21 2:15:00,0,0,,
2025/7/21 2:30:00,0,0,,
2025/7/21 2:45:00,0,0,,
2025/7/21 3:00:00,0,0,,
2025/7/21 3:15:00,0,0,,
2025/7/21 3:30:00,0,0,,
2025/7/21 3:45:00,0,0,,
2025/7/21 4:00:00,0,0,,
2025/7/21 4:15:00,0,0,,
2025/7/21 4:30:00,0,0,,
2025/7/21 4:45:00,0,0,,
2025/7/21 5:00:00,0,0,,
2025/7/21 5:15:00,0,0,,
2025/7/21 5:30:00,0,0,,
2025/7/21 5:45:00,0,0,,
2025/7/21 6:00:00,0,0,,
2025/7/21 6:15:00,0,0,,
2025/7/21 6:30:00,0,0,,
2025/7/21 6:45:00,0,0,,
2025/7/21 7:00:00,0,0,,
2025/7/21 7:15:00,0,0,,
2025/7/21 7:30:00,0,0,,
2025/7/21 7:45:00,0,0,,
2025/7/21 8:00:00,0,0,,
2025/7/21 8:15:00,0,0,,
2025/7/21 8:30:00,0,0,,
2025/7/21 8:45:00,0,0,,
2025/7/21 9:00:00,0,0,,
2025/7/21 9:15:00,0,0,,
2025/7/21 9:30:00,0,0,,
2025/7/21 9:45:00,846.03,0,,
2025/7/21 10:00:00,850.66,0,,
2025/7/21 10:15:00,847.52,0,,
2025/7/21 10:30:00,850,0,,
2025/7/21 10:45:00,842.88,0,,
2025/7/21 11:00:00,829.64,0,,
2025/7/21 11:15:00,787.59,0,,
2025/7/21 11:30:00,767.07,0,,
2025/7/21 11:45:00,766.74,0,,
2025/7/21 12:00:00,770.38,0,,
2025/7/21 12:15:00,766.57,0,,
2025/7/21 12:30:00,768.89,0,,
2025/7/21 12:45:00,770.05,0,,
2025/7/21 13:00:00,767.07,0,,
2025/7/21 13:15:00,764.75,0,,
2025/7/21 13:30:00,766.74,0,,
2025/7/21 13:45:00,768.39,0,,
2025/7/21 14:00:00,772.7,0,,
2025/7/21 14:15:00,772.53,0,,
2025/7/21 14:30:00,770.71,0,,
2025/7/21 14:45:00,770.88,0,,
2025/7/21 15:00:00,767.07,0,,
2025/7/21 15:15:00,762.6,0,,
2025/7/21 15:30:00,755.32,0,,
2025/7/21 15:45:00,749.03,0,,
2025/7/21 16:00:00,741.41,0,,
2025/7/21 16:15:00,738.27,0,,
2025/7/21 16:30:00,739.43,0,,
2025/7/21 16:45:00,740.92,0,,
2025/7/21 17:00:00,744.72,0,,
2025/7/21 17:15:00,740.25,0,,
2025/7/21 17:30:00,745.05,0,,
2025/7/21 17:45:00,744.23,0,,
2025/7/21 18:00:00,747.21,0,,
2025/7/21 18:15:00,745.88,0,,
2025/7/21 18:30:00,748.86,0,,
2025/7/21 18:45:00,747.21,0,,
2025/7/21 19:00:00,748.03,0,,
2025/7/21 19:15:00,746.71,0,,
2025/7/21 19:30:00,756.31,0,,
2025/7/21 19:45:00,752.67,0,,
2025/7/21 20:00:00,752.5,0,,
2025/7/21 20:15:00,752.67,0,,
2025/7/21 20:30:00,751.18,0,,
2025/7/21 20:45:00,747.7,0,,
2025/7/21 21:00:00,692.08,0,,
2025/7/21 21:15:00,856.62,0,,
2025/7/21 21:30:00,0,0,,
2025/7/21 21:45:00,0,0,,
2025/7/21 22:00:00,0,0,,
2025/7/21 22:15:00,0,0,,
2025/7/21 22:30:00,0,0,,
2025/7/21 22:45:00,0,0,,
2025/7/21 23:00:00,0,0,,
2025/7/21 23:15:00,0,0,,
2025/7/21 23:30:00,0,0,,
2025/7/21 23:45:00,0,0,,
2025/7/22 0:00:00,0,0,,
2025/7/22 0:15:00,0,0,,
2025/7/22 0:30:00,0,0,,
2025/7/22 0:45:00,0,0,,
2025/7/22 1:00:00,0,0,,
2025/7/22 1:15:00,0,0,,
2025/7/22 1:30:00,0,0,,
2025/7/22 1:45:00,0,0,,
2025/7/22 2:00:00,0,0,,
2025/7/22 2:15:00,0,0,,
2025/7/22 2:30:00,0,0,,
2025/7/22 2:45:00,0,0,,
2025/7/22 3:00:00,0,0,,
2025/7/22 3:15:00,0,0,,
2025/7/22 3:30:00,0,0,,
2025/7/22 3:45:00,0,0,,
2025/7/22 4:00:00,0,0,,
2025/7/22 4:15:00,0,0,,
2025/7/22 4:30:00,0,0,,
2025/7/22 4:45:00,0,0,,
2025/7/22 5:00:00,0,0,,
2025/7/22 5:15:00,0,0,,
2025/7/22 5:30:00,0,0,,
2025/7/22 5:45:00,0,0,,
2025/7/22 6:00:00,0,0,,
2025/7/22 6:15:00,0,0,,
2025/7/22 6:30:00,0,0,,
2025/7/22 6:45:00,0,0,,
2025/7/22 7:00:00,0,0,,
2025/7/22 7:15:00,0,0,,
2025/7/22 7:30:00,0,0,,
2025/7/22 7:45:00,0,0,,
2025/7/22 8:00:00,0,0,,
2025/7/22 8:15:00,0,0,,
2025/7/22 8:30:00,0,0,,
2025/7/22 8:45:00,0,0,,
2025/7/22 9:00:00,0,0,,
2025/7/22 9:15:00,720.06,0,,
2025/7/22 9:30:00,857.28,0,,
2025/7/22 9:45:00,849.01,0,,
2025/7/22 10:00:00,843.38,0,,
2025/7/22 10:15:00,845.7,0,,
2025/7/22 10:30:00,847.19,0,,
2025/7/22 10:45:00,841.56,0,,
2025/7/22 11:00:00,827.65,0,,
2025/7/22 11:15:00,832.95,0,,
2025/7/22 11:30:00,827.65,0,,
2025/7/22 11:45:00,822.69,0,,
2025/7/22 12:00:00,850.17,0,,
2025/7/22 12:15:00,828.32,0,,
2025/7/22 12:30:00,828.15,0,,
2025/7/22 12:45:00,825,0,,
2025/7/22 13:00:00,831.29,0,,
2025/7/22 13:15:00,831.63,0,,
2025/7/22 13:30:00,822.03,0,,
2025/7/22 13:45:00,820.87,0,,
2025/7/22 14:00:00,801,0,,
2025/7/22 14:15:00,802.16,0,,
2025/7/22 14:30:00,767.23,0,,
2025/7/22 14:45:00,765.41,0,,
2025/7/22 15:00:00,767.57,0,,
2025/7/22 15:15:00,763.92,0,,
2025/7/22 15:30:00,767.57,0,,
2025/7/22 15:45:00,768.56,0,,
2025/7/22 16:00:00,768.23,0,,
2025/7/22 16:15:00,763.26,0,,
2025/7/22 16:30:00,761.77,0,,
2025/7/22 16:45:00,761.44,0,,
2025/7/22 17:00:00,763.1,0,,
2025/7/22 17:15:00,762.27,0,,
2025/7/22 17:30:00,751.51,0,,
2025/7/22 17:45:00,732.64,0,,
2025/7/22 18:00:00,739.09,0,,
2025/7/22 18:15:00,740.42,0,,
2025/7/22 18:30:00,743.4,0,,
2025/7/22 18:45:00,741.74,0,,
2025/7/22 19:00:00,742.24,0,,
2025/7/22 19:15:00,743.23,0,,
2025/7/22 19:30:00,753,0,,
2025/7/22 19:45:00,753.83,0,,
2025/7/22 20:00:00,747.54,0,,
2025/7/22 20:15:00,752.17,0,,
2025/7/22 20:30:00,681.99,0,,
2025/7/22 20:45:00,681.16,0,,
2025/7/22 21:00:00,647.22,0,,
2025/7/22 21:15:00,0,0,,
2025/7/22 21:30:00,0,0,,
2025/7/22 21:45:00,0,0,,
2025/7/22 22:00:00,0,0,,
2025/7/22 22:15:00,0,0,,
2025/7/22 22:30:00,0,0,,
2025/7/22 22:45:00,0,0,,
2025/7/22 23:00:00,0,0,,
2025/7/22 23:15:00,0,0,,
2025/7/22 23:30:00,0,0,,
2025/7/22 23:45:00,0,0,,
2025/7/23 0:00:00,0,0,,
2025/7/23 0:15:00,0,0,,
2025/7/23 0:30:00,0,0,,
2025/7/23 0:45:00,0,0,,
2025/7/23 1:00:00,0,0,,
2025/7/23 1:15:00,0,0,,
2025/7/23 1:30:00,0,0,,
2025/7/23 1:45:00,0,0,,
2025/7/23 2:00:00,0,0,,
2025/7/23 2:15:00,0,0,,
2025/7/23 2:30:00,0,0,,
2025/7/23 2:45:00,0,0,,
2025/7/23 3:00:00,0,0,,
2025/7/23 3:15:00,0,0,,
2025/7/23 3:30:00,0,0,,
2025/7/23 3:45:00,0,0,,
2025/7/23 4:00:00,0,0,,
2025/7/23 4:15:00,0,0,,
2025/7/23 4:30:00,0,0,,
2025/7/23 4:45:00,0,0,,
2025/7/23 5:00:00,0,0,,
2025/7/23 5:15:00,0,0,,
2025/7/23 5:30:00,0,0,,
2025/7/23 5:45:00,0,0,,
2025/7/23 6:00:00,0,0,,
2025/7/23 6:15:00,0,0,,
2025/7/23 6:30:00,0,0,,
2025/7/23 6:45:00,0,0,,
2025/7/23 7:00:00,0,0,,
2025/7/23 7:15:00,0,0,,
2025/7/23 7:30:00,0,0,,
2025/7/23 7:45:00,0,0,,
2025/7/23 8:00:00,0,0,,
2025/7/23 8:15:00,0,0,,
2025/7/23 8:30:00,0,0,,
2025/7/23 8:45:00,0,0,,
2025/7/23 9:00:00,0,0,,
2025/7/23 9:15:00,0,0,,
2025/7/23 9:30:00,0,0,,
2025/7/23 9:45:00,0,0,,
2025/7/23 10:00:00,0,0,,
2025/7/23 10:15:00,0,0,,
2025/7/23 10:30:00,393.3,0,,
2025/7/23 10:45:00,859.43,0,,
2025/7/23 11:00:00,851.82,0,,
2025/7/23 11:15:00,848.18,0,,
2025/7/23 11:30:00,852.98,0,,
2025/7/23 11:45:00,852.15,0,,
2025/7/23 12:00:00,846.19,0,,
2025/7/23 12:15:00,835.27,0,,
2025/7/23 12:30:00,834.61,0,,
2025/7/23 12:45:00,830.14,0,,
2025/7/23 13:00:00,820.37,0,,
2025/7/23 13:15:00,812.92,0,,
2025/7/23 13:30:00,801,0,,
2025/7/23 13:45:00,792.56,0,,
2025/7/23 14:00:00,792.89,0,,
2025/7/23 14:15:00,789.25,0,,
2025/7/23 14:30:00,791.4,0,,
2025/7/23 14:45:00,781.47,0,,
2025/7/23 15:00:00,772.53,0,,
2025/7/23 15:15:00,761.94,0,,
2025/7/23 15:30:00,753.16,0,,
2025/7/23 15:45:00,745.22,0,,
2025/7/23 16:00:00,746.54,0,,
2025/7/23 16:15:00,768.72,0,,
2025/7/23 16:30:00,800.01,0,,
2025/7/23 16:45:00,778.82,0,,
2025/7/23 17:00:00,746.71,0,,
2025/7/23 17:15:00,745.55,0,,
2025/7/23 17:30:00,747.7,0,,
2025/7/23 17:45:00,749.36,0,,
2025/7/23 18:00:00,747.21,0,,
2025/7/23 18:15:00,747.87,0,,
2025/7/23 18:30:00,744.39,0,,
2025/7/23 18:45:00,748.7,0,,
2025/7/23 19:00:00,747.04,0,,
2025/7/23 19:15:00,745.55,0,,
2025/7/23 19:30:00,746.71,0,,
2025/7/23 19:45:00,748.03,0,,
2025/7/23 20:00:00,743.07,0,,
2025/7/23 20:15:00,746.05,0,,
2025/7/23 20:30:00,735.12,0,,
2025/7/23 20:45:00,728.5,0,,
2025/7/23 21:00:00,716.25,0,,
2025/7/23 21:15:00,776.34,0,,
2025/7/23 21:30:00,0,0,,
2025/7/23 21:45:00,0,0,,
2025/7/23 22:00:00,0,0,,
2025/7/23 22:15:00,0,0,,
2025/7/23 22:30:00,0,0,,
2025/7/23 22:45:00,0,0,,
2025/7/23 23:00:00,0,0,,
2025/7/23 23:15:00,0,0,,
2025/7/23 23:30:00,0,0,,
2025/7/23 23:45:00,0,0,,
2025/7/24 0:00:00,0,0,,
2025/7/24 0:15:00,0,0,,
2025/7/24 0:30:00,0,0,,
2025/7/24 0:45:00,0,0,,
2025/7/24 1:00:00,0,0,,
2025/7/24 1:15:00,0,0,,
2025/7/24 1:30:00,0,0,,
2025/7/24 1:45:00,0,0,,
2025/7/24 2:00:00,0,0,,
2025/7/24 2:15:00,0,0,,
2025/7/24 2:30:00,0,0,,
2025/7/24 2:45:00,0,0,,
2025/7/24 3:00:00,0,0,,
2025/7/24 3:15:00,0,0,,
2025/7/24 3:30:00,0,0,,
2025/7/24 3:45:00,0,0,,
2025/7/24 4:00:00,0,0,,
2025/7/24 4:15:00,0,0,,
2025/7/24 4:30:00,0,0,,
2025/7/24 4:45:00,0,0,,
2025/7/24 5:00:00,0,0,,
2025/7/24 5:15:00,0,0,,
2025/7/24 5:30:00,0,0,,
2025/7/24 5:45:00,0,0,,
2025/7/24 6:00:00,0,0,,
2025/7/24 6:15:00,0,0,,
2025/7/24 6:30:00,0,0,,
2025/7/24 6:45:00,0,0,,
2025/7/24 7:00:00,0,0,,
2025/7/24 7:15:00,0,0,,
2025/7/24 7:30:00,0,0,,
2025/7/24 7:45:00,0,0,,
2025/7/24 8:00:00,0,0,,
2025/7/24 8:15:00,0,0,,
2025/7/24 8:30:00,0,0,,
2025/7/24 8:45:00,0,0,,
2025/7/24 9:00:00,0,0,,
2025/7/24 9:15:00,0,0,,
2025/7/24 9:30:00,0,0,,
2025/7/24 9:45:00,844.54,0,,
2025/7/24 10:00:00,841.06,0,,
2025/7/24 10:15:00,839.57,0,,
2025/7/24 10:30:00,844.21,0,,
2025/7/24 10:45:00,842.39,0,,
2025/7/24 11:00:00,828.98,0,,
2025/7/24 11:15:00,822.52,0,,
2025/7/24 11:30:00,831.13,0,,
2025/7/24 11:45:00,830.3,0,,
2025/7/24 12:00:00,827.82,0,,
2025/7/24 12:15:00,829.14,0,,
2025/7/24 12:30:00,824.34,0,,
2025/7/24 12:45:00,814.08,0,,
2025/7/24 13:00:00,803.82,0,,
2025/7/24 13:15:00,805.64,0,,
2025/7/24 13:30:00,798.02,0,,
2025/7/24 13:45:00,798.52,0,,
2025/7/24 14:00:00,794.55,0,,
2025/7/24 14:15:00,788.75,0,,
2025/7/24 14:30:00,772.86,0,,
2025/7/24 14:45:00,768.23,0,,
2025/7/24 15:00:00,758.3,0,,
2025/7/24 15:15:00,753.83,0,,
2025/7/24 15:30:00,751.18,0,,
2025/7/24 15:45:00,753.33,0,,
2025/7/24 16:00:00,753.33,0,,
2025/7/24 16:15:00,753.66,0,,
2025/7/24 16:30:00,745.55,0,,
2025/7/24 16:45:00,746.87,0,,
2025/7/24 17:00:00,746.87,0,,
2025/7/24 17:15:00,746.21,0,,
2025/7/24 17:30:00,749.19,0,,
2025/7/24 17:45:00,745.05,0,,
2025/7/24 18:00:00,755.98,0,,
2025/7/24 18:15:00,755.98,0,,
2025/7/24 18:30:00,753.33,0,,
2025/7/24 18:45:00,754.65,0,,
2025/7/24 19:00:00,752.01,0,,
2025/7/24 19:15:00,756.31,0,,
2025/7/24 19:30:00,758.13,0,,
2025/7/24 19:45:00,765.74,0,,
2025/7/24 20:00:00,767.9,0,,
2025/7/24 20:15:00,762.93,0,,
2025/7/24 20:30:00,767.73,0,,
2025/7/24 20:45:00,766.24,0,,
2025/7/24 21:00:00,759.62,0,,
2025/7/24 21:15:00,0,0,,
2025/7/24 21:30:00,0,0,,
2025/7/24 21:45:00,0,0,,
2025/7/24 22:00:00,0,0,,
2025/7/24 22:15:00,0,0,,
2025/7/24 22:30:00,0,0,,
2025/7/24 22:45:00,0,0,,
2025/7/24 23:00:00,0,0,,
2025/7/24 23:15:00,0,0,,
2025/7/24 23:30:00,0,0,,
2025/7/24 23:45:00,0,0,,
2025/7/25 0:00:00,0,0,,
2025/7/25 0:15:00,0,0,,
2025/7/25 0:30:00,0,0,,
2025/7/25 0:45:00,0,0,,
2025/7/25 1:00:00,0,0,,
2025/7/25 1:15:00,0,0,,
2025/7/25 1:30:00,0,0,,
2025/7/25 1:45:00,0,0,,
2025/7/25 2:00:00,0,0,,
2025/7/25 2:15:00,0,0,,
2025/7/25 2:30:00,0,0,,
2025/7/25 2:45:00,0,0,,
2025/7/25 3:00:00,0,0,,
2025/7/25 3:15:00,0,0,,
2025/7/25 3:30:00,0,0,,
2025/7/25 3:45:00,0,0,,
2025/7/25 4:00:00,0,0,,
2025/7/25 4:15:00,0,0,,
2025/7/25 4:30:00,0,0,,
2025/7/25 4:45:00,0,0,,
2025/7/25 5:00:00,0,0,,
2025/7/25 5:15:00,0,0,,
2025/7/25 5:30:00,0,0,,
2025/7/25 5:45:00,0,0,,
2025/7/25 6:00:00,0,0,,
2025/7/25 6:15:00,0,0,,
2025/7/25 6:30:00,0,0,,
2025/7/25 6:45:00,0,0,,
2025/7/25 7:00:00,0,0,,
2025/7/25 7:15:00,0,0,,
2025/7/25 7:30:00,0,0,,
2025/7/25 7:45:00,0,0,,
2025/7/25 8:00:00,0,0,,
2025/7/25 8:15:00,0,0,,
2025/7/25 8:30:00,0,0,,
2025/7/25 8:45:00,0,0,,
2025/7/25 9:00:00,0,0,,
2025/7/25 9:15:00,0,0,,
2025/7/25 9:30:00,0,0,,
2025/7/25 9:45:00,844.87,0,,
2025/7/25 10:00:00,846.03,0,,
2025/7/25 10:15:00,844.54,0,,
2025/7/25 10:30:00,843.71,0,,
2025/7/25 10:45:00,836.43,0,,
2025/7/25 11:00:00,826.16,0,,
2025/7/25 11:15:00,819.05,0,,
2025/7/25 11:30:00,793.39,0,,
2025/7/25 11:45:00,820.2,0,,
2025/7/25 12:00:00,831.79,0,,
2025/7/25 12:15:00,831.29,0,,
2025/7/25 12:30:00,828.65,0,,
2025/7/25 12:45:00,830.63,0,,
2025/7/25 13:00:00,827.65,0,,
2025/7/25 13:15:00,826.16,0,,
2025/7/25 13:30:00,827.32,0,,
2025/7/25 13:45:00,824.18,0,,
2025/7/25 14:00:00,822.36,0,,
2025/7/25 14:15:00,808.95,0,,
2025/7/25 14:30:00,804.64,0,,
2025/7/25 14:45:00,785.77,0,,
2025/7/25 15:00:00,777.66,0,,
2025/7/25 15:15:00,782.46,0,,
2025/7/25 15:30:00,766.08,0,,
2025/7/25 15:45:00,764.09,0,,
2025/7/25 16:00:00,766.74,0,,
2025/7/25 16:15:00,764.92,0,,
2025/7/25 16:30:00,764.25,0,,
2025/7/25 16:45:00,767.57,0,,
2025/7/25 17:00:00,764.25,0,,
2025/7/25 17:15:00,770.88,0,,
2025/7/25 17:30:00,770.05,0,,
2025/7/25 17:45:00,769.55,0,,
2025/7/25 18:00:00,775.01,0,,
2025/7/25 18:15:00,769.22,0,,
2025/7/25 18:30:00,772.7,0,,
2025/7/25 18:45:00,774.85,0,,
2025/7/25 19:00:00,774.02,0,,
2025/7/25 19:15:00,770.21,0,,
2025/7/25 19:30:00,771.7,0,,
2025/7/25 19:45:00,773.19,0,,
2025/7/25 20:00:00,775.51,0,,
2025/7/25 20:15:00,775.18,0,,
2025/7/25 20:30:00,778.16,0,,
2025/7/25 20:45:00,783.62,0,,
2025/7/25 21:00:00,761.94,0,,
2025/7/25 21:15:00,722.54,0,,
2025/7/25 21:30:00,689.93,0,,
2025/7/25 21:45:00,651.36,0,,
2025/7/25 22:00:00,721.55,0,,
2025/7/25 22:15:00,640.27,0,,
2025/7/25 22:30:00,447.93,0,,
2025/7/25 22:45:00,0,0,,
2025/7/25 23:00:00,0,0,,
2025/7/25 23:15:00,0,0,,
2025/7/25 23:30:00,0,0,,
2025/7/25 23:45:00,0,0,,
2025/7/26 0:00:00,0,0,,
2025/7/26 0:15:00,0,0,,
2025/7/26 0:30:00,0,0,,
2025/7/26 0:45:00,0,0,,
2025/7/26 1:00:00,0,0,,
2025/7/26 1:15:00,0,0,,
2025/7/26 1:30:00,0,0,,
2025/7/26 1:45:00,0,0,,
2025/7/26 2:00:00,0,0,,
2025/7/26 2:15:00,0,0,,
2025/7/26 2:30:00,0,0,,
2025/7/26 2:45:00,0,0,,
2025/7/26 3:00:00,0,0,,
2025/7/26 3:15:00,0,0,,
2025/7/26 3:30:00,0,0,,
2025/7/26 3:45:00,0,0,,
2025/7/26 4:00:00,0,0,,
2025/7/26 4:15:00,0,0,,
2025/7/26 4:30:00,0,0,,
2025/7/26 4:45:00,0,0,,
2025/7/26 5:00:00,0,0,,
2025/7/26 5:15:00,0,0,,
2025/7/26 5:30:00,0,0,,
2025/7/26 5:45:00,0,0,,
2025/7/26 6:00:00,0,0,,
2025/7/26 6:15:00,0,0,,
2025/7/26 6:30:00,0,0,,
2025/7/26 6:45:00,0,0,,
2025/7/26 7:00:00,0,0,,
2025/7/26 7:15:00,0,0,,
2025/7/26 7:30:00,0,0,,
2025/7/26 7:45:00,0,0,,
2025/7/26 8:00:00,0,0,,
2025/7/26 8:15:00,0,0,,
2025/7/26 8:30:00,0,0,,
2025/7/26 8:45:00,0,0,,
2025/7/26 9:00:00,0,0,,
2025/7/26 9:15:00,0,0,,
2025/7/26 9:30:00,664.44,0,,
2025/7/26 9:45:00,777.33,0,,
2025/7/26 10:00:00,752.17,0,,
2025/7/26 10:15:00,841.89,0,,
2025/7/26 10:30:00,839.41,0,,
2025/7/26 10:45:00,824.67,0,,
2025/7/26 11:00:00,823.35,0,,
2025/7/26 11:15:00,793.39,0,,
2025/7/26 11:30:00,778.16,0,,
2025/7/26 11:45:00,778.49,0,,
2025/7/26 12:00:00,781.47,0,,
2025/7/26 12:15:00,780.15,0,,
2025/7/26 12:30:00,779.65,0,,
2025/7/26 12:45:00,777.33,0,,
2025/7/26 13:00:00,776.34,0,,
2025/7/26 13:15:00,772.86,0,,
2025/7/26 13:30:00,776.17,0,,
2025/7/26 13:45:00,776.17,0,,
2025/7/26 14:00:00,773.03,0,,
2025/7/26 14:15:00,778.16,0,,
2025/7/26 14:30:00,773.86,0,,
2025/7/26 14:45:00,776.34,0,,
2025/7/26 15:00:00,772.7,0,,
2025/7/26 15:15:00,767.73,0,,
2025/7/26 15:30:00,763.43,0,,
2025/7/26 15:45:00,754.82,0,,
2025/7/26 16:00:00,740.42,0,,
2025/7/26 16:15:00,740.42,0,,
2025/7/26 16:30:00,734.79,0,,
2025/7/26 16:45:00,735.29,0,,
2025/7/26 17:00:00,741.58,0,,
2025/7/26 17:15:00,741.91,0,,
2025/7/26 17:30:00,741.91,0,,
2025/7/26 17:45:00,747.21,0,,
2025/7/26 18:00:00,752.83,0,,
2025/7/26 18:15:00,753.5,0,,
2025/7/26 18:30:00,758.79,0,,
2025/7/26 18:45:00,761.44,0,,
2025/7/26 19:00:00,766.9,0,,
2025/7/26 19:15:00,769.55,0,,
2025/7/26 19:30:00,777.5,0,,
2025/7/26 19:45:00,779.65,0,,
2025/7/26 20:00:00,787.26,0,,
2025/7/26 20:15:00,784.45,0,,
2025/7/26 20:30:00,785.28,0,,
2025/7/26 20:45:00,781.47,0,,
2025/7/26 21:00:00,781.3,0,,
2025/7/26 21:15:00,0,0,,
2025/7/26 21:30:00,0,0,,
2025/7/26 21:45:00,0,0,,
2025/7/26 22:00:00,0,0,,
2025/7/26 22:15:00,0,0,,
2025/7/26 22:30:00,0,0,,
2025/7/26 22:45:00,0,0,,
2025/7/26 23:00:00,0,0,,
2025/7/26 23:15:00,0,0,,
2025/7/26 23:30:00,0,0,,
2025/7/26 23:45:00,0,0,,
2025/7/27 0:00:00,0,0,,
2025/7/27 0:15:00,0,0,,
2025/7/27 0:30:00,0,0,,
2025/7/27 0:45:00,0,0,,
2025/7/27 1:00:00,0,0,,
2025/7/27 1:15:00,0,0,,
2025/7/27 1:30:00,0,0,,
2025/7/27 1:45:00,0,0,,
2025/7/27 2:00:00,0,0,,
2025/7/27 2:15:00,0,0,,
2025/7/27 2:30:00,0,0,,
2025/7/27 2:45:00,0,0,,
2025/7/27 3:00:00,0,0,,
2025/7/27 3:15:00,0,0,,
2025/7/27 3:30:00,0,0,,
2025/7/27 3:45:00,0,0,,
2025/7/27 4:00:00,0,0,,
2025/7/27 4:15:00,0,0,,
2025/7/27 4:30:00,0,0,,
2025/7/27 4:45:00,0,0,,
2025/7/27 5:00:00,0,0,,
2025/7/27 5:15:00,0,0,,
2025/7/27 5:30:00,0,0,,
2025/7/27 5:45:00,0,0,,
2025/7/27 6:00:00,0,0,,
2025/7/27 6:15:00,0,0,,
2025/7/27 6:30:00,0,0,,
2025/7/27 6:45:00,0,0,,
2025/7/27 7:00:00,0,0,,
2025/7/27 7:15:00,0,0,,
2025/7/27 7:30:00,0,0,,
2025/7/27 7:45:00,0,0,,
2025/7/27 8:00:00,0,0,,
2025/7/27 8:15:00,0,0,,
2025/7/27 8:30:00,0,0,,
2025/7/27 8:45:00,0,0,,
2025/7/27 9:00:00,0,0,,
2025/7/27 9:15:00,855.46,0,,
2025/7/27 9:30:00,840.56,0,,
2025/7/27 9:45:00,849.17,0,,
2025/7/27 10:00:00,846.03,0,,
2025/7/27 10:15:00,840.4,0,,
2025/7/27 10:30:00,848.34,0,,
2025/7/27 10:45:00,839.24,0,,
2025/7/27 11:00:00,850.5,0,,
2025/7/27 11:15:00,841.23,0,,
2025/7/27 11:30:00,835.6,0,,
2025/7/27 11:45:00,831.29,0,,
2025/7/27 12:00:00,828.48,0,,
2025/7/27 12:15:00,820.2,0,,
2025/7/27 12:30:00,806.13,0,,
2025/7/27 12:45:00,804.15,0,,
2025/7/27 13:00:00,791.57,0,,
2025/7/27 13:15:00,789.58,0,,
2025/7/27 13:30:00,783.29,0,,
2025/7/27 13:45:00,782.46,0,,
2025/7/27 14:00:00,781.64,0,,
2025/7/27 14:15:00,783.29,0,,
2025/7/27 14:30:00,783.62,0,,
2025/7/27 14:45:00,786.77,0,,
2025/7/27 15:00:00,785.28,0,,
2025/7/27 15:15:00,780.48,0,,
2025/7/27 15:30:00,780.64,0,,
2025/7/27 15:45:00,779.48,0,,
2025/7/27 16:00:00,777.17,0,,
2025/7/27 16:15:00,836.1,0,,
2025/7/27 16:30:00,832.78,0,,
2025/7/27 16:45:00,835.1,0,,
2025/7/27 17:00:00,834.77,0,,
2025/7/27 17:15:00,835.27,0,,
2025/7/27 17:30:00,838.74,0,,
2025/7/27 17:45:00,836.43,0,,
2025/7/27 18:00:00,844.04,0,,
2025/7/27 18:15:00,842.88,0,,
2025/7/27 18:30:00,844.7,0,,
2025/7/27 18:45:00,841.89,0,,
2025/7/27 19:00:00,843.05,0,,
2025/7/27 19:15:00,841.89,0,,
2025/7/27 19:30:00,841.72,0,,
2025/7/27 19:45:00,838.58,0,,
2025/7/27 20:00:00,837.42,0,,
2025/7/27 20:15:00,839.24,0,,
2025/7/27 20:30:00,834.77,0,,
2025/7/27 20:45:00,782.79,0,,
2025/7/27 21:00:00,753,0,,
2025/7/27 21:15:00,0,0,,
2025/7/27 21:30:00,0,0,,
2025/7/27 21:45:00,0,0,,
2025/7/27 22:00:00,0,0,,
2025/7/27 22:15:00,0,0,,
2025/7/27 22:30:00,0,0,,
2025/7/27 22:45:00,0,0,,
2025/7/27 23:00:00,0,0,,
2025/7/27 23:15:00,0,0,,
2025/7/27 23:30:00,0,0,,
2025/7/27 23:45:00,0,0,,
2025/7/28 0:00:00,0,0,,
2025/7/28 0:15:00,0,0,,
2025/7/28 0:30:00,0,0,,
2025/7/28 0:45:00,0,0,,
2025/7/28 1:00:00,0,0,,
2025/7/28 1:15:00,0,0,,
2025/7/28 1:30:00,0,0,,
2025/7/28 1:45:00,0,0,,
2025/7/28 2:00:00,0,0,,
2025/7/28 2:15:00,0,0,,
2025/7/28 2:30:00,0,0,,
2025/7/28 2:45:00,0,0,,
2025/7/28 3:00:00,0,0,,
2025/7/28 3:15:00,0,0,,
2025/7/28 3:30:00,0,0,,
2025/7/28 3:45:00,0,0,,
2025/7/28 4:00:00,0,0,,
2025/7/28 4:15:00,0,0,,
2025/7/28 4:30:00,0,0,,
2025/7/28 4:45:00,0,0,,
2025/7/28 5:00:00,0,0,,
2025/7/28 5:15:00,0,0,,
2025/7/28 5:30:00,0,0,,
2025/7/28 5:45:00,0,0,,
2025/7/28 6:00:00,0,0,,
2025/7/28 6:15:00,0,0,,
2025/7/28 6:30:00,0,0,,
2025/7/28 6:45:00,0,0,,
2025/7/28 7:00:00,0,0,,
2025/7/28 7:15:00,0,0,,
2025/7/28 7:30:00,0,0,,
2025/7/28 7:45:00,0,0,,
2025/7/28 8:00:00,0,0,,
2025/7/28 8:15:00,0,0,,
2025/7/28 8:30:00,0,0,,
2025/7/28 8:45:00,0,0,,
2025/7/28 9:00:00,0,0,,
2025/7/28 9:15:00,0,0,,
2025/7/28 9:30:00,657.98,0,,
2025/7/28 9:45:00,836.26,0,,
2025/7/28 10:00:00,849.83,0,,
2025/7/28 10:15:00,854.14,0,,
2025/7/28 10:30:00,856.29,0,,
2025/7/28 10:45:00,848.01,0,,
2025/7/28 11:00:00,842.22,0,,
2025/7/28 11:15:00,834.27,0,,
2025/7/28 11:30:00,829.14,0,,
2025/7/28 11:45:00,822.19,0,,
2025/7/28 12:00:00,760.45,0,,
2025/7/28 12:15:00,808.29,0,,
2025/7/28 12:30:00,801,0,,
2025/7/28 12:45:00,807.96,0,,
2025/7/28 13:00:00,804.81,0,,
2025/7/28 13:15:00,802.82,0,,
2025/7/28 13:30:00,794.05,0,,
2025/7/28 13:45:00,781.64,0,,
2025/7/28 14:00:00,775.51,0,,
2025/7/28 14:15:00,774.35,0,,
2025/7/28 14:30:00,770.55,0,,
2025/7/28 14:45:00,762.6,0,,
2025/7/28 15:00:00,753.99,0,,
2025/7/28 15:15:00,755.32,0,,
2025/7/28 15:30:00,755.32,0,,
2025/7/28 15:45:00,759.62,0,,
2025/7/28 16:00:00,757.8,0,,
2025/7/28 16:15:00,751.67,0,,
2025/7/28 16:30:00,749.85,0,,
2025/7/28 16:45:00,755.81,0,,
2025/7/28 17:00:00,754.65,0,,
2025/7/28 17:15:00,752.34,0,,
2025/7/28 17:30:00,757.47,0,,
2025/7/28 17:45:00,756.47,0,,
2025/7/28 18:00:00,763.92,0,,
2025/7/28 18:15:00,768.06,0,,
2025/7/28 18:30:00,767.9,0,,
2025/7/28 18:45:00,765.74,0,,
2025/7/28 19:00:00,768.89,0,,
2025/7/28 19:15:00,769.22,0,,
2025/7/28 19:30:00,770.88,0,,
2025/7/28 19:45:00,785.28,0,,
2025/7/28 20:00:00,793.55,0,,
2025/7/28 20:15:00,792.23,0,,
2025/7/28 20:30:00,790.24,0,,
2025/7/28 20:45:00,786.6,0,,
2025/7/28 21:00:00,787.26,0,,
2025/7/28 21:15:00,0,0,,
2025/7/28 21:30:00,0,0,,
2025/7/28 21:45:00,0,0,,
2025/7/28 22:00:00,0,0,,
2025/7/28 22:15:00,0,0,,
2025/7/28 22:30:00,0,0,,
2025/7/28 22:45:00,0,0,,
2025/7/28 23:00:00,0,0,,
2025/7/28 23:15:00,0,0,,
2025/7/28 23:30:00,0,0,,
2025/7/28 23:45:00,0,0,,
2025/7/29 0:00:00,0,0,,
2025/7/29 0:15:00,0,0,,
2025/7/29 0:30:00,0,0,,
2025/7/29 0:45:00,0,0,,
2025/7/29 1:00:00,0,0,,
2025/7/29 1:15:00,0,0,,
2025/7/29 1:30:00,0,0,,
2025/7/29 1:45:00,0,0,,
2025/7/29 2:00:00,0,0,,
2025/7/29 2:15:00,0,0,,
2025/7/29 2:30:00,0,0,,
2025/7/29 2:45:00,0,0,,
2025/7/29 3:00:00,0,0,,
2025/7/29 3:15:00,0,0,,
2025/7/29 3:30:00,0,0,,
2025/7/29 3:45:00,0,0,,
2025/7/29 4:00:00,0,0,,
2025/7/29 4:15:00,0,0,,
2025/7/29 4:30:00,0,0,,
2025/7/29 4:45:00,0,0,,
2025/7/29 5:00:00,0,0,,
2025/7/29 5:15:00,0,0,,
2025/7/29 5:30:00,0,0,,
2025/7/29 5:45:00,0,0,,
2025/7/29 6:00:00,0,0,,
2025/7/29 6:15:00,0,0,,
2025/7/29 6:30:00,0,0,,
2025/7/29 6:45:00,0,0,,
2025/7/29 7:00:00,0,0,,
2025/7/29 7:15:00,0,0,,
2025/7/29 7:30:00,0,0,,
2025/7/29 7:45:00,0,0,,
2025/7/29 8:00:00,0,0,,
2025/7/29 8:15:00,0,0,,
2025/7/29 8:30:00,0,0,,
2025/7/29 8:45:00,0,0,,
2025/7/29 9:00:00,0,0,,
2025/7/29 9:15:00,817.39,0,,
2025/7/29 9:30:00,843.05,0,,
2025/7/29 9:45:00,840.07,0,,
2025/7/29 10:00:00,848.01,0,,
2025/7/29 10:15:00,839.57,0,,
2025/7/29 10:30:00,843.54,0,,
2025/7/29 10:45:00,777.83,0,,
2025/7/29 11:00:00,855.79,0,,
2025/7/29 11:15:00,857.28,0,,
2025/7/29 11:30:00,857.12,0,,
2025/7/29 11:45:00,848.34,0,,
2025/7/29 12:00:00,843.38,0,,
2025/7/29 12:15:00,830.3,0,,
2025/7/29 12:30:00,830.3,0,,
2025/7/29 12:45:00,818.22,0,,
2025/7/29 13:00:00,795.71,0,,
2025/7/29 13:15:00,797.36,0,,
2025/7/29 13:30:00,784.45,0,,
2025/7/29 13:45:00,773.69,0,,
2025/7/29 14:00:00,765.58,0,,
2025/7/29 14:15:00,766.08,0,,
2025/7/29 14:30:00,764.25,0,,
2025/7/29 14:45:00,755.81,0,,
2025/7/29 15:00:00,754.16,0,,
2025/7/29 15:15:00,751.67,0,,
2025/7/29 15:30:00,744.56,0,,
2025/7/29 15:45:00,746.71,0,,
2025/7/29 16:00:00,740.92,0,,
2025/7/29 16:15:00,738.27,0,,
2025/7/29 16:30:00,739.26,0,,
2025/7/29 16:45:00,739.43,0,,
2025/7/29 17:00:00,742.24,0,,
2025/7/29 17:15:00,740.92,0,,
2025/7/29 17:30:00,740.58,0,,
2025/7/29 17:45:00,742.07,0,,
2025/7/29 18:00:00,772.7,0,,
2025/7/29 18:15:00,770.71,0,,
2025/7/29 18:30:00,767.57,0,,
2025/7/29 18:45:00,770.38,0,,
2025/7/29 19:00:00,768.56,0,,
2025/7/29 19:15:00,764.92,0,,
2025/7/29 19:30:00,763.26,0,,
2025/7/29 19:45:00,766.9,0,,
2025/7/29 20:00:00,768.06,0,,
2025/7/29 20:15:00,764.75,0,,
2025/7/29 20:30:00,764.59,0,,
2025/7/29 20:45:00,753.33,0,,
2025/7/29 21:00:00,731.31,0,,
2025/7/29 21:15:00,806.8,0,,
2025/7/29 21:30:00,856.79,0,,
2025/7/29 21:45:00,0,0,,
2025/7/29 22:00:00,0,0,,
2025/7/29 22:15:00,0,0,,
2025/7/29 22:30:00,0,0,,
2025/7/29 22:45:00,0,0,,
2025/7/29 23:00:00,0,0,,
2025/7/29 23:15:00,0,0,,
2025/7/29 23:30:00,0,0,,
2025/7/29 23:45:00,0,0,,
2025/7/30 0:00:00,0,0,,
2025/7/30 0:15:00,0,0,,
2025/7/30 0:30:00,0,0,,
2025/7/30 0:45:00,0,0,,
2025/7/30 1:00:00,0,0,,
2025/7/30 1:15:00,0,0,,
2025/7/30 1:30:00,0,0,,
2025/7/30 1:45:00,0,0,,
2025/7/30 2:00:00,0,0,,
2025/7/30 2:15:00,0,0,,
2025/7/30 2:30:00,0,0,,
2025/7/30 2:45:00,0,0,,
2025/7/30 3:00:00,0,0,,
2025/7/30 3:15:00,0,0,,
2025/7/30 3:30:00,0,0,,
2025/7/30 3:45:00,0,0,,
2025/7/30 4:00:00,0,0,,
2025/7/30 4:15:00,0,0,,
2025/7/30 4:30:00,0,0,,
2025/7/30 4:45:00,0,0,,
2025/7/30 5:00:00,0,0,,
2025/7/30 5:15:00,0,0,,
2025/7/30 5:30:00,0,0,,
2025/7/30 5:45:00,0,0,,
2025/7/30 6:00:00,0,0,,
2025/7/30 6:15:00,0,0,,
2025/7/30 6:30:00,0,0,,
2025/7/30 6:45:00,0,0,,
2025/7/30 7:00:00,0,0,,
2025/7/30 7:15:00,0,0,,
2025/7/30 7:30:00,0,0,,
2025/7/30 7:45:00,0,0,,
2025/7/30 8:00:00,0,0,,
2025/7/30 8:15:00,0,0,,
2025/7/30 8:30:00,0,0,,
2025/7/30 8:45:00,0,0,,
2025/7/30 9:00:00,0,0,,
2025/7/30 9:15:00,794.55,0,,
2025/7/30 9:30:00,840.4,0,,
2025/7/30 9:45:00,840.73,0,,
2025/7/30 10:00:00,847.85,0,,
2025/7/30 10:15:00,849.5,0,,
2025/7/30 10:30:00,846.19,0,,
2025/7/30 10:45:00,842.55,0,,
2025/7/30 11:00:00,840.4,0,,
2025/7/30 11:15:00,832.95,0,,
2025/7/30 11:30:00,828.15,0,,
2025/7/30 11:45:00,819.54,0,,
2025/7/30 12:00:00,801.83,0,,
2025/7/30 12:15:00,783.62,0,,
2025/7/30 12:30:00,766.24,0,,
2025/7/30 12:45:00,765.25,0,,
2025/7/30 13:00:00,769.22,0,,
2025/7/30 13:15:00,767.07,0,,
2025/7/30 13:30:00,765.25,0,,
2025/7/30 13:45:00,769.06,0,,
2025/7/30 14:00:00,765.08,0,,
2025/7/30 14:15:00,766.24,0,,
2025/7/30 14:30:00,765.74,0,,
2025/7/30 14:45:00,761.11,0,,
2025/7/30 15:00:00,759.79,0,,
2025/7/30 15:15:00,756.64,0,,
2025/7/30 15:30:00,750.68,0,,
2025/7/30 15:45:00,745.55,0,,
2025/7/30 16:00:00,738.6,0,,
2025/7/30 16:15:00,738.1,0,,
2025/7/30 16:30:00,738.27,0,,
2025/7/30 16:45:00,741.58,0,,
2025/7/30 17:00:00,744.39,0,,
2025/7/30 17:15:00,740.58,0,,
2025/7/30 17:30:00,745.88,0,,
2025/7/30 17:45:00,745.05,0,,
2025/7/30 18:00:00,748.2,0,,
2025/7/30 18:15:00,745.22,0,,
2025/7/30 18:30:00,742.57,0,,
2025/7/30 18:45:00,744.72,0,,
2025/7/30 19:00:00,745.72,0,,
2025/7/30 19:15:00,753.66,0,,
2025/7/30 19:30:00,759.29,0,,
2025/7/30 19:45:00,757.3,0,,
2025/7/30 20:00:00,758.46,0,,
2025/7/30 20:15:00,754.49,0,,
2025/7/30 20:30:00,756.97,0,,
2025/7/30 20:45:00,733.96,0,,
2025/7/30 21:00:00,720.72,0,,
2025/7/30 21:15:00,702.35,0,,
2025/7/30 21:30:00,652.03,0,,
2025/7/30 21:45:00,595.58,0,,
2025/7/30 22:00:00,678.68,0,,
2025/7/30 22:15:00,0,0,,
2025/7/30 22:30:00,0,0,,
2025/7/30 22:45:00,0,0,,
2025/7/30 23:00:00,0,0,,
2025/7/30 23:15:00,0,0,,
2025/7/30 23:30:00,0,0,,
2025/7/30 23:45:00,0,0,,
2025/7/31 0:00:00,0,0,,
2025/7/31 0:15:00,0,0,,
2025/7/31 0:30:00,0,0,,
2025/7/31 0:45:00,0,0,,
2025/7/31 1:00:00,0,0,,
2025/7/31 1:15:00,0,0,,
2025/7/31 1:30:00,0,0,,
2025/7/31 1:45:00,0,0,,
2025/7/31 2:00:00,0,0,,
2025/7/31 2:15:00,0,0,,
2025/7/31 2:30:00,0,0,,
2025/7/31 2:45:00,0,0,,
2025/7/31 3:00:00,0,0,,
2025/7/31 3:15:00,0,0,,
2025/7/31 3:30:00,0,0,,
2025/7/31 3:45:00,0,0,,
2025/7/31 4:00:00,0,0,,
2025/7/31 4:15:00,0,0,,
2025/7/31 4:30:00,0,0,,
2025/7/31 4:45:00,0,0,,
2025/7/31 5:00:00,0,0,,
2025/7/31 5:15:00,0,0,,
2025/7/31 5:30:00,0,0,,
2025/7/31 5:45:00,0,0,,
2025/7/31 6:00:00,0,0,,
2025/7/31 6:15:00,0,0,,
2025/7/31 6:30:00,0,0,,
2025/7/31 6:45:00,0,0,,
2025/7/31 7:00:00,0,0,,
2025/7/31 7:15:00,0,0,,
2025/7/31 7:30:00,0,0,,
2025/7/31 7:45:00,0,0,,
2025/7/31 8:00:00,0,0,,
2025/7/31 8:15:00,0,0,,
2025/7/31 8:30:00,0,0,,
2025/7/31 8:45:00,0,0,,
2025/7/31 9:00:00,0,0,,
2025/7/31 9:15:00,863.57,0,,
2025/7/31 9:30:00,835.76,0,,
2025/7/31 9:45:00,856.79,0,,
2025/7/31 10:00:00,857.78,0,,
2025/7/31 10:15:00,855.79,0,,
2025/7/31 10:30:00,847.52,0,,
2025/7/31 10:45:00,840.07,0,,
2025/7/31 11:00:00,838.74,0,,
2025/7/31 11:15:00,750.85,0,,
2025/7/31 11:30:00,823.02,0,,
2025/7/31 11:45:00,721.05,0,,
2025/7/31 12:00:00,775.68,0,,
2025/7/31 12:15:00,769.22,0,,
2025/7/31 12:30:00,748.03,0,,
2025/7/31 12:45:00,753.5,0,,
2025/7/31 13:00:00,731.31,0,,
2025/7/31 13:15:00,751.84,0,,
2025/7/31 13:30:00,742.57,0,,
2025/7/31 13:45:00,749.19,0,,
2025/7/31 14:00:00,707.31,0,,
2025/7/31 14:15:00,660.47,0,,
2025/7/31 14:30:00,662.95,0,,
2025/7/31 14:45:00,664.77,0,,
2025/7/31 15:00:00,661.13,0,,
2025/7/31 15:15:00,661.13,0,,
2025/7/31 15:30:00,670.56,0,,
2025/7/31 15:45:00,672.55,0,,
2025/7/31 16:00:00,670.07,0,,
2025/7/31 16:15:00,668.91,0,,
2025/7/31 16:30:00,683.81,0,,
2025/7/31 16:45:00,724.53,0,,
2025/7/31 17:00:00,729.16,0,,
2025/7/31 17:15:00,731.15,0,,
2025/7/31 17:30:00,727.34,0,,
2025/7/31 17:45:00,733.63,0,,
2025/7/31 18:00:00,738.43,0,,
2025/7/31 18:15:00,738.93,0,,
2025/7/31 18:30:00,737.11,0,,
2025/7/31 18:45:00,737.77,0,,
2025/7/31 19:00:00,739.26,0,,
2025/7/31 19:15:00,738.76,0,,
2025/7/31 19:30:00,738.93,0,,
2025/7/31 19:45:00,739.59,0,,
2025/7/31 20:00:00,739.92,0,,
2025/7/31 20:15:00,732.64,0,,
2025/7/31 20:30:00,732.64,0,,
2025/7/31 20:45:00,729.66,0,,
2025/7/31 21:00:00,730.49,0,,
2025/7/31 21:15:00,0,0,,
2025/7/31 21:30:00,0,0,,
2025/7/31 21:45:00,0,0,,
2025/7/31 22:00:00,0,0,,
2025/7/31 22:15:00,0,0,,
2025/7/31 22:30:00,0,0,,
2025/7/31 22:45:00,0,0,,
2025/7/31 23:00:00,0,0,,
2025/7/31 23:15:00,0,0,,
2025/7/31 23:30:00,2.15,0,,
2025/7/31 23:45:00,0,0,,
2025/8/1 0:00:00,0,0,,
2025/8/1 0:15:00,0,0,,
2025/8/1 0:30:00,0,0,,
2025/8/1 0:45:00,0,0,,
2025/8/1 1:00:00,0,0,,
2025/8/1 1:15:00,0,0,,
2025/8/1 1:30:00,0,0,,
2025/8/1 1:45:00,0,0,,
2025/8/1 2:00:00,0,0,,
2025/8/1 2:15:00,0,0,,
2025/8/1 2:30:00,0,0,,
2025/8/1 2:45:00,0,0,,
2025/8/1 3:00:00,0,0,,
2025/8/1 3:15:00,0,0,,
2025/8/1 3:30:00,0,0,,
2025/8/1 3:45:00,0,0,,
2025/8/1 4:00:00,0,0,,
2025/8/1 4:15:00,0,0,,
2025/8/1 4:30:00,0,0,,
2025/8/1 4:45:00,0,0,,
2025/8/1 5:00:00,0,0,,
2025/8/1 5:15:00,0,0,,
2025/8/1 5:30:00,0,0,,
2025/8/1 5:45:00,0,0,,
2025/8/1 6:00:00,0,0,,
2025/8/1 6:15:00,0,0,,
2025/8/1 6:30:00,0,0,,
2025/8/1 6:45:00,,0,,
2025/8/1 7:00:00,,0,,
2025/8/1 7:15:00,,0,,
2025/8/1 7:30:00,,0,,
2025/8/1 7:45:00,,0,,
2025/8/1 8:00:00,,0,,
2025/8/1 8:15:00,,0,,
2025/8/1 8:30:00,,0,,
2025/8/1 8:45:00,,0,,
2025/8/1 9:00:00,,0,,
2025/8/1 9:15:00,,0,,
2025/8/1 9:30:00,,0,,
2025/8/1 9:45:00,,0,,
2025/8/1 10:00:00,,0,,
2025/8/1 10:15:00,,0,,
2025/8/1 10:30:00,,0,,
2025/8/1 10:45:00,,0,,
2025/8/1 11:00:00,,0,,
2025/8/1 11:15:00,,0,,
2025/8/1 11:30:00,827.49,0,,
2025/8/1 11:45:00,823.02,0,,
2025/8/1 12:00:00,812.76,0,,
2025/8/1 12:15:00,790.08,0,,
2025/8/1 12:30:00,770.55,0,,
2025/8/1 12:45:00,768.56,0,,
2025/8/1 13:00:00,768.06,0,,
2025/8/1 13:15:00,771.04,0,,
2025/8/1 13:30:00,772.37,0,,
2025/8/1 13:45:00,768.72,0,,
2025/8/1 14:00:00,764.25,0,,
2025/8/1 14:15:00,772.37,0,,
2025/8/1 14:30:00,771.54,0,,
2025/8/1 14:45:00,765.58,0,,
2025/8/1 15:00:00,768.39,0,,
2025/8/1 15:15:00,752.01,0,,
2025/8/1 15:30:00,738.76,0,,
2025/8/1 15:45:00,737.11,0,,
2025/8/1 16:00:00,744.39,0,,
2025/8/1 16:15:00,741.58,0,,
2025/8/1 16:30:00,748.53,0,,
2025/8/1 16:45:00,750.85,0,,
2025/8/1 17:00:00,774.02,0,,
2025/8/1 17:15:00,771.54,0,,
2025/8/1 17:30:00,774.52,0,,
2025/8/1 17:45:00,767.4,0,,
2025/8/1 18:00:00,768.23,0,,
2025/8/1 18:15:00,765.08,0,,
2025/8/1 18:30:00,765.25,0,,
2025/8/1 18:45:00,759.95,0,,
2025/8/1 19:00:00,760.94,0,,
2025/8/1 19:15:00,759.79,0,,
2025/8/1 19:30:00,756.14,0,,
2025/8/1 19:45:00,748.36,0,,
2025/8/1 20:00:00,744.06,0,,
2025/8/1 20:15:00,735.62,0,,
2025/8/1 20:30:00,729.99,0,,
2025/8/1 20:45:00,718.4,0,,
2025/8/1 21:00:00,713.27,0,,
2025/8/1 21:15:00,830.14,0,,
2025/8/1 21:30:00,873.01,0,,
2025/8/1 21:45:00,0,0,,
2025/8/1 22:00:00,0,0,,
2025/8/1 22:15:00,0,0,,
2025/8/1 22:30:00,0,0,,
2025/8/1 22:45:00,0,0,,
2025/8/1 23:00:00,0,0,,
2025/8/1 23:15:00,0,0,,
2025/8/1 23:30:00,0,0,,
2025/8/1 23:45:00,0,0,,
2025/8/2 0:00:00,0,0,,
2025/8/2 0:15:00,0,0,,
2025/8/2 0:30:00,0,0,,
2025/8/2 0:45:00,0,0,,
2025/8/2 1:00:00,0,0,,
2025/8/2 1:15:00,0,0,,
2025/8/2 1:30:00,0,0,,
2025/8/2 1:45:00,0,0,,
2025/8/2 2:00:00,0,0,,
2025/8/2 2:15:00,0,0,,
2025/8/2 2:30:00,0,0,,
2025/8/2 2:45:00,0,0,,
2025/8/2 3:00:00,0,0,,
2025/8/2 3:15:00,0,0,,
2025/8/2 3:30:00,0,0,,
2025/8/2 3:45:00,0,0,,
2025/8/2 4:00:00,0,0,,
2025/8/2 4:15:00,0,0,,
2025/8/2 4:30:00,0,0,,
2025/8/2 4:45:00,0,0,,
2025/8/2 5:00:00,0,0,,
2025/8/2 5:15:00,0,0,,
2025/8/2 5:30:00,0,0,,
2025/8/2 5:45:00,0,0,,
2025/8/2 6:00:00,0,0,,
2025/8/2 6:15:00,0,0,,
2025/8/2 6:30:00,0,0,,
2025/8/2 6:45:00,0,0,,
2025/8/2 7:00:00,0,0,,
2025/8/2 7:15:00,0,0,,
2025/8/2 7:30:00,0,0,,
2025/8/2 7:45:00,0,0,,
2025/8/2 8:00:00,0,0,,
2025/8/2 8:15:00,0,0,,
2025/8/2 8:30:00,0,0,,
2025/8/2 8:45:00,0,0,,
2025/8/2 9:00:00,0,0,,
2025/8/2 9:15:00,0,0,,
2025/8/2 9:30:00,0,0,,
2025/8/2 9:45:00,0,0,,
2025/8/2 10:00:00,449.25,0,,
2025/8/2 10:15:00,840.73,0,,
2025/8/2 10:30:00,847.68,0,,
2025/8/2 10:45:00,840.07,0,,
2025/8/2 11:00:00,838.91,0,,
2025/8/2 11:15:00,840.9,0,,
2025/8/2 11:30:00,837.75,0,,
2025/8/2 11:45:00,839.57,0,,
2025/8/2 12:00:00,841.39,0,,
2025/8/2 12:15:00,844.21,0,,
2025/8/2 12:30:00,839.07,0,,
2025/8/2 12:45:00,841.39,0,,
2025/8/2 13:00:00,838.91,0,,
2025/8/2 13:15:00,836.59,0,,
2025/8/2 13:30:00,835.76,0,,
2025/8/2 13:45:00,835.93,0,,
2025/8/2 14:00:00,838.91,0,,
2025/8/2 14:15:00,833.28,0,,
2025/8/2 14:30:00,831.96,0,,
2025/8/2 14:45:00,831.63,0,,
2025/8/2 15:00:00,831.96,0,,
2025/8/2 15:15:00,828.65,0,,
2025/8/2 15:30:00,830.96,0,,
2025/8/2 15:45:00,824.34,0,,
2025/8/2 16:00:00,826.66,0,,
2025/8/2 16:15:00,828.98,0,,
2025/8/2 16:30:00,826.33,0,,
2025/8/2 16:45:00,826.99,0,,
2025/8/2 17:00:00,830.47,0,,
2025/8/2 17:15:00,827.49,0,,
2025/8/2 17:30:00,829.47,0,,
2025/8/2 17:45:00,825.34,0,,
2025/8/2 18:00:00,825.67,0,,
2025/8/2 18:15:00,827.98,0,,
2025/8/2 18:30:00,825.34,0,,
2025/8/2 18:45:00,772.37,0,,
2025/8/2 19:00:00,763.1,0,,
2025/8/2 19:15:00,761.28,0,,
2025/8/2 19:30:00,763.1,0,,
2025/8/2 19:45:00,760.45,0,,
2025/8/2 20:00:00,761.94,0,,
2025/8/2 20:15:00,674.54,0,,
2025/8/2 20:30:00,677.52,0,,
2025/8/2 20:45:00,679.5,0,,
2025/8/2 21:00:00,679.83,0,,
2025/8/2 21:15:00,844.04,0,,
2025/8/2 21:30:00,0,0,,
2025/8/2 21:45:00,0,0,,
2025/8/2 22:00:00,0,0,,
2025/8/2 22:15:00,0,0,,
2025/8/2 22:30:00,0,0,,
2025/8/2 22:45:00,0,0,,
2025/8/2 23:00:00,0,0,,
2025/8/2 23:15:00,0,0,,
2025/8/2 23:30:00,0,0,,
2025/8/2 23:45:00,0,0,,
2025/8/3 0:00:00,0,0,,
2025/8/3 0:15:00,0,0,,
2025/8/3 0:30:00,0,0,,
2025/8/3 0:45:00,0,0,,
2025/8/3 1:00:00,0,0,,
2025/8/3 1:15:00,0,0,,
2025/8/3 1:30:00,0,0,,
2025/8/3 1:45:00,0,0,,
2025/8/3 2:00:00,0,0,,
2025/8/3 2:15:00,0,0,,
2025/8/3 2:30:00,0,0,,
2025/8/3 2:45:00,0,0,,
2025/8/3 3:00:00,0,0,,
2025/8/3 3:15:00,0,0,,
2025/8/3 3:30:00,0,0,,
2025/8/3 3:45:00,0,0,,
2025/8/3 4:00:00,0,0,,
2025/8/3 4:15:00,0,0,,
2025/8/3 4:30:00,0,0,,
2025/8/3 4:45:00,0,0,,
2025/8/3 5:00:00,0,0,,
2025/8/3 5:15:00,0,0,,
2025/8/3 5:30:00,0,0,,
2025/8/3 5:45:00,0,0,,
2025/8/3 6:00:00,0,0,,
2025/8/3 6:15:00,0,0,,
2025/8/3 6:30:00,0,0,,
2025/8/3 6:45:00,0,0,,
2025/8/3 7:00:00,0,0,,
2025/8/3 7:15:00,0,0,,
2025/8/3 7:30:00,0,0,,
2025/8/3 7:45:00,0,0,,
2025/8/3 8:00:00,0,0,,
2025/8/3 8:15:00,0,0,,
2025/8/3 8:30:00,0,0,,
2025/8/3 8:45:00,0,0,,
2025/8/3 9:00:00,0,0,,
2025/8/3 9:15:00,0,0,,
2025/8/3 9:30:00,584.65,0,,
2025/8/3 9:45:00,859.6,0,,
2025/8/3 10:00:00,852.81,0,,
2025/8/3 10:15:00,851.99,0,,
2025/8/3 10:30:00,852.32,0,,
2025/8/3 10:45:00,852.81,0,,
2025/8/3 11:00:00,846.36,0,,
2025/8/3 11:15:00,838.74,0,,
2025/8/3 11:30:00,834.44,0,,
2025/8/3 11:45:00,828.65,0,,
2025/8/3 12:00:00,835.93,0,,
2025/8/3 12:15:00,834.11,0,,
2025/8/3 12:30:00,835.93,0,,
2025/8/3 12:45:00,833.94,0,,
2025/8/3 13:00:00,830.8,0,,
2025/8/3 13:15:00,832.62,0,,
2025/8/3 13:30:00,832.95,0,,
2025/8/3 13:45:00,830.14,0,,
2025/8/3 14:00:00,831.29,0,,
2025/8/3 14:15:00,826.99,0,,
2025/8/3 14:30:00,830.63,0,,
2025/8/3 14:45:00,825,0,,
2025/8/3 15:00:00,824.01,0,,
2025/8/3 15:15:00,827.32,0,,
2025/8/3 15:30:00,828.81,0,,
2025/8/3 15:45:00,826.83,0,,
2025/8/3 16:00:00,831.46,0,,
2025/8/3 16:15:00,827.65,0,,
2025/8/3 16:30:00,830.3,0,,
2025/8/3 16:45:00,832.45,0,,
2025/8/3 17:00:00,839.9,0,,
2025/8/3 17:15:00,837.25,0,,
2025/8/3 17:30:00,839.57,0,,
2025/8/3 17:45:00,838.25,0,,
2025/8/3 18:00:00,834.94,0,,
2025/8/3 18:15:00,837.25,0,,
2025/8/3 18:30:00,839.24,0,,
2025/8/3 18:45:00,831.46,0,,
2025/8/3 19:00:00,835.1,0,,
2025/8/3 19:15:00,836.26,0,,
2025/8/3 19:30:00,833.12,0,,
2025/8/3 19:45:00,832.95,0,,
2025/8/3 20:00:00,831.63,0,,
2025/8/3 20:15:00,828.98,0,,
2025/8/3 20:30:00,825.83,0,,
2025/8/3 20:45:00,826.83,0,,
2025/8/3 21:00:00,743.4,0,,
2025/8/3 21:15:00,865.89,0,,
2025/8/3 21:30:00,388.67,0,,
2025/8/3 21:45:00,0,0,,
2025/8/3 22:00:00,0,0,,
2025/8/3 22:15:00,0,0,,
2025/8/3 22:30:00,0,0,,
2025/8/3 22:45:00,0,0,,
2025/8/3 23:00:00,0,0,,
2025/8/3 23:15:00,0,0,,
2025/8/3 23:30:00,0,0,,
2025/8/3 23:45:00,0,0,,
2025/8/4 0:00:00,0,0,,
2025/8/4 0:15:00,0,0,,
2025/8/4 0:30:00,0,0,,
2025/8/4 0:45:00,0,0,,
2025/8/4 1:00:00,0,0,,
2025/8/4 1:15:00,0,0,,
2025/8/4 1:30:00,0,0,,
2025/8/4 1:45:00,0,0,,
2025/8/4 2:00:00,0,0,,
2025/8/4 2:15:00,0,0,,
2025/8/4 2:30:00,0,0,,
2025/8/4 2:45:00,0,0,,
2025/8/4 3:00:00,0,0,,
2025/8/4 3:15:00,0,0,,
2025/8/4 3:30:00,0,0,,
2025/8/4 3:45:00,0,0,,
2025/8/4 4:00:00,0,0,,
2025/8/4 4:15:00,0,0,,
2025/8/4 4:30:00,0,0,,
2025/8/4 4:45:00,0,0,,
2025/8/4 5:00:00,0,0,,
2025/8/4 5:15:00,0,0,,
2025/8/4 5:30:00,0,0,,
2025/8/4 5:45:00,0,0,,
2025/8/4 6:00:00,0,0,,
2025/8/4 6:15:00,0,0,,
2025/8/4 6:30:00,0,0,,
2025/8/4 6:45:00,0,0,,
2025/8/4 7:00:00,0,0,,
2025/8/4 7:15:00,0,0,,
2025/8/4 7:30:00,0,0,,
2025/8/4 7:45:00,0,0,,
2025/8/4 8:00:00,0,0,,
2025/8/4 8:15:00,0,0,,
2025/8/4 8:30:00,0,0,,
2025/8/4 8:45:00,0,0,,
2025/8/4 9:00:00,0,0,,
2025/8/4 9:15:00,732.97,0,,
2025/8/4 9:30:00,774.52,0,,
2025/8/4 9:45:00,841.56,0,,
2025/8/4 10:00:00,836.92,0,,
2025/8/4 10:15:00,849.5,0,,
2025/8/4 10:30:00,858.77,0,,
2025/8/4 10:45:00,872.02,0,,
2025/8/4 11:00:00,859.43,0,,
2025/8/4 11:15:00,859.27,0,,
2025/8/4 11:30:00,857.12,0,,
2025/8/4 11:45:00,858.28,0,,
2025/8/4 12:00:00,865.23,0,,
2025/8/4 12:15:00,860.76,0,,
2025/8/4 12:30:00,859.27,0,,
2025/8/4 12:45:00,858.77,0,,
2025/8/4 13:00:00,855.3,0,,
2025/8/4 13:15:00,855.46,0,,
2025/8/4 13:30:00,854.97,0,,
2025/8/4 13:45:00,849.34,0,,
2025/8/4 14:00:00,849.01,0,,
2025/8/4 14:15:00,846.19,0,,
2025/8/4 14:30:00,849.17,0,,
2025/8/4 14:45:00,846.36,0,,
2025/8/4 15:00:00,846.85,0,,
2025/8/4 15:15:00,845.2,0,,
2025/8/4 15:30:00,840.56,0,,
2025/8/4 15:45:00,839.24,0,,
2025/8/4 16:00:00,840.23,0,,
2025/8/4 16:15:00,837.92,0,,
2025/8/4 16:30:00,834.94,0,,
2025/8/4 16:45:00,835.6,0,,
2025/8/4 17:00:00,838.41,0,,
2025/8/4 17:15:00,840.73,0,,
2025/8/4 17:30:00,843.71,0,,
2025/8/4 17:45:00,847.85,0,,
2025/8/4 18:00:00,845.86,0,,
2025/8/4 18:15:00,842.05,0,,
2025/8/4 18:30:00,848.68,0,,
2025/8/4 18:45:00,849.5,0,,
2025/8/4 19:00:00,843.88,0,,
2025/8/4 19:15:00,841.89,0,,
2025/8/4 19:30:00,844.87,0,,
2025/8/4 19:45:00,848.84,0,,
2025/8/4 20:00:00,845.86,0,,
2025/8/4 20:15:00,842.88,0,,
2025/8/4 20:30:00,843.05,0,,
2025/8/4 20:45:00,838.58,0,,
2025/8/4 21:00:00,798.52,0,,
2025/8/4 21:15:00,0,0,,
2025/8/4 21:30:00,0,0,,
2025/8/4 21:45:00,0,0,,
2025/8/4 22:00:00,0,0,,
2025/8/4 22:15:00,0,0,,
2025/8/4 22:30:00,0,0,,
2025/8/4 22:45:00,0,0,,
2025/8/4 23:00:00,0,0,,
2025/8/4 23:15:00,0,0,,
2025/8/4 23:30:00,0,0,,
2025/8/4 23:45:00,0,0,,
2025/8/5 0:00:00,0,0,,
2025/8/5 0:15:00,0,0,,
2025/8/5 0:30:00,0,0,,
2025/8/5 0:45:00,0,0,,
2025/8/5 1:00:00,0,0,,
2025/8/5 1:15:00,0,0,,
2025/8/5 1:30:00,0,0,,
2025/8/5 1:45:00,0,0,,
2025/8/5 2:00:00,0,0,,
2025/8/5 2:15:00,0,0,,
2025/8/5 2:30:00,0,0,,
2025/8/5 2:45:00,0,0,,
2025/8/5 3:00:00,0,0,,
2025/8/5 3:15:00,0,0,,
2025/8/5 3:30:00,0,0,,
2025/8/5 3:45:00,0,0,,
2025/8/5 4:00:00,0,0,,
2025/8/5 4:15:00,0,0,,
2025/8/5 4:30:00,0,0,,
2025/8/5 4:45:00,0,0,,
2025/8/5 5:00:00,0,0,,
2025/8/5 5:15:00,0,0,,
2025/8/5 5:30:00,0,0,,
2025/8/5 5:45:00,0,0,,
2025/8/5 6:00:00,0,0,,
2025/8/5 6:15:00,0,0,,
2025/8/5 6:30:00,0,0,,
2025/8/5 6:45:00,0,0,,
2025/8/5 7:00:00,0,0,,
2025/8/5 7:15:00,0,0,,
2025/8/5 7:30:00,0,0,,
2025/8/5 7:45:00,0,0,,
2025/8/5 8:00:00,0,0,,
2025/8/5 8:15:00,0,0,,
2025/8/5 8:30:00,0,0,,
2025/8/5 8:45:00,0,0,,
2025/8/5 9:00:00,0,0,,
2025/8/5 9:15:00,0,0,,
2025/8/5 9:30:00,509.17,0,,
2025/8/5 9:45:00,845.53,0,,
2025/8/5 10:00:00,844.21,0,,
2025/8/5 10:15:00,834.11,0,,
2025/8/5 10:30:00,836.76,0,,
2025/8/5 10:45:00,848.01,0,,
2025/8/5 11:00:00,851.49,0,,
2025/8/5 11:15:00,844.54,0,,
2025/8/5 11:30:00,842.55,0,,
2025/8/5 11:45:00,850.83,0,,
2025/8/5 12:00:00,848.01,0,,
2025/8/5 12:15:00,856.62,0,,
2025/8/5 12:30:00,857.61,0,,
2025/8/5 12:45:00,857.45,0,,
2025/8/5 13:00:00,857.28,0,,
2025/8/5 13:15:00,854.97,0,,
2025/8/5 13:30:00,852.81,0,,
2025/8/5 13:45:00,850.83,0,,
2025/8/5 14:00:00,852.81,0,,
2025/8/5 14:15:00,850.5,0,,
2025/8/5 14:30:00,846.85,0,,
2025/8/5 14:45:00,849.67,0,,
2025/8/5 15:00:00,848.01,0,,
2025/8/5 15:15:00,849.17,0,,
2025/8/5 15:30:00,846.52,0,,
2025/8/5 15:45:00,844.04,0,,
2025/8/5 16:00:00,845.36,0,,
2025/8/5 16:15:00,839.74,0,,
2025/8/5 16:30:00,839.9,0,,
2025/8/5 16:45:00,838.25,0,,
2025/8/5 17:00:00,843.88,0,,
2025/8/5 17:15:00,843.71,0,,
2025/8/5 17:30:00,846.69,0,,
2025/8/5 17:45:00,841.56,0,,
2025/8/5 18:00:00,846.19,0,,
2025/8/5 18:15:00,842.05,0,,
2025/8/5 18:30:00,846.19,0,,
2025/8/5 18:45:00,848.84,0,,
2025/8/5 19:00:00,857.61,0,,
2025/8/5 19:15:00,851.82,0,,
2025/8/5 19:30:00,850.5,0,,
2025/8/5 19:45:00,848.01,0,,
2025/8/5 20:00:00,842.88,0,,
2025/8/5 20:15:00,842.72,0,,
2025/8/5 20:30:00,842.05,0,,
2025/8/5 20:45:00,838.25,0,,
2025/8/5 21:00:00,823.02,0,,
2025/8/5 21:15:00,0,0,,
2025/8/5 21:30:00,0,0,,
2025/8/5 21:45:00,0,0,,
2025/8/5 22:00:00,0,0,,
2025/8/5 22:15:00,0,0,,
2025/8/5 22:30:00,0,0,,
2025/8/5 22:45:00,0,0,,
2025/8/5 23:00:00,0,0,,
2025/8/5 23:15:00,0,0,,
2025/8/5 23:30:00,0,0,,
2025/8/5 23:45:00,0,0,,
2025/8/6 0:00:00,0,0,,
2025/8/6 0:15:00,0,0,,
2025/8/6 0:30:00,0,0,,
2025/8/6 0:45:00,0,0,,
2025/8/6 1:00:00,0,0,,
2025/8/6 1:15:00,0,0,,
2025/8/6 1:30:00,0,0,,
2025/8/6 1:45:00,0,0,,
2025/8/6 2:00:00,0,0,,
2025/8/6 2:15:00,0,0,,
2025/8/6 2:30:00,0,0,,
2025/8/6 2:45:00,0,0,,
2025/8/6 3:00:00,0,0,,
2025/8/6 3:15:00,0,0,,
2025/8/6 3:30:00,0,0,,
2025/8/6 3:45:00,0,0,,
2025/8/6 4:00:00,0,0,,
2025/8/6 4:15:00,0,0,,
2025/8/6 4:30:00,0,0,,
2025/8/6 4:45:00,0,0,,
2025/8/6 5:00:00,0,0,,
2025/8/6 5:15:00,0,0,,
2025/8/6 5:30:00,0,0,,
2025/8/6 5:45:00,0,0,,
2025/8/6 6:00:00,0,0,,
2025/8/6 6:15:00,0,0,,
2025/8/6 6:30:00,0,0,,
2025/8/6 6:45:00,0,0,,
2025/8/6 7:00:00,0,0,,
2025/8/6 7:15:00,0,0,,
2025/8/6 7:30:00,0,0,,
2025/8/6 7:45:00,0,0,,
2025/8/6 8:00:00,0,0,,
2025/8/6 8:15:00,0,0,,
2025/8/6 8:30:00,0,0,,
2025/8/6 8:45:00,0,0,,
2025/8/6 9:00:00,0,0,,
2025/8/6 9:15:00,711.29,0,,
2025/8/6 9:30:00,739.26,0,,
2025/8/6 9:45:00,831.29,0,,
2025/8/6 10:00:00,839.24,0,,
2025/8/6 10:15:00,839.24,0,,
2025/8/6 10:30:00,848.84,0,,
2025/8/6 10:45:00,848.51,0,,
2025/8/6 11:00:00,854.97,0,,
2025/8/6 11:15:00,847.68,0,,
2025/8/6 11:30:00,850.83,0,,
2025/8/6 11:45:00,860.43,0,,
2025/8/6 12:00:00,855.96,0,,
2025/8/6 12:15:00,849.67,0,,
2025/8/6 12:30:00,844.87,0,,
2025/8/6 12:45:00,853.81,0,,
2025/8/6 13:00:00,857.12,0,,
2025/8/6 13:15:00,853.97,0,,
2025/8/6 13:30:00,861.59,0,,
2025/8/6 13:45:00,864.24,0,,
2025/8/6 14:00:00,859.1,0,,
2025/8/6 14:15:00,856.62,0,,
2025/8/6 14:30:00,860.76,0,,
2025/8/6 14:45:00,859.77,0,,
2025/8/6 15:00:00,855.79,0,,
2025/8/6 15:15:00,855.79,0,,
2025/8/6 15:30:00,853.31,0,,
2025/8/6 15:45:00,851.49,0,,
2025/8/6 16:00:00,850.5,0,,
2025/8/6 16:15:00,853.14,0,,
2025/8/6 16:30:00,850,0,,
2025/8/6 16:45:00,850.33,0,,
2025/8/6 17:00:00,849.01,0,,
2025/8/6 17:15:00,849.5,0,,
2025/8/6 17:30:00,853.31,0,,
2025/8/6 17:45:00,850.66,0,,
2025/8/6 18:00:00,852.48,0,,
2025/8/6 18:15:00,852.98,0,,
2025/8/6 18:30:00,850.33,0,,
2025/8/6 18:45:00,853.81,0,,
2025/8/6 19:00:00,853.14,0,,
2025/8/6 19:15:00,851.99,0,,
2025/8/6 19:30:00,849.01,0,,
2025/8/6 19:45:00,852.65,0,,
2025/8/6 20:00:00,850.5,0,,
2025/8/6 20:15:00,848.18,0,,
2025/8/6 20:30:00,833.45,0,,
2025/8/6 20:45:00,828.48,0,,
2025/8/6 21:00:00,0,0,,
2025/8/6 21:15:00,0,0,,
2025/8/6 21:30:00,0,0,,
2025/8/6 21:45:00,0,0,,
2025/8/6 22:00:00,0,0,,
2025/8/6 22:15:00,0,0,,
2025/8/6 22:30:00,0,0,,
2025/8/6 22:45:00,0,0,,
2025/8/6 23:00:00,0,0,,
2025/8/6 23:15:00,0,0,,
2025/8/6 23:30:00,0,0,,
2025/8/6 23:45:00,0,0,,
2025/8/7 0:00:00,0,0,,
2025/8/7 0:15:00,0,0,,
2025/8/7 0:30:00,0,0,,
2025/8/7 0:45:00,0,0,,
2025/8/7 1:00:00,0,0,,
2025/8/7 1:15:00,0,0,,
2025/8/7 1:30:00,0,0,,
2025/8/7 1:45:00,0,0,,
2025/8/7 2:00:00,0,0,,
2025/8/7 2:15:00,0,0,,
2025/8/7 2:30:00,0,0,,
2025/8/7 2:45:00,0,0,,
2025/8/7 3:00:00,0,0,,
2025/8/7 3:15:00,0,0,,
2025/8/7 3:30:00,0,0,,
2025/8/7 3:45:00,0,0,,
2025/8/7 4:00:00,0,0,,
2025/8/7 4:15:00,0,0,,
2025/8/7 4:30:00,0,0,,
2025/8/7 4:45:00,0,0,,
2025/8/7 5:00:00,0,0,,
2025/8/7 5:15:00,0,0,,
2025/8/7 5:30:00,0,0,,
2025/8/7 5:45:00,0,0,,
2025/8/7 6:00:00,0,0,,
2025/8/7 6:15:00,0,0,,
2025/8/7 6:30:00,0,0,,
2025/8/7 6:45:00,0,0,,
2025/8/7 7:00:00,0,0,,
2025/8/7 7:15:00,0,0,,
2025/8/7 7:30:00,0,0,,
2025/8/7 7:45:00,0,0,,
2025/8/7 8:00:00,0,0,,
2025/8/7 8:15:00,0,0,,
2025/8/7 8:30:00,0,0,,
2025/8/7 8:45:00,0,0,,
2025/8/7 9:00:00,0,0,,
2025/8/7 9:15:00,761.28,0,,
2025/8/7 9:30:00,822.52,0,,
2025/8/7 9:45:00,0,0,,
2025/8/7 10:00:00,0,0,,
2025/8/7 10:15:00,0,0,,
2025/8/7 10:30:00,0,0,,
2025/8/7 10:45:00,0,0,,
2025/8/7 11:00:00,0,0,,
2025/8/7 11:15:00,0,0,,
2025/8/7 11:30:00,0,0,,
2025/8/7 11:45:00,0,0,,
2025/8/7 12:00:00,0,0,,
2025/8/7 12:15:00,0,0,,
2025/8/7 12:30:00,849.5,0,,
2025/8/7 12:45:00,846.52,0,,
2025/8/7 13:00:00,845.03,0,,
2025/8/7 13:15:00,838.58,0,,
2025/8/7 13:30:00,834.94,0,,
2025/8/7 13:45:00,831.13,0,,
2025/8/7 14:00:00,827.65,0,,
2025/8/7 14:15:00,835.76,0,,
2025/8/7 14:30:00,838.58,0,,
2025/8/7 14:45:00,841.56,0,,
2025/8/7 15:00:00,837.25,0,,
2025/8/7 15:15:00,837.42,0,,
2025/8/7 15:30:00,832.95,0,,
2025/8/7 15:45:00,836.59,0,,
2025/8/7 16:00:00,834.77,0,,
2025/8/7 16:15:00,832.29,0,,
2025/8/7 16:30:00,827.98,0,,
2025/8/7 16:45:00,833.28,0,,
2025/8/7 17:00:00,833.94,0,,
2025/8/7 17:15:00,831.29,0,,
2025/8/7 17:30:00,837.58,0,,
2025/8/7 17:45:00,838.41,0,,
2025/8/7 18:00:00,835.6,0,,
2025/8/7 18:15:00,834.94,0,,
2025/8/7 18:30:00,832.62,0,,
2025/8/7 18:45:00,830.96,0,,
2025/8/7 19:00:00,832.62,0,,
2025/8/7 19:15:00,831.29,0,,
2025/8/7 19:30:00,833.28,0,,
2025/8/7 19:45:00,833.45,0,,
2025/8/7 20:00:00,829.81,0,,
2025/8/7 20:15:00,827.32,0,,
2025/8/7 20:30:00,826.99,0,,
2025/8/7 20:45:00,823.35,0,,
2025/8/7 21:00:00,814.08,0,,
2025/8/7 21:15:00,861.75,0,,
2025/8/7 21:30:00,892.54,0,,
2025/8/7 21:45:00,0,0,,
2025/8/7 22:00:00,0,0,,
2025/8/7 22:15:00,0,0,,
2025/8/7 22:30:00,0,0,,
2025/8/7 22:45:00,0,0,,
2025/8/7 23:00:00,0,0,,
2025/8/7 23:15:00,0,0,,
2025/8/7 23:30:00,0,0,,
2025/8/7 23:45:00,0,0,,
2025/8/8 0:00:00,0,0,,
2025/8/8 0:15:00,0,0,,
2025/8/8 0:30:00,0,0,,
2025/8/8 0:45:00,0,0,,
2025/8/8 1:00:00,0,0,,
2025/8/8 1:15:00,0,0,,
2025/8/8 1:30:00,0,0,,
2025/8/8 1:45:00,0,0,,
2025/8/8 2:00:00,0,0,,
2025/8/8 2:15:00,0,0,,
2025/8/8 2:30:00,0,0,,
2025/8/8 2:45:00,0,0,,
2025/8/8 3:00:00,0,0,,
2025/8/8 3:15:00,0,0,,
2025/8/8 3:30:00,0,0,,
2025/8/8 3:45:00,0,0,,
2025/8/8 4:00:00,0,0,,
2025/8/8 4:15:00,0,0,,
2025/8/8 4:30:00,0,0,,
2025/8/8 4:45:00,0,0,,
2025/8/8 5:00:00,0,0,,
2025/8/8 5:15:00,0,0,,
2025/8/8 5:30:00,0,0,,
2025/8/8 5:45:00,0,0,,
2025/8/8 6:00:00,0,0,,
2025/8/8 6:15:00,0,0,,
2025/8/8 6:30:00,0,0,,
2025/8/8 6:45:00,0,0,,
2025/8/8 7:00:00,0,0,,
2025/8/8 7:15:00,0,0,,
2025/8/8 7:30:00,0,0,,
2025/8/8 7:45:00,0,0,,
2025/8/8 8:00:00,0,0,,
2025/8/8 8:15:00,0,0,,
2025/8/8 8:30:00,0,0,,
2025/8/8 8:45:00,0,0,,
2025/8/8 9:00:00,0,0,,
2025/8/8 9:15:00,0,0,,
2025/8/8 9:30:00,406.71,0,,
2025/8/8 9:45:00,840.56,0,,
2025/8/8 10:00:00,843.71,0,,
2025/8/8 10:15:00,851.66,0,,
2025/8/8 10:30:00,850.17,0,,
2025/8/8 10:45:00,859.1,0,,
2025/8/8 11:00:00,850.66,0,,
2025/8/8 11:15:00,847.02,0,,
2025/8/8 11:30:00,846.69,0,,
2025/8/8 11:45:00,845.53,0,,
2025/8/8 12:00:00,836.59,0,,
2025/8/8 12:15:00,820.2,0,,
2025/8/8 12:30:00,815.07,0,,
2025/8/8 12:45:00,813.58,0,,
2025/8/8 13:00:00,809.28,0,,
2025/8/8 13:15:00,808.45,0,,
2025/8/8 13:30:00,803.98,0,,
2025/8/8 13:45:00,803.65,0,,
2025/8/8 14:00:00,802,0,,
2025/8/8 14:15:00,803.65,0,,
2025/8/8 14:30:00,800.34,0,,
2025/8/8 14:45:00,794.55,0,,
2025/8/8 15:00:00,788.42,0,,
2025/8/8 15:15:00,805.47,0,,
2025/8/8 15:30:00,802.66,0,,
2025/8/8 15:45:00,799.51,0,,
2025/8/8 16:00:00,800.84,0,,
2025/8/8 16:15:00,800.51,0,,
2025/8/8 16:30:00,805.97,0,,
2025/8/8 16:45:00,802,0,,
2025/8/8 17:00:00,809.11,0,,
2025/8/8 17:15:00,804.48,0,,
2025/8/8 17:30:00,809.94,0,,
2025/8/8 17:45:00,805.64,0,,
2025/8/8 18:00:00,812.92,0,,
2025/8/8 18:15:00,805.47,0,,
2025/8/8 18:30:00,811.93,0,,
2025/8/8 18:45:00,809.28,0,,
2025/8/8 19:00:00,810.77,0,,
2025/8/8 19:15:00,810.27,0,,
2025/8/8 19:30:00,810.6,0,,
2025/8/8 19:45:00,810.11,0,,
2025/8/8 20:00:00,793.22,0,,
2025/8/8 20:15:00,793.55,0,,
2025/8/8 20:30:00,789.08,0,,
2025/8/8 20:45:00,784.62,0,,
2025/8/8 21:00:00,503.21,0,,
2025/8/8 21:15:00,0,0,,
2025/8/8 21:30:00,0,0,,
2025/8/8 21:45:00,0,0,,
2025/8/8 22:00:00,0,0,,
2025/8/8 22:15:00,0,0,,
2025/8/8 22:30:00,0,0,,
2025/8/8 22:45:00,0,0,,
2025/8/8 23:00:00,0,0,,
2025/8/8 23:15:00,0,0,,
2025/8/8 23:30:00,0,0,,
2025/8/8 23:45:00,0,0,,
2025/8/9 0:00:00,0,0,,
2025/8/9 0:15:00,0,0,,
2025/8/9 0:30:00,0,0,,
2025/8/9 0:45:00,0,0,,
2025/8/9 1:00:00,0,0,,
2025/8/9 1:15:00,0,0,,
2025/8/9 1:30:00,0,0,,
2025/8/9 1:45:00,0,0,,
2025/8/9 2:00:00,0,0,,
2025/8/9 2:15:00,0,0,,
2025/8/9 2:30:00,0,0,,
2025/8/9 2:45:00,0,0,,
2025/8/9 3:00:00,0,0,,
2025/8/9 3:15:00,0,0,,
2025/8/9 3:30:00,0,0,,
2025/8/9 3:45:00,0,0,,
2025/8/9 4:00:00,0,0,,
2025/8/9 4:15:00,0,0,,
2025/8/9 4:30:00,0,0,,
2025/8/9 4:45:00,0,0,,
2025/8/9 5:00:00,0,0,,
2025/8/9 5:15:00,0,0,,
2025/8/9 5:30:00,0,0,,
2025/8/9 5:45:00,0,0,,
2025/8/9 6:00:00,0,0,,
2025/8/9 6:15:00,0,0,,
2025/8/9 6:30:00,0,0,,
2025/8/9 6:45:00,0,0,,
2025/8/9 7:00:00,0,0,,
2025/8/9 7:15:00,0,0,,
2025/8/9 7:30:00,0,0,,
2025/8/9 7:45:00,0,0,,
2025/8/9 8:00:00,0,0,,
2025/8/9 8:15:00,0,0,,
2025/8/9 8:30:00,0,0,,
2025/8/9 8:45:00,0,0,,
2025/8/9 9:00:00,0,0,,
2025/8/9 9:15:00,763.43,0,,
2025/8/9 9:30:00,728,0,,
2025/8/9 9:45:00,854.8,0,,
2025/8/9 10:00:00,855.46,0,,
2025/8/9 10:15:00,745.22,0,,
2025/8/9 10:30:00,845.86,0,,
2025/8/9 10:45:00,848.01,0,,
2025/8/9 11:00:00,848.01,0,,
2025/8/9 11:15:00,833.45,0,,
2025/8/9 11:30:00,829.81,0,,
2025/8/9 11:45:00,823.51,0,,
2025/8/9 12:00:00,831.63,0,,
2025/8/9 12:15:00,827.82,0,,
2025/8/9 12:30:00,827.82,0,,
2025/8/9 12:45:00,830.47,0,,
2025/8/9 13:00:00,825.34,0,,
2025/8/9 13:15:00,826.16,0,,
2025/8/9 13:30:00,825.67,0,,
2025/8/9 13:45:00,827.98,0,,
2025/8/9 14:00:00,824.51,0,,
2025/8/9 14:15:00,826.33,0,,
2025/8/9 14:30:00,828.15,0,,
2025/8/9 14:45:00,828.48,0,,
2025/8/9 15:00:00,828.32,0,,
2025/8/9 15:15:00,825.34,0,,
2025/8/9 15:30:00,822.69,0,,
2025/8/9 15:45:00,817.72,0,,
2025/8/9 16:00:00,821.2,0,,
2025/8/9 16:15:00,818.05,0,,
2025/8/9 16:30:00,819.05,0,,
2025/8/9 16:45:00,817.06,0,,
2025/8/9 17:00:00,822.19,0,,
2025/8/9 17:15:00,817.56,0,,
2025/8/9 17:30:00,820.2,0,,
2025/8/9 17:45:00,817.39,0,,
2025/8/9 18:00:00,823.51,0,,
2025/8/9 18:15:00,823.68,0,,
2025/8/9 18:30:00,826.49,0,,
2025/8/9 18:45:00,826.16,0,,
2025/8/9 19:00:00,828.81,0,,
2025/8/9 19:15:00,826.16,0,,
2025/8/9 19:30:00,827.98,0,,
2025/8/9 19:45:00,829.81,0,,
2025/8/9 20:00:00,814.58,0,,
2025/8/9 20:15:00,816.07,0,,
2025/8/9 20:30:00,808.29,0,,
2025/8/9 20:45:00,796.2,0,,
2025/8/9 21:00:00,0,0,,
2025/8/9 21:15:00,0,0,,
2025/8/9 21:30:00,0,0,,
2025/8/9 21:45:00,0,0,,
2025/8/9 22:00:00,0,0,,
2025/8/9 22:15:00,0,0,,
2025/8/9 22:30:00,0,0,,
2025/8/9 22:45:00,0,0,,
2025/8/9 23:00:00,0,0,,
2025/8/9 23:15:00,0,0,,
2025/8/9 23:30:00,0,0,,
2025/8/9 23:45:00,0,0,,
2025/8/11 0:00:00,0,0,,
2025/8/11 0:15:00,0,0,,
2025/8/11 0:30:00,0,0,,
2025/8/11 0:45:00,0,0,,
2025/8/11 1:00:00,0,0,,
2025/8/11 1:15:00,0,0,,
2025/8/11 1:30:00,0,0,,
2025/8/11 1:45:00,0,0,,
2025/8/11 2:00:00,0,0,,
2025/8/11 2:15:00,0,0,,
2025/8/11 2:30:00,0,0,,
2025/8/11 2:45:00,0,0,,
2025/8/11 3:00:00,0,0,,
2025/8/11 3:15:00,0,0,,
2025/8/11 3:30:00,0,0,,
2025/8/11 3:45:00,0,0,,
2025/8/11 4:00:00,0,0,,
2025/8/11 4:15:00,0,0,,
2025/8/11 4:30:00,0,0,,
2025/8/11 4:45:00,0,0,,
2025/8/11 5:00:00,0,0,,
2025/8/11 5:15:00,0,0,,
2025/8/11 5:30:00,0,0,,
2025/8/11 5:45:00,0,0,,
2025/8/11 6:00:00,0,0,,
2025/8/11 6:15:00,0,0,,
2025/8/11 6:30:00,0,0,,
2025/8/11 6:45:00,0,0,,
2025/8/11 7:00:00,0,0,,
2025/8/11 7:15:00,0,0,,
2025/8/11 7:30:00,0,0,,
2025/8/11 7:45:00,0,0,,
2025/8/11 8:00:00,0,0,,
2025/8/11 8:15:00,0,0,,
2025/8/11 8:30:00,0,0,,
2025/8/11 8:45:00,0,0,,
2025/8/11 9:00:00,0,0,,
2025/8/11 9:15:00,856.29,0,,
2025/8/11 9:30:00,837.25,0,,
2025/8/11 9:45:00,777.83,0,,
2025/8/11 10:00:00,850.66,0,,
2025/8/11 10:15:00,843.05,0,,
2025/8/11 10:30:00,848.68,0,,
2025/8/11 10:45:00,749.36,0,,
2025/8/11 11:00:00,844.87,0,,
2025/8/11 11:15:00,790.08,0,,
2025/8/11 11:30:00,779.32,0,,
2025/8/11 11:45:00,802.16,0,,
2025/8/11 12:00:00,739.09,0,,
2025/8/11 12:15:00,758.63,0,,
2025/8/11 12:30:00,723.7,0,,
2025/8/11 12:45:00,763.92,0,,
2025/8/11 13:00:00,730.98,0,,
2025/8/11 13:15:00,734.13,0,,
2025/8/11 13:30:00,740.09,0,,
2025/8/11 13:45:00,745.72,0,,
2025/8/11 14:00:00,747.04,0,,
2025/8/11 14:15:00,852.48,0,,
2025/8/11 14:30:00,802.49,0,,
2025/8/11 14:45:00,769.22,0,,
2025/8/11 15:00:00,762.27,0,,
2025/8/11 15:15:00,739.26,0,,
2025/8/11 15:30:00,744.39,0,,
2025/8/11 15:45:00,747.37,0,,
2025/8/11 16:00:00,749.03,0,,
2025/8/11 16:15:00,747.21,0,,
2025/8/11 16:30:00,747.7,0,,
2025/8/11 16:45:00,754.65,0,,
2025/8/11 17:00:00,753.66,0,,
2025/8/11 17:15:00,751.01,0,,
2025/8/11 17:30:00,752.17,0,,
2025/8/11 17:45:00,749.52,0,,
2025/8/11 18:00:00,751.34,0,,
2025/8/11 18:15:00,754.16,0,,
2025/8/11 18:30:00,755.81,0,,
2025/8/11 18:45:00,754.16,0,,
2025/8/11 19:00:00,756.97,0,,
2025/8/11 19:15:00,753.5,0,,
2025/8/11 19:30:00,756.64,0,,
2025/8/11 19:45:00,756.14,0,,
2025/8/11 20:00:00,757.14,0,,
2025/8/11 20:15:00,801.66,0,,
2025/8/11 20:30:00,744.72,0,,
2025/8/11 20:45:00,690.92,0,,
2025/8/11 21:00:00,697.05,0,,
2025/8/11 21:15:00,0,0,,
2025/8/11 21:30:00,0,0,,
2025/8/11 21:45:00,0,0,,
2025/8/11 22:00:00,0,0,,
2025/8/11 22:15:00,0,0,,
2025/8/11 22:30:00,0,0,,
2025/8/11 22:45:00,0,0,,
2025/8/11 23:00:00,0,0,,
2025/8/11 23:15:00,0,0,,
2025/8/11 23:30:00,0,0,,
2025/8/11 23:45:00,0,0,,
2025/8/12 0:00:00,0,0,,
2025/8/12 0:15:00,0,0,,
2025/8/12 0:30:00,0,0,,
2025/8/12 0:45:00,0,0,,
2025/8/12 1:00:00,0,0,,
2025/8/12 1:15:00,0,0,,
2025/8/12 1:30:00,0,0,,
2025/8/12 1:45:00,0,0,,
2025/8/12 2:00:00,0,0,,
2025/8/12 2:15:00,0,0,,
2025/8/12 2:30:00,0,0,,
2025/8/12 2:45:00,0,0,,
2025/8/12 3:00:00,0,0,,
2025/8/12 3:15:00,0,0,,
2025/8/12 3:30:00,0,0,,
2025/8/12 3:45:00,0,0,,
2025/8/12 4:00:00,0,0,,
2025/8/12 4:15:00,0,0,,
2025/8/12 4:30:00,0,0,,
2025/8/12 4:45:00,0,0,,
2025/8/12 5:00:00,0,0,,
2025/8/12 5:15:00,0,0,,
2025/8/12 5:30:00,0,0,,
2025/8/12 5:45:00,0,0,,
2025/8/12 6:00:00,0,0,,
2025/8/12 6:15:00,0,0,,
2025/8/12 6:30:00,0,0,,
2025/8/12 6:45:00,0,0,,
2025/8/12 7:00:00,0,0,,
2025/8/12 7:15:00,0,0,,
2025/8/12 7:30:00,0,0,,
2025/8/12 7:45:00,0,0,,
2025/8/12 8:00:00,0,0,,
2025/8/12 8:15:00,0,0,,
2025/8/12 8:30:00,0,0,,
2025/8/12 8:45:00,0,0,,
2025/8/12 9:00:00,0,0,,
2025/8/12 9:15:00,0,0,,
2025/8/12 9:30:00,346.46,0,,
2025/8/12 9:45:00,807.13,0,,
2025/8/12 10:00:00,766.74,0,,
2025/8/12 10:15:00,848.68,0,,
2025/8/12 10:30:00,756.81,0,,
2025/8/12 10:45:00,851.99,0,,
2025/8/12 11:00:00,852.15,0,,
2025/8/12 11:15:00,831.79,0,,
2025/8/12 11:30:00,848.01,0,,
2025/8/12 11:45:00,837.25,0,,
2025/8/12 12:00:00,833.12,0,,
2025/8/12 12:15:00,829.47,0,,
2025/8/12 12:30:00,787.26,0,,
2025/8/12 12:45:00,783.62,0,,
2025/8/12 13:00:00,773.03,0,,
2025/8/12 13:15:00,714.6,0,,
2025/8/12 13:30:00,699.04,0,,
2025/8/12 13:45:00,705.99,0,,
2025/8/12 14:00:00,613.79,0,,
2025/8/12 14:15:00,621.9,0,,
2025/8/12 14:30:00,856.62,0,,
2025/8/12 14:45:00,852.65,0,,
2025/8/12 15:00:00,780.15,0,,
2025/8/12 15:15:00,710.95,0,,
2025/8/12 15:30:00,708.14,0,,
2025/8/12 15:45:00,708.97,0,,
2025/8/12 16:00:00,713.6,0,,
2025/8/12 16:15:00,706.48,0,,
2025/8/12 16:30:00,708.31,0,,
2025/8/12 16:45:00,712.94,0,,
2025/8/12 17:00:00,709.8,0,,
2025/8/12 17:15:00,709.13,0,,
2025/8/12 17:30:00,709.3,0,,
2025/8/12 17:45:00,712.77,0,,
2025/8/12 18:00:00,510.17,0,,
2025/8/12 18:15:00,619.08,0,,
2025/8/12 18:30:00,651.69,0,,
2025/8/12 18:45:00,617.76,0,,
2025/8/12 19:00:00,648.22,0,,
2025/8/12 19:15:00,621.9,0,,
2025/8/12 19:30:00,638.12,0,,
2025/8/12 19:45:00,639.78,0,,
2025/8/12 20:00:00,631.5,0,,
2025/8/12 20:15:00,638.95,0,,
2025/8/12 20:30:00,640.11,0,,
2025/8/12 20:45:00,609.32,0,,
2025/8/12 21:00:00,825.83,0,,
2025/8/12 21:15:00,863.41,0,,
2025/8/12 21:30:00,0,0,,
2025/8/12 21:45:00,0,0,,
2025/8/12 22:00:00,0,0,,
2025/8/12 22:15:00,0,0,,
2025/8/12 22:30:00,0,0,,
2025/8/12 22:45:00,0,0,,
2025/8/12 23:00:00,0,0,,
2025/8/12 23:15:00,0,0,,
2025/8/12 23:30:00,0,0,,
2025/8/12 23:45:00,0,0,,
2025/8/13 0:00:00,0,0,,
2025/8/13 0:15:00,0,0,,
2025/8/13 0:30:00,0,0,,
2025/8/13 0:45:00,0,0,,
2025/8/13 1:00:00,0,0,,
2025/8/13 1:15:00,0,0,,
2025/8/13 1:30:00,0,0,,
2025/8/13 1:45:00,0,0,,
2025/8/13 2:00:00,0,0,,
2025/8/13 2:15:00,0,0,,
2025/8/13 2:30:00,0,0,,
2025/8/13 2:45:00,0,0,,
2025/8/13 3:00:00,0,0,,
2025/8/13 3:15:00,0,0,,
2025/8/13 3:30:00,0,0,,
2025/8/13 3:45:00,0,0,,
2025/8/13 4:00:00,0,0,,
2025/8/13 4:15:00,0,0,,
2025/8/13 4:30:00,0,0,,
2025/8/13 4:45:00,0,0,,
2025/8/13 5:00:00,0,0,,
2025/8/13 5:15:00,0,0,,
2025/8/13 5:30:00,0,0,,
2025/8/13 5:45:00,0,0,,
2025/8/13 6:00:00,0,0,,
2025/8/13 6:15:00,0,0,,
2025/8/13 6:30:00,0,0,,
2025/8/13 6:45:00,0,0,,
2025/8/13 7:00:00,0,0,,
2025/8/13 7:15:00,0,0,,
2025/8/13 7:30:00,0,0,,
2025/8/13 7:45:00,0,0,,
2025/8/13 8:00:00,0,0,,
2025/8/13 8:15:00,0,0,,
2025/8/13 8:30:00,0,0,,
2025/8/13 8:45:00,0,0,,
2025/8/13 9:00:00,0,0,,
2025/8/13 9:15:00,0,0,,
2025/8/13 9:30:00,0,0,,
2025/8/13 9:45:00,850.17,0,,
2025/8/13 10:00:00,744.23,0,,
2025/8/13 10:15:00,605.51,0,,
2025/8/13 10:30:00,590.61,0,,
2025/8/13 10:45:00,679.17,0,,
2025/8/13 11:00:00,717.91,0,,
2025/8/13 11:15:00,670.4,0,,
2025/8/13 11:30:00,647.06,0,,
2025/8/13 11:45:00,640.11,0,,
2025/8/13 12:00:00,664.27,0,,
2025/8/13 12:15:00,666.76,0,,
2025/8/13 12:30:00,659.81,0,,
2025/8/13 12:45:00,651.69,0,,
2025/8/13 13:00:00,625.04,0,,
2025/8/13 13:15:00,625.21,0,,
2025/8/13 13:30:00,641.6,0,,
2025/8/13 13:45:00,653.18,0,,
2025/8/13 14:00:00,640.27,0,,
2025/8/13 14:15:00,628.02,0,,
2025/8/13 14:30:00,627.86,0,,
2025/8/13 14:45:00,629.18,0,,
2025/8/13 15:00:00,628.68,0,,
2025/8/13 15:15:00,766.57,0,,
2025/8/13 15:30:00,760.12,0,,
2025/8/13 15:45:00,730.82,0,,
2025/8/13 16:00:00,727.18,0,,
2025/8/13 16:15:00,722.87,0,,
2025/8/13 16:30:00,725.19,0,,
2025/8/13 16:45:00,728.33,0,,
2025/8/13 17:00:00,727.01,0,,
2025/8/13 17:15:00,729.66,0,,
2025/8/13 17:30:00,725.85,0,,
2025/8/13 17:45:00,717.74,0,,
2025/8/13 18:00:00,706.15,0,,
2025/8/13 18:15:00,706.65,0,,
2025/8/13 18:30:00,705.33,0,,
2025/8/13 18:45:00,704.5,0,,
2025/8/13 19:00:00,706.98,0,,
2025/8/13 19:15:00,706.65,0,,
2025/8/13 19:30:00,707.31,0,,
2025/8/13 19:45:00,708.47,0,,
2025/8/13 20:00:00,706.32,0,,
2025/8/13 20:15:00,705.99,0,,
2025/8/13 20:30:00,705.66,0,,
2025/8/13 20:45:00,703.67,0,,
2025/8/13 21:00:00,0,0,,
2025/8/13 21:15:00,0,0,,
2025/8/13 21:30:00,0,0,,
2025/8/13 21:45:00,0,0,,
2025/8/13 22:00:00,0,0,,
2025/8/13 22:15:00,0,0,,
2025/8/13 22:30:00,0,0,,
2025/8/13 22:45:00,0,0,,
2025/8/13 23:00:00,0,0,,
2025/8/13 23:15:00,0,0,,
2025/8/13 23:30:00,0,0,,
2025/8/13 23:45:00,0,0,,
2025/8/14 0:00:00,0,0,,
2025/8/14 0:15:00,0,0,,
2025/8/14 0:30:00,0,0,,
2025/8/14 0:45:00,0,0,,
2025/8/14 1:00:00,0,0,,
2025/8/14 1:15:00,0,0,,
2025/8/14 1:30:00,0,0,,
2025/8/14 1:45:00,0,0,,
2025/8/14 2:00:00,0,0,,
2025/8/14 2:15:00,0,0,,
2025/8/14 2:30:00,0,0,,
2025/8/14 2:45:00,0,0,,
2025/8/14 3:00:00,0,0,,
2025/8/14 3:15:00,0,0,,
2025/8/14 3:30:00,0,0,,
2025/8/14 3:45:00,0,0,,
2025/8/14 4:00:00,0,0,,
2025/8/14 4:15:00,,0,,
2025/8/14 4:30:00,,0,,
2025/8/14 4:45:00,,0,,
2025/8/14 5:00:00,,0,,
2025/8/14 5:15:00,,0,,
2025/8/14 5:30:00,,0,,
2025/8/14 5:45:00,,0,,
2025/8/14 6:00:00,,0,,
2025/8/14 6:15:00,,0,,
2025/8/14 6:30:00,,0,,
2025/8/14 6:45:00,,0,,
2025/8/14 7:00:00,,0,,
2025/8/14 7:15:00,,0,,
2025/8/14 7:30:00,,0,,
2025/8/14 7:45:00,,0,,
2025/8/14 8:00:00,,0,,
2025/8/14 8:15:00,,0,,
2025/8/14 8:30:00,,0,,
2025/8/14 8:45:00,,0,,
2025/8/14 9:00:00,,0,,
2025/8/14 9:15:00,,0,,
2025/8/14 9:30:00,,0,,
2025/8/14 9:45:00,,0,,
2025/8/14 10:00:00,546.58,0,,
2025/8/14 10:15:00,851.66,0,,
2025/8/14 10:30:00,856.95,0,,
2025/8/14 10:45:00,853.97,0,,
2025/8/14 11:00:00,844.7,0,,
2025/8/14 11:15:00,831.13,0,,
2025/8/14 11:30:00,820.87,0,,
2025/8/14 11:45:00,834.27,0,,
2025/8/14 12:00:00,822.69,0,,
2025/8/14 12:15:00,821.36,0,,
2025/8/14 12:30:00,814.91,0,,
2025/8/14 12:45:00,812.26,0,,
2025/8/14 13:00:00,816.4,0,,
2025/8/14 13:15:00,810.77,0,,
2025/8/14 13:30:00,809.28,0,,
2025/8/14 13:45:00,810.27,0,,
2025/8/14 14:00:00,805.31,0,,
2025/8/14 14:15:00,806.3,0,,
2025/8/14 14:30:00,804.31,0,,
2025/8/14 14:45:00,791.73,0,,
2025/8/14 15:00:00,774.02,0,,
2025/8/14 15:15:00,777.99,0,,
2025/8/14 15:30:00,764.75,0,,
2025/8/14 15:45:00,766.24,0,,
2025/8/14 16:00:00,757.63,0,,
2025/8/14 16:15:00,754.49,0,,
2025/8/14 16:30:00,757.47,0,,
2025/8/14 16:45:00,755.15,0,,
2025/8/14 17:00:00,758.3,0,,
2025/8/14 17:15:00,754.65,0,,
2025/8/14 17:30:00,756.64,0,,
2025/8/14 17:45:00,757.3,0,,
2025/8/14 18:00:00,760.61,0,,
2025/8/14 18:15:00,760.12,0,,
2025/8/14 18:30:00,760.94,0,,
2025/8/14 18:45:00,756.47,0,,
2025/8/14 19:00:00,754.82,0,,
2025/8/14 19:15:00,754.49,0,,
2025/8/14 19:30:00,755.98,0,,
2025/8/14 19:45:00,751.84,0,,
2025/8/14 20:00:00,658.32,0,,
2025/8/14 20:15:00,665.93,0,,
2025/8/14 20:30:00,666.1,0,,
2025/8/14 20:45:00,666.26,0,,
2025/8/14 21:00:00,669.74,0,,
2025/8/14 21:15:00,844.87,0,,
2025/8/14 21:30:00,677.52,0,,
2025/8/14 21:45:00,0,0,,
2025/8/14 22:00:00,0,0,,
2025/8/14 22:15:00,0,0,,
2025/8/14 22:30:00,0,0,,
2025/8/14 22:45:00,0,0,,
2025/8/14 23:00:00,0,0,,
2025/8/14 23:15:00,0,0,,
2025/8/14 23:30:00,0,0,,
2025/8/14 23:45:00,0,0,,
2025/8/15 0:00:00,0,0,,
2025/8/15 0:15:00,0,0,,
2025/8/15 0:30:00,0,0,,
2025/8/15 0:45:00,0,0,,
2025/8/15 1:00:00,0,0,,
2025/8/15 1:15:00,0,0,,
2025/8/15 1:30:00,0,0,,
2025/8/15 1:45:00,0,0,,
2025/8/15 2:00:00,0,0,,
2025/8/15 2:15:00,0,0,,
2025/8/15 2:30:00,0,0,,
2025/8/15 2:45:00,0,0,,
2025/8/15 3:00:00,0,0,,
2025/8/15 3:15:00,0,0,,
2025/8/15 3:30:00,0,0,,
2025/8/15 3:45:00,0,0,,
2025/8/15 4:00:00,0,0,,
2025/8/15 4:15:00,0,0,,
2025/8/15 4:30:00,0,0,,
2025/8/15 4:45:00,0,0,,
2025/8/15 5:00:00,0,0,,
2025/8/15 5:15:00,0,0,,
2025/8/15 5:30:00,0,0,,
2025/8/15 5:45:00,0,0,,
2025/8/15 6:00:00,0,0,,
2025/8/15 6:15:00,0,0,,
2025/8/15 6:30:00,0,0,,
2025/8/15 6:45:00,0,0,,
2025/8/15 7:00:00,0,0,,
2025/8/15 7:15:00,0,0,,
2025/8/15 7:30:00,0,0,,
2025/8/15 7:45:00,0,0,,
2025/8/15 8:00:00,0,0,,
2025/8/15 8:15:00,0,0,,
2025/8/15 8:30:00,0,0,,
2025/8/15 8:45:00,0,0,,
2025/8/15 9:00:00,0,0,,
2025/8/15 9:15:00,0,0,,
2025/8/15 9:30:00,504.87,0,,
2025/8/15 9:45:00,839.9,0,,
2025/8/15 10:00:00,836.26,0,,
2025/8/15 10:15:00,843.05,0,,
2025/8/15 10:30:00,828.98,0,,
2025/8/15 10:45:00,845.03,0,,
2025/8/15 11:00:00,830.3,0,,
2025/8/15 11:15:00,819.05,0,,
2025/8/15 11:30:00,820.04,0,,
2025/8/15 11:45:00,763.92,0,,
2025/8/15 12:00:00,772.2,0,,
2025/8/15 12:15:00,759.12,0,,
2025/8/15 12:30:00,761.11,0,,
2025/8/15 12:45:00,765.25,0,,
2025/8/15 13:00:00,764.42,0,,
2025/8/15 13:15:00,764.25,0,,
2025/8/15 13:30:00,760.45,0,,
2025/8/15 13:45:00,758.63,0,,
2025/8/15 14:00:00,747.54,0,,
2025/8/15 14:15:00,746.87,0,,
2025/8/15 14:30:00,742.9,0,,
2025/8/15 14:45:00,743.23,0,,
2025/8/15 15:00:00,729.66,0,,
2025/8/15 15:15:00,732.64,0,,
2025/8/15 15:30:00,732.14,0,,
2025/8/15 15:45:00,732.97,0,,
2025/8/15 16:00:00,730.65,0,,
2025/8/15 16:15:00,729,0,,
2025/8/15 16:30:00,732.31,0,,
2025/8/15 16:45:00,730.82,0,,
2025/8/15 17:00:00,731.31,0,,
2025/8/15 17:15:00,731.48,0,,
2025/8/15 17:30:00,734.79,0,,
2025/8/15 17:45:00,737.94,0,,
2025/8/15 18:00:00,739.26,0,,
2025/8/15 18:15:00,737.94,0,,
2025/8/15 18:30:00,739.43,0,,
2025/8/15 18:45:00,739.43,0,,
2025/8/15 19:00:00,740.58,0,,
2025/8/15 19:15:00,736.78,0,,
2025/8/15 19:30:00,739.76,0,,
2025/8/15 19:45:00,735.95,0,,
2025/8/15 20:00:00,737.77,0,,
2025/8/15 20:15:00,708.64,0,,
2025/8/15 20:30:00,709.63,0,,
2025/8/15 20:45:00,709.63,0,,
2025/8/15 21:00:00,696.55,0,,
2025/8/15 21:15:00,0,0,,
2025/8/15 21:30:00,0,0,,
2025/8/15 21:45:00,0,0,,
2025/8/15 22:00:00,0,0,,
2025/8/15 22:15:00,0,0,,
2025/8/15 22:30:00,0,0,,
2025/8/15 22:45:00,0,0,,
2025/8/15 23:00:00,0,0,,
2025/8/15 23:15:00,0,0,,
2025/8/15 23:30:00,0,0,,
2025/8/15 23:45:00,0,0,,
2025/8/16 0:00:00,0,0,,
2025/8/16 0:15:00,0,0,,
2025/8/16 0:30:00,0,0,,
2025/8/16 0:45:00,0,0,,
2025/8/16 1:00:00,0,0,,
2025/8/16 1:15:00,0,0,,
2025/8/16 1:30:00,0,0,,
2025/8/16 1:45:00,0,0,,
2025/8/16 2:00:00,0,0,,
2025/8/16 2:15:00,0,0,,
2025/8/16 2:30:00,0,0,,
2025/8/16 2:45:00,0,0,,
2025/8/16 3:00:00,0,0,,
2025/8/16 3:15:00,0,0,,
2025/8/16 3:30:00,0,0,,
2025/8/16 3:45:00,0,0,,
2025/8/16 4:00:00,0,0,,
2025/8/16 4:15:00,0,0,,
2025/8/16 4:30:00,0,0,,
2025/8/16 4:45:00,0,0,,
2025/8/16 5:00:00,0,0,,
2025/8/16 5:15:00,0,0,,
2025/8/16 5:30:00,0,0,,
2025/8/16 5:45:00,0,0,,
2025/8/16 6:00:00,0,0,,
2025/8/16 6:15:00,0,0,,
2025/8/16 6:30:00,0,0,,
2025/8/16 6:45:00,0,0,,
2025/8/16 7:00:00,0,0,,
2025/8/16 7:15:00,0,0,,
2025/8/16 7:30:00,0,0,,
2025/8/16 7:45:00,0,0,,
2025/8/16 8:00:00,0,0,,
2025/8/16 8:15:00,0,0,,
2025/8/16 8:30:00,0,0,,
2025/8/16 8:45:00,0,0,,
2025/8/16 9:00:00,0,0,,
2025/8/16 9:15:00,638.45,0,,
2025/8/16 9:30:00,731.65,0,,
2025/8/16 9:45:00,861.59,0,,
2025/8/16 10:00:00,821.36,0,,
2025/8/16 10:15:00,859.27,0,,
2025/8/16 10:30:00,842.72,0,,
2025/8/16 10:45:00,830.8,0,,
2025/8/16 11:00:00,844.7,0,,
2025/8/16 11:15:00,832.29,0,,
2025/8/16 11:30:00,826.49,0,,
2025/8/16 11:45:00,822.85,0,,
2025/8/16 12:00:00,817.22,0,,
2025/8/16 12:15:00,811.76,0,,
2025/8/16 12:30:00,807.13,0,,
2025/8/16 12:45:00,795.21,0,,
2025/8/16 13:00:00,780.64,0,,
2025/8/16 13:15:00,785.77,0,,
2025/8/16 13:30:00,780.81,0,,
2025/8/16 13:45:00,775.18,0,,
2025/8/16 14:00:00,772.53,0,,
2025/8/16 14:15:00,762.27,0,,
2025/8/16 14:30:00,762.77,0,,
2025/8/16 14:45:00,763.1,0,,
2025/8/16 15:00:00,763.76,0,,
2025/8/16 15:15:00,761.61,0,,
2025/8/16 15:30:00,761.11,0,,
2025/8/16 15:45:00,761.61,0,,
2025/8/16 16:00:00,761.44,0,,
2025/8/16 16:15:00,763.59,0,,
2025/8/16 16:30:00,762.6,0,,
2025/8/16 16:45:00,762.27,0,,
2025/8/16 17:00:00,764.75,0,,
2025/8/16 17:15:00,762.43,0,,
2025/8/16 17:30:00,766.74,0,,
2025/8/16 17:45:00,765.25,0,,
2025/8/16 18:00:00,764.92,0,,
2025/8/16 18:15:00,764.75,0,,
2025/8/16 18:30:00,765.91,0,,
2025/8/16 18:45:00,767.73,0,,
2025/8/16 19:00:00,766.9,0,,
2025/8/16 19:15:00,765.08,0,,
2025/8/16 19:30:00,767.07,0,,
2025/8/16 19:45:00,764.42,0,,
2025/8/16 20:00:00,767.57,0,,
2025/8/16 20:15:00,765.74,0,,
2025/8/16 20:30:00,765.08,0,,
2025/8/16 20:45:00,763.26,0,,
2025/8/16 21:00:00,697.88,0,,
2025/8/16 21:15:00,0,0,,
2025/8/16 21:30:00,0,0,,
2025/8/16 21:45:00,0,0,,
2025/8/16 22:00:00,0,0,,
2025/8/16 22:15:00,0,0,,
2025/8/16 22:30:00,0,0,,
2025/8/16 22:45:00,0,0,,
2025/8/16 23:00:00,0,0,,
2025/8/16 23:15:00,0,0,,
2025/8/16 23:30:00,0,0,,
2025/8/16 23:45:00,0,0,,
2025/8/18 0:00:00,0,0,,
2025/8/18 0:15:00,0,0,,
2025/8/18 0:30:00,0,0,,
2025/8/18 0:45:00,0,0,,
2025/8/18 1:00:00,0,0,,
2025/8/18 1:15:00,0,0,,
2025/8/18 1:30:00,0,0,,
2025/8/18 1:45:00,0,0,,
2025/8/18 2:00:00,0,0,,
2025/8/18 2:15:00,0,0,,
2025/8/18 2:30:00,0,0,,
2025/8/18 2:45:00,0,0,,
2025/8/18 3:00:00,0,0,,
2025/8/18 3:15:00,0,0,,
2025/8/18 3:30:00,0,0,,
2025/8/18 3:45:00,0,0,,
2025/8/18 4:00:00,0,0,,
2025/8/18 4:15:00,0,0,,
2025/8/18 4:30:00,0,0,,
2025/8/18 4:45:00,0,0,,
2025/8/18 5:00:00,0,0,,
2025/8/18 5:15:00,0,0,,
2025/8/18 5:30:00,0,0,,
2025/8/18 5:45:00,0,0,,
2025/8/18 6:00:00,0,0,,
2025/8/18 6:15:00,0,0,,
2025/8/18 6:30:00,0,0,,
2025/8/18 6:45:00,0,0,,
2025/8/18 7:00:00,0,0,,
2025/8/18 7:15:00,0,0,,
2025/8/18 7:30:00,0,0,,
2025/8/18 7:45:00,0,0,,
2025/8/18 8:00:00,0,0,,
2025/8/18 8:15:00,0,0,,
2025/8/18 8:30:00,0,0,,
2025/8/18 8:45:00,0,0,,
2025/8/18 9:00:00,0,0,,
2025/8/18 9:15:00,721.38,0,,
2025/8/18 9:30:00,839.9,0,,
2025/8/18 9:45:00,841.06,0,,
2025/8/18 10:00:00,845.36,0,,
2025/8/18 10:15:00,738.93,0,,
2025/8/18 10:30:00,647.72,0,,
2025/8/18 10:45:00,637.29,0,,
2025/8/18 11:00:00,626.04,0,,
2025/8/18 11:15:00,625.54,0,,
2025/8/18 11:30:00,626.86,0,,
2025/8/18 11:45:00,846.36,0,,
2025/8/18 12:00:00,838.74,0,,
2025/8/18 12:15:00,806.8,0,,
2025/8/18 12:30:00,734.62,0,,
2025/8/18 12:45:00,710.13,0,,
2025/8/18 13:00:00,698.37,0,,
2025/8/18 13:15:00,689.6,0,,
2025/8/18 13:30:00,688.28,0,,
2025/8/18 13:45:00,689.6,0,,
2025/8/18 14:00:00,689.27,0,,
2025/8/18 14:15:00,686.95,0,,
2025/8/18 14:30:00,688.44,0,,
2025/8/18 14:45:00,680.5,0,,
2025/8/18 15:00:00,673.54,0,,
2025/8/18 15:15:00,671.39,0,,
2025/8/18 15:30:00,667.92,0,,
2025/8/18 15:45:00,655.17,0,,
2025/8/18 16:00:00,657.32,0,,
2025/8/18 16:15:00,655.17,0,,
2025/8/18 16:30:00,654.84,0,,
2025/8/18 16:45:00,658.81,0,,
2025/8/18 17:00:00,659.14,0,,
2025/8/18 17:15:00,660.3,0,,
2025/8/18 17:30:00,666.1,0,,
2025/8/18 17:45:00,665.6,0,,
2025/8/18 18:00:00,670.07,0,,
2025/8/18 18:15:00,673.54,0,,
2025/8/18 18:30:00,672.22,0,,
2025/8/18 18:45:00,674.7,0,,
2025/8/18 19:00:00,673.88,0,,
2025/8/18 19:15:00,672.22,0,,
2025/8/18 19:30:00,670.73,0,,
2025/8/18 19:45:00,672.05,0,,
2025/8/18 20:00:00,673.21,0,,
2025/8/18 20:15:00,671.56,0,,
2025/8/18 20:30:00,669.41,0,,
2025/8/18 20:45:00,672.05,0,,
2025/8/18 21:00:00,673.88,0,,
2025/8/18 21:15:00,669.41,0,,
2025/8/18 21:30:00,0,0,,
2025/8/18 21:45:00,0,0,,
2025/8/18 22:00:00,0,0,,
2025/8/18 22:15:00,0,0,,
2025/8/18 22:30:00,0,0,,
2025/8/18 22:45:00,0,0,,
2025/8/18 23:00:00,0,0,,
2025/8/18 23:15:00,0,0,,
2025/8/18 23:30:00,0,0,,
2025/8/18 23:45:00,0,0,,
2025/8/19 0:00:00,0,0,,
2025/8/19 0:15:00,0,0,,
2025/8/19 0:30:00,0,0,,
2025/8/19 0:45:00,0,0,,
2025/8/19 1:00:00,0,0,,
2025/8/19 1:15:00,0,0,,
2025/8/19 1:30:00,0,0,,
2025/8/19 1:45:00,0,0,,
2025/8/19 2:00:00,0,0,,
2025/8/19 2:15:00,0,0,,
2025/8/19 2:30:00,0,0,,
2025/8/19 2:45:00,0,0,,
2025/8/19 3:00:00,0,0,,
2025/8/19 3:15:00,0,0,,
2025/8/19 3:30:00,0,0,,
2025/8/19 3:45:00,0,0,,
2025/8/19 4:00:00,0,0,,
2025/8/19 4:15:00,0,0,,
2025/8/19 4:30:00,0,0,,
2025/8/19 4:45:00,0,0,,
2025/8/19 5:00:00,0,0,,
2025/8/19 5:15:00,0,0,,
2025/8/19 5:30:00,0,0,,
2025/8/19 5:45:00,0,0,,
2025/8/19 6:00:00,0,0,,
2025/8/19 6:15:00,0,0,,
2025/8/19 6:30:00,0,0,,
2025/8/19 6:45:00,0,0,,
2025/8/19 7:00:00,0,0,,
2025/8/19 7:15:00,0,0,,
2025/8/19 7:30:00,0,0,,
2025/8/19 7:45:00,0,0,,
2025/8/19 8:00:00,0,0,,
2025/8/19 8:15:00,0,0,,
2025/8/19 8:30:00,0,0,,
2025/8/19 8:45:00,0,0,,
2025/8/19 9:00:00,254.42,0,,
2025/8/19 9:15:00,850.17,0,,
2025/8/19 9:30:00,834.27,0,,
2025/8/19 9:45:00,843.71,0,,
2025/8/19 10:00:00,835.93,0,,
2025/8/19 10:15:00,756.81,0,,
2025/8/19 10:30:00,822.85,0,,
2025/8/19 10:45:00,735.95,0,,
2025/8/19 11:00:00,705.16,0,,
2025/8/19 11:15:00,704,0,,
2025/8/19 11:30:00,707.31,0,,
2025/8/19 11:45:00,707.64,0,,
2025/8/19 12:00:00,709.8,0,,
2025/8/19 12:15:00,710.62,0,,
2025/8/19 12:30:00,709.3,0,,
2025/8/19 12:45:00,706.48,0,,
2025/8/19 13:00:00,700.03,0,,
2025/8/19 13:15:00,692.75,0,,
2025/8/19 13:30:00,691.75,0,,
2025/8/19 13:45:00,691.92,0,,
2025/8/19 14:00:00,690.92,0,,
2025/8/19 14:15:00,694.9,0,,
2025/8/19 14:30:00,691.42,0,,
2025/8/19 14:45:00,690.76,0,,
2025/8/19 15:00:00,684.3,0,,
2025/8/19 15:15:00,685.96,0,,
2025/8/19 15:30:00,686.62,0,,
2025/8/19 15:45:00,683.97,0,,
2025/8/19 16:00:00,683.14,0,,
2025/8/19 16:15:00,682.15,0,,
2025/8/19 16:30:00,684.14,0,,
2025/8/19 16:45:00,681.66,0,,
2025/8/19 17:00:00,682.81,0,,
2025/8/19 17:15:00,681.66,0,,
2025/8/19 17:30:00,684.47,0,,
2025/8/19 17:45:00,685.3,0,,
2025/8/19 18:00:00,685.46,0,,
2025/8/19 18:15:00,682.81,0,,
2025/8/19 18:30:00,685.79,0,,
2025/8/19 18:45:00,683.81,0,,
2025/8/19 19:00:00,684.47,0,,
2025/8/19 19:15:00,683.81,0,,
2025/8/19 19:30:00,683.48,0,,
2025/8/19 19:45:00,685.46,0,,
2025/8/19 20:00:00,684.8,0,,
2025/8/19 20:15:00,683.31,0,,
2025/8/19 20:30:00,684.97,0,,
2025/8/19 20:45:00,681.82,0,,
2025/8/19 21:00:00,682.32,0,,
2025/8/19 21:15:00,0,0,,
2025/8/19 21:30:00,0,0,,
2025/8/19 21:45:00,0,0,,
2025/8/19 22:00:00,0,0,,
2025/8/19 22:15:00,0,0,,
2025/8/19 22:30:00,0,0,,
2025/8/19 22:45:00,0,0,,
2025/8/19 23:00:00,0,0,,
2025/8/19 23:15:00,0,0,,
2025/8/19 23:30:00,0,0,,
2025/8/19 23:45:00,0,0,,
2025/8/20 0:00:00,2.15,0,,
2025/8/20 0:15:00,0,0,,
2025/8/20 0:30:00,0,0,,
2025/8/20 0:45:00,0,0,,
2025/8/20 1:00:00,0,0,,
2025/8/20 1:15:00,0,0,,
2025/8/20 1:30:00,0,0,,
2025/8/20 1:45:00,0,0,,
2025/8/20 2:00:00,0,0,,
2025/8/20 2:15:00,0,0,,
2025/8/20 2:30:00,0,0,,
2025/8/20 2:45:00,0,0,,
2025/8/20 3:00:00,0,0,,
2025/8/20 3:15:00,0,0,,
2025/8/20 3:30:00,0,0,,
2025/8/20 3:45:00,0,0,,
2025/8/20 4:00:00,0,0,,
2025/8/20 4:15:00,0,0,,
2025/8/20 4:30:00,0,0,,
2025/8/20 4:45:00,0,0,,
2025/8/20 5:00:00,0,0,,
2025/8/20 5:15:00,0,0,,
2025/8/20 5:30:00,0,0,,
2025/8/20 5:45:00,0,0,,
2025/8/20 6:00:00,0,0,,
2025/8/20 6:15:00,0,0,,
2025/8/20 6:30:00,0,0,,
2025/8/20 6:45:00,0,0,,
2025/8/20 7:00:00,0,0,,
2025/8/20 7:15:00,0,0,,
2025/8/20 7:30:00,0,0,,
2025/8/20 7:45:00,0,0,,
2025/8/20 8:00:00,0,0,,
2025/8/20 8:15:00,0,0,,
2025/8/20 8:30:00,0,0,,
2025/8/20 8:45:00,0,0,,
2025/8/20 9:00:00,0,0,,
2025/8/20 9:15:00,0,0,,
2025/8/20 9:30:00,723.2,0,,
2025/8/20 9:45:00,848.01,0,,
2025/8/20 10:00:00,844.87,0,,
2025/8/20 10:15:00,811.6,0,,
2025/8/20 10:30:00,801.66,0,,
2025/8/20 10:45:00,738.1,0,,
2025/8/20 11:00:00,733.47,0,,
2025/8/20 11:15:00,727.18,0,,
2025/8/20 11:30:00,714.43,0,,
2025/8/20 11:45:00,711.45,0,,
2025/8/20 12:00:00,716.42,0,,
2025/8/20 12:15:00,717.08,0,,
2025/8/20 12:30:00,714.6,0,,
2025/8/20 12:45:00,721.38,0,,
2025/8/20 13:00:00,721.71,0,,
2025/8/20 13:15:00,722.04,0,,
2025/8/20 13:30:00,712.61,0,,
2025/8/20 13:45:00,715.26,0,,
2025/8/20 14:00:00,713.11,0,,
2025/8/20 14:15:00,715.59,0,,
2025/8/20 14:30:00,719.23,0,,
2025/8/20 14:45:00,718.24,0,,
2025/8/20 15:00:00,718.4,0,,
2025/8/20 15:15:00,715.59,0,,
2025/8/20 15:30:00,711.62,0,,
2025/8/20 15:45:00,712.44,0,,
2025/8/20 16:00:00,709.63,0,,
2025/8/20 16:15:00,720.89,0,,
2025/8/20 16:30:00,717.24,0,,
2025/8/20 16:45:00,734.62,0,,
2025/8/20 17:00:00,746.54,0,,
2025/8/20 17:15:00,745.38,0,,
2025/8/20 17:30:00,745.88,0,,
2025/8/20 17:45:00,746.38,0,,
2025/8/20 18:00:00,744.72,0,,
2025/8/20 18:15:00,744.23,0,,
2025/8/20 18:30:00,742.24,0,,
2025/8/20 18:45:00,743.07,0,,
2025/8/20 19:00:00,739.43,0,,
2025/8/20 19:15:00,740.09,0,,
2025/8/20 19:30:00,744.89,0,,
2025/8/20 19:45:00,741.25,0,,
2025/8/20 20:00:00,742.9,0,,
2025/8/20 20:15:00,745.22,0,,
2025/8/20 20:30:00,743.73,0,,
2025/8/20 20:45:00,742.9,0,,
2025/8/20 21:00:00,743.07,0,,
2025/8/20 21:15:00,742.57,0,,
2025/8/20 21:30:00,0,0,,
2025/8/20 21:45:00,0,0,,
2025/8/20 22:00:00,0,0,,
2025/8/20 22:15:00,0,0,,
2025/8/20 22:30:00,0,0,,
2025/8/20 22:45:00,0,0,,
2025/8/20 23:00:00,0,0,,
2025/8/20 23:15:00,0,0,,
2025/8/20 23:30:00,0,0,,
2025/8/20 23:45:00,0,0,,
2026/4/9 0:00:00,0,0,,3.97
2026/4/9 0:15:00,0,0,,3.97
2026/4/9 0:30:00,0,0,,3.97
2026/4/9 0:45:00,0,0,,3.97
2026/4/9 1:00:00,0,0,,3.97
2026/4/9 1:15:00,0,0,,3.97
2026/4/9 1:30:00,0,0,,3.97
2026/4/9 1:45:00,0,0,,3.97
2026/4/9 2:00:00,0,0,,3.97
2026/4/9 2:15:00,0,0,,3.97
2026/4/9 2:30:00,0,0,,4.14
2026/4/9 2:45:00,0,0,,4.14
2026/4/9 3:00:00,0,0,,3.97
2026/4/9 3:15:00,0,0,,3.97
2026/4/9 3:30:00,0,0,,3.97
2026/4/9 3:45:00,0,0,,3.97
2026/4/9 4:00:00,0,0,,4.14
2026/4/9 4:15:00,0,0,,4.14
2026/4/9 4:30:00,0,0,,4.14
2026/4/9 4:45:00,0,0,,4.14
2026/4/9 5:00:00,0,0,,3.97
2026/4/9 5:15:00,0,0,,3.97
2026/4/9 5:30:00,0,0,,4.14
2026/4/9 5:45:00,0,0,,3.97
2026/4/9 6:00:00,0,0,,3.97
2026/4/9 6:15:00,0,0,,3.97
2026/4/9 6:30:00,0,0,,3.97
2026/4/9 6:45:00,0,0,,3.81
2026/4/9 7:00:00,0,0,,3.97
2026/4/9 7:15:00,0,0,,3.97
2026/4/9 7:30:00,0,0,,0
2026/4/9 7:45:00,0,0,,0
2026/4/9 8:00:00,0,0,,3.97
2026/4/9 8:15:00,0,0,,0
2026/4/9 8:30:00,0,0,,0
2026/4/9 8:45:00,0,0,,0
2026/4/9 9:00:00,0,0,,0
2026/4/9 9:15:00,0,0,,0
2026/4/9 9:30:00,0,0,,0
2026/4/9 9:45:00,0,0,,0
2026/4/9 10:00:00,0,0,,0
2026/4/9 10:15:00,0,0,,0
2026/4/9 10:30:00,0,0,,0
2026/4/9 10:45:00,0,0,,0
2026/4/9 11:00:00,0,0,,0
2026/4/9 11:15:00,0,0,,0
2026/4/9 11:30:00,0,0,,0
2026/4/9 11:45:00,0,0,,0
2026/4/9 12:00:00,0,0,,0
2026/4/9 12:15:00,0,0,,0
2026/4/9 12:30:00,0,0,,0
2026/4/9 12:45:00,0,0,,0
2026/4/9 13:00:00,0,0,,0
2026/4/9 13:15:00,0,0,,0
2026/4/9 13:30:00,0,0,,0
2026/4/9 13:45:00,0,0,,0
2026/4/9 14:00:00,0,0,,0
2026/4/9 14:15:00,0,0,,0
2026/4/9 14:30:00,0,0,,0
2026/4/9 14:45:00,0,0,,0
2026/4/9 15:00:00,0,0,,0
2026/4/9 15:15:00,0,0,,0
2026/4/9 15:30:00,0,0,,0
2026/4/9 15:45:00,0,0,,0
2026/4/9 16:00:00,0,0,,0
2026/4/9 16:15:00,0,0,,0
2026/4/9 16:30:00,0,0,,0
2026/4/9 16:45:00,0,0,,0
2026/4/9 17:00:00,0,0,,0
2026/4/9 17:15:00,0,0,,0
2026/4/9 17:30:00,0,0,,0
2026/4/9 17:45:00,0,0,,0
2026/4/9 18:00:00,0,0,,0
2026/4/9 18:15:00,0,0,,0
2026/4/9 18:30:00,0,0,,0
2026/4/9 18:45:00,0,0,,0
2026/4/9 19:00:00,0,0,,0
2026/4/9 19:15:00,0,0,,0
2026/4/9 19:30:00,0,0,,0
2026/4/9 19:45:00,0,0,,0
2026/4/9 20:00:00,0,0,,0
2026/4/9 20:15:00,0,0,,0
2026/4/9 20:30:00,0,0,,0
2026/4/9 20:45:00,0,0,,0
2026/4/9 21:00:00,0,0,,0
2026/4/9 21:15:00,0,0,,0
2026/4/9 21:30:00,0,0,,0
2026/4/9 21:45:00,0,0,,3.97
2026/4/9 22:00:00,0,0,,3.97
2026/4/9 22:15:00,0,0,,3.97
2026/4/9 22:30:00,0,0,,3.97
2026/4/9 22:45:00,0,0,,3.97
2026/4/9 23:00:00,0,0,,3.97
2026/4/9 23:15:00,0,0,,3.97
2026/4/9 23:30:00,0,0,,3.97
2026/4/9 23:45:00,0,0,,3.97
2026/4/10 0:00:00,0,0,,4.14
2026/4/10 0:15:00,0,0,,3.97
2026/4/10 0:30:00,0,0,,3.97
2026/4/10 0:45:00,0,0,,3.97
2026/4/10 1:00:00,0,0,,3.97
2026/4/10 1:15:00,0,0,,3.97
2026/4/10 1:30:00,0,0,,3.97
2026/4/10 1:45:00,0,0,,3.97
2026/4/10 2:00:00,0,0,,4.14
2026/4/10 2:15:00,0,0,,3.97
2026/4/10 2:30:00,0,0,,4.14
2026/4/10 2:45:00,0,0,,3.97
2026/4/10 3:00:00,0,0,,4.14
2026/4/10 3:15:00,0,0,,4.14
2026/4/10 3:30:00,0,0,,3.97
2026/4/10 3:45:00,0,0,,4.14
2026/4/10 4:00:00,0,0,,4.14
2026/4/10 4:15:00,0,0,,3.97
2026/4/10 4:30:00,0,0,,4.14
2026/4/10 4:45:00,0,0,,3.97
2026/4/10 5:00:00,0,0,,4.14
2026/4/10 5:15:00,0,0,,4.14
2026/4/10 5:30:00,0,0,,4.14
2026/4/10 5:45:00,0,0,,3.97
2026/4/10 6:00:00,0,0,,3.97
2026/4/10 6:15:00,0,0,,3.97
2026/4/10 6:30:00,0,0,,3.97
2026/4/10 6:45:00,0,0,,3.97
2026/4/10 7:00:00,0,0,,3.97
2026/4/10 7:15:00,0,0,,3.97
2026/4/10 7:30:00,0,0,,0
2026/4/10 7:45:00,0,0,,0
2026/4/10 8:00:00,0,0,,0
2026/4/10 8:15:00,0,0,,0
2026/4/10 8:30:00,0,0,,0
2026/4/10 8:45:00,0,0,,0
2026/4/10 9:00:00,0,0,,0
2026/4/10 9:15:00,0,0,,0
2026/4/10 9:30:00,0,0,,0
2026/4/10 9:45:00,0,0,,0
2026/4/10 10:00:00,0,0,,73.16
2026/4/10 10:15:00,0,0,,0
2026/4/10 10:30:00,0,0,,0
2026/4/10 10:45:00,0,0,,0
2026/4/10 11:00:00,0,0,,64.89
2026/4/10 11:15:00,0,0,,64.56
2026/4/10 11:30:00,0,0,,0
2026/4/10 11:45:00,0,0,,0
2026/4/10 12:00:00,0,0,,0
2026/4/10 12:15:00,0,0,,0
2026/4/10 12:30:00,381.55,0,,104.12
2026/4/10 12:45:00,686.12,0,,104.12
2026/4/10 13:00:00,717.08,0,,103.95
2026/4/10 13:15:00,716.91,0,,103.95
2026/4/10 13:30:00,0,0,,291.17
2026/4/10 13:45:00,0,0,,469.94
2026/4/10 14:00:00,0,0,,398.6
2026/4/10 14:15:00,0,0,,393.63
2026/4/10 14:30:00,0,0,,397.44
2026/4/10 14:45:00,0,0,,390.16
2026/4/10 15:00:00,0,0,,384.69
2026/4/10 15:15:00,0,0,,390.16
2026/4/10 15:30:00,0,0,,379.4
2026/4/10 15:45:00,0,0,,377.08
2026/4/10 16:00:00,0,0,,375.42
2026/4/10 16:15:00,0,0,,369.3
2026/4/10 16:30:00,0,0,,353.41
2026/4/10 16:45:00,0,0,,362.68
2026/4/10 17:00:00,0,0,,351.59
2026/4/10 17:15:00,0,0,,350.76
2026/4/10 17:30:00,0,0,,346.79
2026/4/10 17:45:00,0,0,,333.88
2026/4/10 18:00:00,0,0,,332.55
2026/4/10 18:15:00,0,0,,333.05
2026/4/10 18:30:00,0,0,,330.56
2026/4/10 18:45:00,0,0,,329.24
2026/4/10 19:00:00,0,0,,326.26
2026/4/10 19:15:00,0,0,,329.57
2026/4/10 19:30:00,0,0,,325.93
2026/4/10 19:45:00,0,0,,325.1
2026/4/10 20:00:00,0,0,,327.92
2026/4/10 20:15:00,0,0,,326.26
2026/4/10 20:30:00,0,0,,313.85
2026/4/10 20:45:00,0,0,,319.97
2026/4/10 21:00:00,0,0,,322.12
2026/4/10 21:15:00,0,0,,0
2026/4/10 21:30:00,0,0,,0
2026/4/10 21:45:00,0,0,,0
2026/4/10 22:00:00,0,0,,3.81
2026/4/10 22:15:00,0,0,,3.97
2026/4/10 22:30:00,0,0,,0
2026/4/10 22:45:00,0,0,,3.81
2026/4/10 23:00:00,0,0,,0
2026/4/10 23:15:00,0,0,,3.97
2026/4/10 23:30:00,0,0,,3.81
2026/4/10 23:45:00,0,0,,3.97
2026/4/11 0:00:00,0,0,,3.97
2026/4/11 0:15:00,0,0,,3.97
2026/4/11 0:30:00,0,0,,3.97
2026/4/11 0:45:00,0,0,,3.97
2026/4/11 1:00:00,0,0,,3.81
2026/4/11 1:15:00,0,0,,3.97
2026/4/11 1:30:00,0,0,,3.97
2026/4/11 1:45:00,0,0,,3.81
2026/4/11 2:00:00,0,0,,4.14
2026/4/11 2:15:00,0,0,,3.97
2026/4/11 2:30:00,0,0,,3.97
2026/4/11 2:45:00,0,0,,4.14
2026/4/11 3:00:00,0,0,,4.14
2026/4/11 3:15:00,0,0,,3.97
2026/4/11 3:30:00,0,0,,3.97
2026/4/11 3:45:00,0,0,,3.97
2026/4/11 4:00:00,0,0,,3.97
2026/4/11 4:15:00,0,0,,4.14
2026/4/11 4:30:00,0,0,,4.14
2026/4/11 4:45:00,0,0,,4.14
2026/4/11 5:00:00,0,0,,3.97
2026/4/11 5:15:00,0,0,,3.97
2026/4/11 5:30:00,0,0,,4.14
2026/4/11 5:45:00,0,0,,3.97
2026/4/11 6:00:00,0,0,,3.97
2026/4/11 6:15:00,0,0,,4.14
2026/4/11 6:30:00,0,0,,3.97
2026/4/11 6:45:00,0,0,,3.97
2026/4/11 7:00:00,0,0,,3.97
2026/4/11 7:15:00,0,0,,3.97
2026/4/11 7:30:00,0,0,,3.97
2026/4/11 7:45:00,0,0,,3.97
2026/4/11 8:00:00,2.15,0,,3.97
2026/4/11 8:15:00,0,0,,0
2026/4/11 8:30:00,0,0,,0
2026/4/11 8:45:00,0,0,,0
2026/4/11 9:00:00,0,0,,0
2026/4/11 9:15:00,0,0,,0
2026/4/11 9:30:00,0,0,,0
2026/4/11 9:45:00,0,0,,0
2026/4/11 10:00:00,0,0,,0
2026/4/11 10:15:00,0,0,,0
2026/4/11 10:30:00,0,0,,0
2026/4/11 10:45:00,0,0,,0
2026/4/11 11:00:00,718.57,0,,112.06
2026/4/11 11:15:00,725.69,0,,112.73
2026/4/11 11:30:00,714.26,0,,111.9
2026/4/11 11:45:00,708.31,0,,111.9
2026/4/11 12:00:00,536.15,0,,112.4
2026/4/11 12:15:00,440.64,0,,112.06
2026/4/11 12:30:00,437.5,0,,111.9
2026/4/11 12:45:00,653.51,0,,112.06
2026/4/11 13:00:00,654.34,0,,112.23
2026/4/11 13:15:00,580.18,0,,111.73
2026/4/11 13:30:00,555.85,0,,112.23
2026/4/11 13:45:00,511.99,0,,112.4
2026/4/11 14:00:00,477.72,0,,112.4
2026/4/11 14:15:00,0,0,,0
2026/4/11 14:30:00,0,0,,112.06
2026/4/11 14:45:00,0,0,,112.06
2026/4/11 15:00:00,0,0,,112.06
2026/4/11 15:15:00,0,0,,111.9
2026/4/11 15:30:00,0,0,,0
2026/4/11 15:45:00,0,0,,0
2026/4/11 16:00:00,0,0,,0
2026/4/11 16:15:00,0,0,,112.4
2026/4/11 16:30:00,0,0,,112.23
2026/4/11 16:45:00,0,0,,111.9
2026/4/11 17:00:00,382.21,0,,104.78
2026/4/11 17:15:00,723.04,0,,104.78
2026/4/11 17:30:00,712.11,0,,104.62
2026/4/11 17:45:00,714.76,0,,104.62
2026/4/11 18:00:00,723.7,0,,104.45
2026/4/11 18:15:00,704.66,0,,104.12
2026/4/11 18:30:00,554.03,0,,104.28
2026/4/11 18:45:00,467.79,0,,104.28
2026/4/11 19:00:00,448.42,0,,104.45
2026/4/11 19:15:00,433.03,0,,104.62
2026/4/11 19:30:00,429.88,0,,104.62
2026/4/11 19:45:00,435.35,0,,104.78
2026/4/11 20:00:00,436.67,0,,104.45
2026/4/11 20:15:00,437.33,0,,104.78
2026/4/11 20:30:00,0,0,,0
2026/4/11 20:45:00,0,0,,0
2026/4/11 21:00:00,0,0,,0
2026/4/11 21:15:00,0,0,,0
2026/4/11 21:30:00,0,0,,0
2026/4/11 21:45:00,0,0,,3.97
2026/4/11 22:00:00,0,0,,3.97
2026/4/11 22:15:00,0,0,,3.97
2026/4/11 22:30:00,0,0,,3.81
2026/4/11 22:45:00,0,0,,3.97
2026/4/11 23:00:00,0,0,,3.81
2026/4/11 23:15:00,0,0,,3.97
2026/4/11 23:30:00,0,0,,3.97
2026/4/11 23:45:00,0,0,,3.97
2026/4/12 0:00:00,0,0,,3.97
2026/4/12 0:15:00,0,0,,3.97
2026/4/12 0:30:00,0,0,,3.81
2026/4/12 0:45:00,0,0,,3.97
2026/4/12 1:00:00,0,0,,3.97
2026/4/12 1:15:00,0,0,,3.97
2026/4/12 1:30:00,0,0,,3.97
2026/4/12 1:45:00,0,0,,3.97
2026/4/12 2:00:00,0,0,,4.14
2026/4/12 2:15:00,0,0,,3.97
2026/4/12 2:30:00,0,0,,3.97
2026/4/12 2:45:00,0,0,,3.97
2026/4/12 3:00:00,0,0,,3.97
2026/4/12 3:15:00,0,0,,4.14
2026/4/12 3:30:00,0,0,,3.97
2026/4/12 3:45:00,0,0,,4.14
2026/4/12 4:00:00,0,0,,3.97
2026/4/12 4:15:00,0,0,,4.14
2026/4/12 4:30:00,0,0,,4.14
2026/4/12 4:45:00,0,0,,3.97
2026/4/12 5:00:00,0,0,,3.97
2026/4/12 5:15:00,0,0,,3.97
2026/4/12 5:30:00,0,0,,4.14
2026/4/12 5:45:00,0,0,,4.14
2026/4/12 6:00:00,0,0,,4.3
2026/4/12 6:15:00,0,0,,3.97
2026/4/12 6:30:00,0,0,,4.14
2026/4/12 6:45:00,0,0,,3.97
2026/4/12 7:00:00,0,0,,3.97
2026/4/12 7:15:00,0,0,,3.97
2026/4/12 7:30:00,0,0,,3.97
2026/4/12 7:45:00,0,0,,3.97
2026/4/12 8:00:00,0,0,,4.14
2026/4/12 8:15:00,0,0,,3.81
2026/4/12 8:30:00,0,0,,3.97
2026/4/12 8:45:00,0,0,,3.97
2026/4/12 9:00:00,0,0,,0
2026/4/12 9:15:00,0,0,,0
2026/4/12 9:30:00,0,0,,3.97
2026/4/12 9:45:00,0,0,,0
2026/4/12 10:00:00,0,0,,0
2026/4/12 10:15:00,0,0,,0
2026/4/12 10:30:00,0,0,,0
2026/4/12 10:45:00,0,0,,0
2026/4/12 11:00:00,0,0,,0
2026/4/12 11:15:00,0,0,,0
2026/4/12 11:30:00,0,0,,0
2026/4/12 11:45:00,0,0,,0
2026/4/12 12:00:00,0,0,,105.44
2026/4/12 12:15:00,0,0,,104.78
2026/4/12 12:30:00,0,0,,104.62
2026/4/12 12:45:00,0,0,,0
2026/4/12 13:00:00,721.55,0,,112.23
2026/4/12 13:15:00,718.73,0,,112.06
2026/4/12 13:30:00,714.26,0,,112.06
2026/4/12 13:45:00,513.31,0,,112.23
2026/4/12 14:00:00,417.96,0,,112.06
2026/4/12 14:15:00,409.52,0,,112.06
2026/4/12 14:30:00,418.13,0,,112.23
2026/4/12 14:45:00,420.61,0,,112.23
2026/4/12 15:00:00,423.76,0,,112.06
2026/4/12 15:15:00,423.1,0,,112.06
2026/4/12 15:30:00,422.77,0,,111.73
2026/4/12 15:45:00,422.43,0,,112.56
2026/4/12 16:00:00,0,0,,112.06
2026/4/12 16:15:00,0,0,,112.23
2026/4/12 16:30:00,0,0,,112.23
2026/4/12 16:45:00,0,0,,112.4
2026/4/12 17:00:00,0,0,,112.4
2026/4/12 17:15:00,0,0,,112.23
2026/4/12 17:30:00,0,0,,112.06
2026/4/12 17:45:00,0,0,,112.4
2026/4/12 18:00:00,545.09,0,,104.62
2026/4/12 18:15:00,735.45,0,,104.62
2026/4/12 18:30:00,724.36,0,,104.45
2026/4/12 18:45:00,721.05,0,,104.28
2026/4/12 19:00:00,675.7,0,,104.12
2026/4/12 19:15:00,523.57,0,,104.12
2026/4/12 19:30:00,459.02,0,,104.12
2026/4/12 19:45:00,0,0,,104.28
2026/4/12 20:00:00,0,0,,0
2026/4/12 20:15:00,0,0,,112.4
2026/4/12 20:30:00,0,0,,111.9
2026/4/12 20:45:00,0,0,,0
2026/4/12 21:00:00,0,0,,0
2026/4/12 21:15:00,0,0,,0
2026/4/12 21:30:00,0,0,,0
2026/4/12 21:45:00,0,0,,0
2026/4/12 22:00:00,0,0,,3.97
2026/4/12 22:15:00,0,0,,3.97
2026/4/12 22:30:00,0,0,,3.97
2026/4/12 22:45:00,0,0,,3.81
2026/4/12 23:00:00,0,0,,3.97
2026/4/12 23:15:00,0,0,,3.81
2026/4/12 23:30:00,0,0,,3.81
2026/4/12 23:45:00,0,0,,3.97
2026/4/13 0:00:00,0,0,,3.97
2026/4/13 0:15:00,0,0,,3.81
2026/4/13 0:30:00,0,0,,3.97
2026/4/13 0:45:00,0,0,,3.97
2026/4/13 1:00:00,0,0,,4.14
2026/4/13 1:15:00,0,0,,3.97
2026/4/13 1:30:00,0,0,,3.97
2026/4/13 1:45:00,0,0,,4.14
2026/4/13 2:00:00,0,0,,0
2026/4/13 2:15:00,0,0,,3.97
2026/4/13 2:30:00,0,0,,0
2026/4/13 2:45:00,0,0,,3.81
2026/4/13 3:00:00,0,0,,3.97
2026/4/13 3:15:00,0,0,,4.14
2026/4/13 3:30:00,0,0,,3.97
2026/4/13 3:45:00,0,0,,3.97
2026/4/13 4:00:00,0,0,,3.81
2026/4/13 4:15:00,0,0,,3.81
2026/4/13 4:30:00,0,0,,3.97
2026/4/13 4:45:00,0,0,,0
2026/4/13 5:00:00,0,0,,0
2026/4/13 5:15:00,0,0,,0
2026/4/13 5:30:00,0,0,,0
2026/4/13 5:45:00,0,0,,0
2026/4/13 6:00:00,0,0,,0
2026/4/13 6:15:00,0,0,,0
2026/4/13 6:30:00,0,0,,0
2026/4/13 6:45:00,0,0,,0
2026/4/13 7:00:00,0,0,,0
2026/4/13 7:15:00,0,0,,0
2026/4/13 7:30:00,0,0,,0
2026/4/13 7:45:00,0,0,,0
2026/4/13 8:00:00,0,0,,0
2026/4/13 8:15:00,0,0,,0
2026/4/13 8:30:00,0,0,,0
2026/4/13 8:45:00,0,0,,0
2026/4/13 9:00:00,0,0,,0
2026/4/13 9:15:00,0,0,,0
2026/4/13 9:30:00,0,0,,0
2026/4/13 9:45:00,0,0,,0
2026/4/13 10:00:00,0,0,,0
2026/4/13 10:15:00,0,0,,0
2026/4/13 10:30:00,0,0,,0
2026/4/13 10:45:00,0,0,,0
2026/4/13 11:00:00,0,0,,0
2026/4/13 11:15:00,0,0,,0
2026/4/13 11:30:00,0,0,,0
2026/4/13 11:45:00,0,0,,0
2026/4/13 12:00:00,0,0,,0
2026/4/13 12:15:00,0,0,,0
2026/4/13 12:30:00,0,0,,0
2026/4/13 12:45:00,0,0,,0
2026/4/13 13:00:00,0,0,,0
2026/4/13 13:15:00,0,0,,0
2026/4/13 13:30:00,0,0,,0
2026/4/13 13:45:00,0,0,,0
2026/4/13 14:00:00,0,0,,0
2026/4/13 14:15:00,0,0,,0
2026/4/13 14:30:00,0,0,,0
2026/4/13 14:45:00,0,0,,0
2026/4/13 15:00:00,0,0,,0
2026/4/13 15:15:00,0,0,,0
2026/4/13 15:30:00,0,0,,0
2026/4/13 15:45:00,0,0,,0
2026/4/13 16:00:00,0,0,,0
2026/4/13 16:15:00,0,0,,0
2026/4/13 16:30:00,0,0,,0
2026/4/13 16:45:00,0,0,,0
2026/4/13 17:00:00,0,0,,0
2026/4/13 17:15:00,0,0,,0
2026/4/13 17:30:00,0,0,,0
2026/4/13 17:45:00,0,0,,0
2026/4/13 18:00:00,0,0,,0
2026/4/13 18:15:00,0,0,,0
2026/4/13 18:30:00,0,0,,0
2026/4/13 18:45:00,0,0,,0
2026/4/13 19:00:00,0,0,,0
2026/4/13 19:15:00,0,0,,0
2026/4/13 19:30:00,0,0,,0
2026/4/13 19:45:00,0,0,,0
2026/4/13 20:00:00,0,0,,0
2026/4/13 20:15:00,0,0,,0
2026/4/13 20:30:00,0,0,,0
2026/4/13 20:45:00,0,0,,3.81
2026/4/13 21:00:00,0,0,,4.14
2026/4/13 21:15:00,0,0,,3.97
2026/4/13 21:30:00,0,0,,3.97
2026/4/13 21:45:00,0,0,,3.97
2026/4/13 22:00:00,0,0,,3.97
2026/4/13 22:15:00,0,0,,4.14
2026/4/13 22:30:00,0,0,,4.14
2026/4/13 22:45:00,0,0,,3.97
2026/4/13 23:00:00,0,0,,3.97
2026/4/13 23:15:00,0,0,,3.97
2026/4/13 23:30:00,0,0,,0
2026/4/13 23:45:00,0,0,,3.81
2026/4/14 0:00:00,0,0,,0
2026/4/14 0:15:00,0,0,,0
2026/4/14 0:30:00,0,0,,0
2026/4/14 0:45:00,0,0,,0
2026/4/14 1:00:00,0,0,,3.81
2026/4/14 1:15:00,0,0,,3.97
2026/4/14 1:30:00,0,0,,3.97
2026/4/14 1:45:00,0,0,,3.97
2026/4/14 2:00:00,0,0,,3.97
2026/4/14 2:15:00,0,0,,3.97
2026/4/14 2:30:00,0,0,,3.97
2026/4/14 2:45:00,0,0,,3.97
2026/4/14 3:00:00,0,0,,3.97
2026/4/14 3:15:00,0,0,,4.14
2026/4/14 3:30:00,0,0,,3.97
2026/4/14 3:45:00,0,0,,3.97
2026/4/14 4:00:00,0,0,,4.14
2026/4/14 4:15:00,0,0,,3.97
2026/4/14 4:30:00,0,0,,3.81
2026/4/14 4:45:00,0,0,,3.81
2026/4/14 5:00:00,0,0,,3.97
2026/4/14 5:15:00,0,0,,3.97
2026/4/14 5:30:00,0,0,,3.81
2026/4/14 5:45:00,0,0,,3.97
2026/4/14 6:00:00,0,0,,0
2026/4/14 6:15:00,0,0,,0
2026/4/14 6:30:00,0,0,,0
2026/4/14 6:45:00,0,0,,0
2026/4/14 7:00:00,0,0,,0
2026/4/14 7:15:00,0,0,,0
2026/4/14 7:30:00,0,0,,0
2026/4/14 7:45:00,0,0,,0
2026/4/14 8:00:00,0,0,,0
2026/4/14 8:15:00,0,0,,0
2026/4/14 8:30:00,0,0,,0
2026/4/14 8:45:00,0,0,,3.97
2026/4/14 9:00:00,0,0,,0
2026/4/14 9:15:00,0,0,,0
2026/4/14 9:30:00,0,0,,0
2026/4/14 9:45:00,0,0,,0
2026/4/14 10:00:00,0,0,,0
2026/4/14 10:15:00,0,0,,0
2026/4/14 10:30:00,0,0,,0
2026/4/14 10:45:00,0,0,,0
2026/4/14 11:00:00,0,0,,0
2026/4/14 11:15:00,0,0,,0
2026/4/14 11:30:00,0,0,,0
2026/4/14 11:45:00,0,0,,0
2026/4/14 12:00:00,0,0,,0
2026/4/14 12:15:00,0,0,,0
2026/4/14 12:30:00,0,0,,0
2026/4/14 12:45:00,0,0,,0
2026/4/14 13:00:00,0,0,,0
2026/4/14 13:15:00,0,0,,0
2026/4/14 13:30:00,0,0,,0
2026/4/14 13:45:00,0,0,,0
2026/4/14 14:00:00,0,0,,0
2026/4/14 14:15:00,0,0,,0
2026/4/14 14:30:00,0,0,,0
2026/4/14 14:45:00,0,0,,0
2026/4/14 15:00:00,0,0,,0
2026/4/14 15:15:00,0,0,,0
2026/4/14 15:30:00,0,0,,0
2026/4/14 15:45:00,0,0,,0
2026/4/14 16:00:00,0,0,,0
2026/4/14 16:15:00,0,0,,0
2026/4/14 16:30:00,0,0,,0
2026/4/14 16:45:00,0,0,,0
2026/4/14 17:00:00,0,0,,0
2026/4/14 17:15:00,0,0,,0
2026/4/14 17:30:00,0,0,,0
2026/4/14 17:45:00,0,0,,0
2026/4/14 18:00:00,0,0,,0
2026/4/14 18:15:00,0,0,,0
2026/4/14 18:30:00,0,0,,0
2026/4/14 18:45:00,0,0,,0
2026/4/14 19:00:00,0,0,,0
2026/4/14 19:15:00,0,0,,0
2026/4/14 19:30:00,0,0,,0
2026/4/14 19:45:00,0,0,,0
2026/4/14 20:00:00,0,0,,0
2026/4/14 20:15:00,0,0,,0
2026/4/14 20:30:00,0,0,,0
2026/4/14 20:45:00,0,0,,0
2026/4/14 21:00:00,0,0,,0
2026/4/14 21:15:00,0,0,,0
2026/4/14 21:30:00,0,0,,0
2026/4/14 21:45:00,0,0,,0
2026/4/14 22:00:00,0,0,,0
2026/4/14 22:15:00,0,0,,0
2026/4/14 22:30:00,0,0,,0
2026/4/14 22:45:00,0,0,,0
2026/4/14 23:00:00,0,0,,0
2026/4/14 23:15:00,0,0,,0
2026/4/14 23:30:00,0,0,,3.97
2026/4/14 23:45:00,0,0,,0
2026/4/15 0:00:00,0,0,,0
2026/4/15 0:15:00,0,0,,0
2026/4/15 0:30:00,0,0,,0
2026/4/15 0:45:00,0,0,,0
2026/4/15 1:00:00,0,0,,0
2026/4/15 1:15:00,0,0,,0
2026/4/15 1:30:00,0,0,,0
2026/4/15 1:45:00,0,0,,0
2026/4/15 2:00:00,0,0,,0
2026/4/15 2:15:00,0,0,,0
2026/4/15 2:30:00,0,0,,0
2026/4/15 2:45:00,0,0,,3.81
2026/4/15 3:00:00,0,0,,3.97
2026/4/15 3:15:00,0,0,,3.97
2026/4/15 3:30:00,0,0,,3.97
2026/4/15 3:45:00,0,0,,3.97
2026/4/15 4:00:00,0,0,,3.97
2026/4/15 4:15:00,0,0,,3.97
2026/4/15 4:30:00,0,0,,3.81
2026/4/15 4:45:00,0,0,,3.97
2026/4/15 5:00:00,0,0,,3.97
2026/4/15 5:15:00,0,0,,3.81
2026/4/15 5:30:00,0,0,,0
2026/4/15 5:45:00,0,0,,0
2026/4/15 6:00:00,0,0,,0
2026/4/15 6:15:00,0,0,,0
2026/4/15 6:30:00,0,0,,0
2026/4/15 6:45:00,0,0,,0
2026/4/15 7:00:00,0,0,,0
2026/4/15 7:15:00,0,0,,0
2026/4/15 7:30:00,0,0,,0
2026/4/15 7:45:00,0,0,,0
2026/4/15 8:00:00,0,0,,0
2026/4/15 8:15:00,0,0,,0
2026/4/15 8:30:00,0,0,,0
2026/4/15 8:45:00,0,0,,0
2026/4/15 9:00:00,0,0,,0
2026/4/15 9:15:00,0,0,,0
2026/4/15 9:30:00,0,0,,0
2026/4/15 9:45:00,0,0,,0
2026/4/15 10:00:00,0,0,,0
2026/4/15 10:15:00,0,0,,0
2026/4/15 10:30:00,0,0,,0
2026/4/15 10:45:00,0,0,,0
2026/4/15 11:00:00,0,0,,0
2026/4/15 11:15:00,0,0,,0
2026/4/15 11:30:00,0,0,,0
2026/4/15 11:45:00,0,0,,0
2026/4/15 12:00:00,0,0,,0
2026/4/15 12:15:00,0,0,,0
2026/4/15 12:30:00,0,0,,0
2026/4/15 12:45:00,0,0,,0
2026/4/15 13:00:00,0,0,,0
2026/4/15 13:15:00,0,0,,0
2026/4/15 13:30:00,0,0,,0
2026/4/15 13:45:00,0,0,,0
2026/4/15 14:00:00,0,0,,0
2026/4/15 14:15:00,0,0,,0
2026/4/15 14:30:00,0,0,,0
2026/4/15 14:45:00,0,0,,0
2026/4/15 15:00:00,0,0,,0
2026/4/15 15:15:00,0,0,,0
2026/4/15 15:30:00,0,0,,0
2026/4/15 15:45:00,0,0,,0
2026/4/15 16:00:00,0,0,,0
2026/4/15 16:15:00,0,0,,0
2026/4/15 16:30:00,0,0,,0
2026/4/15 16:45:00,0,0,,0
2026/4/15 17:00:00,0,0,,0
2026/4/15 17:15:00,0,0,,0
2026/4/15 17:30:00,0,0,,0
2026/4/15 17:45:00,0,0,,0
2026/4/15 18:00:00,435.18,0,,104.28
2026/4/15 18:15:00,704.66,0,,104.12
2026/4/15 18:30:00,729.82,0,,104.45
2026/4/15 18:45:00,721.88,0,,104.12
2026/4/15 19:00:00,721.05,0,,104.28
2026/4/15 19:15:00,710.46,0,,104.12
2026/4/15 19:30:00,584.82,0,,104.12
2026/4/15 19:45:00,464.15,0,,104.45
2026/4/15 20:00:00,0,0,,104.12
2026/4/15 20:15:00,0,0,,104.28
2026/4/15 20:30:00,0,0,,104.45
2026/4/15 20:45:00,0,0,,104.45
2026/4/15 21:00:00,0,0,,0
2026/4/15 21:15:00,0,0,,0
2026/4/15 21:30:00,0,0,,3.97
2026/4/15 21:45:00,0,0,,3.97
2026/4/15 22:00:00,0,0,,3.97
2026/4/15 22:15:00,0,0,,3.97
2026/4/15 22:30:00,0,0,,0
2026/4/15 22:45:00,0,0,,0
2026/4/15 23:00:00,0,0,,0
2026/4/15 23:15:00,0,0,,0
2026/4/15 23:30:00,0,0,,0
2026/4/15 23:45:00,0,0,,0
2026/4/16 0:00:00,0,0,,3.97
2026/4/16 0:15:00,0,0,,0
2026/4/16 0:30:00,0,0,,0
2026/4/16 0:45:00,0,0,,0
2026/4/16 1:00:00,0,2.15,,3.97
2026/4/16 1:15:00,0,0,,3.81
2026/4/16 1:30:00,0,0,,3.97
2026/4/16 1:45:00,0,0,,3.81
2026/4/16 2:00:00,0,0,,3.97
2026/4/16 2:15:00,0,0,,3.81
2026/4/16 2:30:00,0,0,,3.97
2026/4/16 2:45:00,0,0,,3.97
2026/4/16 3:00:00,0,0,,3.97
2026/4/16 3:15:00,0,0,,3.97
2026/4/16 3:30:00,0,0,,3.81
2026/4/16 3:45:00,0,0,,3.81
2026/4/16 4:00:00,0,0,,3.97
2026/4/16 4:15:00,0,0,,3.81
2026/4/16 4:30:00,0,0,,3.97
2026/4/16 4:45:00,0,0,,3.81
2026/4/16 5:00:00,0,0,,3.81
2026/4/16 5:15:00,0,0,,3.97
2026/4/16 5:30:00,0,0,,3.97
2026/4/16 5:45:00,0,0,,0
2026/4/16 6:00:00,0,0,,3.81
2026/4/16 6:15:00,0,0,,0
2026/4/16 6:30:00,0,0,,0
2026/4/16 6:45:00,0,0,,0
2026/4/16 7:00:00,0,0,,0
2026/4/16 7:15:00,0,0,,0
2026/4/16 7:30:00,0,0,,0
2026/4/16 7:45:00,0,0,,0
2026/4/16 8:00:00,0,0,,0
2026/4/16 8:15:00,0,0,,0
2026/4/16 8:30:00,0,0,,0
2026/4/16 8:45:00,0,0,,0
2026/4/16 9:00:00,0,0,,0
2026/4/16 9:15:00,0,0,,0
2026/4/16 9:30:00,0,0,,0
2026/4/16 9:45:00,0,0,,0
2026/4/16 10:00:00,0,0,,0
2026/4/16 10:15:00,0,0,,0
2026/4/16 10:30:00,0,0,,0
2026/4/16 10:45:00,0,0,,0
2026/4/16 11:00:00,0,0,,0
2026/4/16 11:15:00,0,0,,0
2026/4/16 11:30:00,0,0,,0
2026/4/16 11:45:00,0,0,,0
2026/4/16 12:00:00,0,0,,0
2026/4/16 12:15:00,0,0,,0
2026/4/16 12:30:00,0,0,,0
2026/4/16 12:45:00,0,0,,0
2026/4/16 13:00:00,0,0,,0
2026/4/16 13:15:00,0,0,,0
2026/4/16 13:30:00,0,0,,0
2026/4/16 13:45:00,0,0,,0
2026/4/16 14:00:00,0,0,,0
2026/4/16 14:15:00,0,0,,0
2026/4/16 14:30:00,0,0,,0
2026/4/16 14:45:00,0,0,,0
2026/4/16 15:00:00,0,0,,0
2026/4/16 15:15:00,0,0,,0
2026/4/16 15:30:00,0,0,,0
2026/4/16 15:45:00,0,0,,0
2026/4/16 16:00:00,544.26,0,,111.9
2026/4/16 16:15:00,734.62,0,,112.23
2026/4/16 16:30:00,724.69,0,,111.9
2026/4/16 16:45:00,717.08,0,,111.4
2026/4/16 17:00:00,655.17,0,,111.57
2026/4/16 17:15:00,535.82,0,,111.9
2026/4/16 17:30:00,479.87,0,,111.57
2026/4/16 17:45:00,462.99,0,,111.57
2026/4/16 18:00:00,459.51,0,,111.4
2026/4/16 18:15:00,549.89,0,,111.73
2026/4/16 18:30:00,531.85,0,,111.4
2026/4/16 18:45:00,526.22,0,,111.57
2026/4/16 19:00:00,524.73,0,,111.73
2026/4/16 19:15:00,497.25,0,,111.9
2026/4/16 19:30:00,484.18,0,,111.57
2026/4/16 19:45:00,473.25,0,,111.73
2026/4/16 20:00:00,470.6,0,,111.4
2026/4/16 20:15:00,458.35,0,,111.73
2026/4/16 20:30:00,0,0,,0
2026/4/16 20:45:00,0,0,,104.62
2026/4/16 21:00:00,0,0,,104.12
2026/4/16 21:15:00,0,0,,104.78
2026/4/16 21:30:00,0,0,,0
2026/4/16 21:45:00,0,0,,0
2026/4/16 22:00:00,0,0,,0
2026/4/16 22:15:00,0,0,,0
2026/4/16 22:30:00,0,0,,0
2026/4/16 22:45:00,0,0,,0
2026/4/16 23:00:00,0,0,,0
2026/4/16 23:15:00,0,0,,0
2026/4/16 23:30:00,0,0,,0
2026/4/16 23:45:00,0,0,,0
2026/4/17 0:00:00,0,0,,0
2026/4/17 0:15:00,0,0,,0
2026/4/17 0:30:00,0,0,,0
2026/4/17 0:45:00,0,0,,0
2026/4/17 1:00:00,0,0,,0
2026/4/17 1:15:00,0,0,,0
2026/4/17 1:30:00,0,0,,3.81
2026/4/17 1:45:00,0,0,,3.81
2026/4/17 2:00:00,0,0,,0
2026/4/17 2:15:00,0,0,,3.81
2026/4/17 2:30:00,0,0,,0
2026/4/17 2:45:00,0,0,,3.81
2026/4/17 3:00:00,0,0,,0
2026/4/17 3:15:00,0,0,,3.81
2026/4/17 3:30:00,0,0,,0
2026/4/17 3:45:00,0,0,,3.81
2026/4/17 4:00:00,0,0,,3.81
2026/4/17 4:15:00,0,0,,3.97
2026/4/17 4:30:00,0,0,,0
2026/4/17 4:45:00,0,0,,3.97
2026/4/17 5:00:00,0,0,,0
2026/4/17 5:15:00,0,0,,0
2026/4/17 5:30:00,0,0,,0
2026/4/17 5:45:00,0,0,,0
2026/4/17 6:00:00,0,0,,0
2026/4/17 6:15:00,0,0,,0
2026/4/17 6:30:00,0,0,,0
2026/4/17 6:45:00,0,0,,0
2026/4/17 7:00:00,0,0,,0
2026/4/17 7:15:00,0,0,,0
2026/4/17 7:30:00,0,0,,0
2026/4/17 7:45:00,0,0,,0
2026/4/17 8:00:00,0,0,,0
2026/4/17 8:15:00,0,0,,0
2026/4/17 8:30:00,0,0,,0
2026/4/17 8:45:00,0,0,,0
2026/4/17 9:00:00,0,0,,0
2026/4/17 9:15:00,0,0,,0
2026/4/17 9:30:00,0,0,,0
2026/4/17 9:45:00,0,0,,0
2026/4/17 10:00:00,0,0,,0
2026/4/17 10:15:00,723.04,0,,111.9
2026/4/17 10:30:00,725.69,0,,111.73
2026/4/17 10:45:00,712.77,0,,111.9
2026/4/17 11:00:00,537.81,0,,112.06
2026/4/17 11:15:00,416.81,0,,111.9
2026/4/17 11:30:00,507.68,0,,111.9
2026/4/17 11:45:00,464.98,0,,112.06
2026/4/17 12:00:00,410.02,0,,111.73
2026/4/17 12:15:00,392.64,0,,111.57
2026/4/17 12:30:00,392.8,0,,111.57
2026/4/17 12:45:00,394.96,0,,111.9
2026/4/17 13:00:00,393.63,0,,111.57
2026/4/17 13:15:00,405.72,0,,111.9
2026/4/17 13:30:00,403.89,0,,112.06
2026/4/17 13:45:00,404.39,0,,111.9
2026/4/17 14:00:00,0,0,,111.9
2026/4/17 14:15:00,0,0,,111.73
2026/4/17 14:30:00,0,0,,320.63
2026/4/17 14:45:00,0,0,,468.95
2026/4/17 15:00:00,0,0,,502.22
2026/4/17 15:15:00,0,0,,490.96
2026/4/17 15:30:00,0,0,,498.91
2026/4/17 15:45:00,0,0,,506.19
2026/4/17 16:00:00,0,0,,503.88
2026/4/17 16:15:00,0,0,,504.37
2026/4/17 16:30:00,0,0,,509.5
2026/4/17 16:45:00,0,0,,510.66
2026/4/17 17:00:00,0,0,,511.49
2026/4/17 17:15:00,0,0,,149.31
2026/4/17 17:30:00,718.07,0,,104.45
2026/4/17 17:45:00,719.23,0,,104.28
2026/4/17 18:00:00,721.88,0,,104.28
2026/4/17 18:15:00,651.53,0,,104.28
2026/4/17 18:30:00,547.58,0,,104.12
2026/4/17 18:45:00,498.25,0,,104.45
2026/4/17 19:00:00,473.42,0,,104.45
2026/4/17 19:15:00,455.54,0,,104.45
2026/4/17 19:30:00,457.69,0,,104.28
2026/4/17 19:45:00,456.7,0,,104.12
2026/4/17 20:00:00,448.92,0,,104.12
2026/4/17 20:15:00,450.41,0,,104.62
2026/4/17 20:30:00,450.24,0,,104.45
2026/4/17 20:45:00,0,0,,0
2026/4/17 21:00:00,0,0,,0
2026/4/17 21:15:00,0,0,,0
2026/4/17 21:30:00,0,0,,0
2026/4/17 21:45:00,0,0,,3.97
2026/4/17 22:00:00,0,0,,3.97
2026/4/17 22:15:00,0,0,,3.97
2026/4/17 22:30:00,0,0,,0
2026/4/17 22:45:00,0,0,,0
2026/4/17 23:00:00,0,0,,0
2026/4/17 23:15:00,0,0,,3.81
2026/4/17 23:30:00,0,0,,3.97
2026/4/17 23:45:00,0,0,,3.97
2026/4/18 0:00:00,0,0,,0
2026/4/18 0:15:00,0,0,,0
2026/4/18 0:30:00,0,0,,0
2026/4/18 0:45:00,0,0,,0
2026/4/18 1:00:00,0,0,,0
2026/4/18 1:15:00,0,0,,3.97
2026/4/18 1:30:00,0,0,,3.97
2026/4/18 1:45:00,0,0,,3.97
2026/4/18 2:00:00,0,0,,0
2026/4/18 2:15:00,0,0,,3.81
2026/4/18 2:30:00,0,0,,0
2026/4/18 2:45:00,0,0,,0
2026/4/18 3:00:00,0,0,,3.81
2026/4/18 3:15:00,0,0,,3.97
2026/4/18 3:30:00,0,0,,3.81
2026/4/18 3:45:00,0,0,,3.81
2026/4/18 4:00:00,0,0,,0
2026/4/18 4:15:00,0,0,,0
2026/4/18 4:30:00,0,0,,0
2026/4/18 4:45:00,0,0,,0
2026/4/18 5:00:00,0,0,,0
2026/4/18 5:15:00,0,0,,0
2026/4/18 5:30:00,0,0,,0
2026/4/18 5:45:00,0,0,,0
2026/4/18 6:00:00,0,0,,0
2026/4/18 6:15:00,0,0,,0
2026/4/18 6:30:00,0,0,,0
2026/4/18 6:45:00,0,0,,0
2026/4/18 7:00:00,0,0,,0
2026/4/18 7:15:00,0,0,,0
2026/4/18 7:30:00,0,0,,0
2026/4/18 7:45:00,0,0,,0
2026/4/18 8:00:00,0,0,,0
2026/4/18 8:15:00,0,0,,0
2026/4/18 8:30:00,0,0,,0
2026/4/18 8:45:00,0,0,,0
2026/4/18 9:00:00,0,0,,0
2026/4/18 9:15:00,0,0,,0
2026/4/18 9:30:00,0,0,,0
2026/4/18 9:45:00,0,0,,0
2026/4/18 10:00:00,521.26,0,,111.24
2026/4/18 10:15:00,697.21,0,,111.57
2026/4/18 10:30:00,543.44,0,,111.73
2026/4/18 10:45:00,428.06,0,,111.57
2026/4/18 11:00:00,422.93,0,,111.73
2026/4/18 11:15:00,402.9,0,,111.9
2026/4/18 11:30:00,401.91,0,,111.9
2026/4/18 11:45:00,403.07,0,,111.73
2026/4/18 12:00:00,400.25,0,,112.06
2026/4/18 12:15:00,400.75,0,,111.9
2026/4/18 12:30:00,398.27,0,,111.73
2026/4/18 12:45:00,398.93,0,,111.73
2026/4/18 13:00:00,398.1,0,,111.9
2026/4/18 13:15:00,400.09,0,,111.9
2026/4/18 13:30:00,399.92,0,,111.73
2026/4/18 13:45:00,400.42,0,,111.73
2026/4/18 14:00:00,399.92,0,,111.73
2026/4/18 14:15:00,399.26,0,,111.24
2026/4/18 14:30:00,400.42,0,,111.9
2026/4/18 14:45:00,400.25,0,,111.57
2026/4/18 15:00:00,400.92,0,,111.9
2026/4/18 15:15:00,400.58,0,,111.4
2026/4/18 15:30:00,413.16,0,,111.57
2026/4/18 15:45:00,481.03,0,,112.4
2026/4/18 16:00:00,494.44,0,,112.73
2026/4/18 16:15:00,494.11,0,,112.23
2026/4/18 16:30:00,456.53,0,,112.06
2026/4/18 16:45:00,459.02,0,,112.4
2026/4/18 17:00:00,458.85,0,,112.4
2026/4/18 17:15:00,459.84,0,,111.9
2026/4/18 17:30:00,579.52,0,,112.06
2026/4/18 17:45:00,578.86,0,,112.23
2026/4/18 18:00:00,555.02,0,,112.4
2026/4/18 18:15:00,527.88,0,,112.56
2026/4/18 18:30:00,512.15,0,,112.56
2026/4/18 18:45:00,478.88,0,,112.4
2026/4/18 19:00:00,480.87,0,,112.56
2026/4/18 19:15:00,481.53,0,,111.9
2026/4/18 19:30:00,494.44,0,,112.4
2026/4/18 19:45:00,493.45,0,,112.73
2026/4/18 20:00:00,492.62,0,,112.4
2026/4/18 20:15:00,493.61,0,,112.73
2026/4/18 20:30:00,494.27,0,,112.56
2026/4/18 20:45:00,0,0,,112.73
2026/4/18 21:00:00,0,0,,112.56
2026/4/18 21:15:00,0,0,,112.4
2026/4/18 21:30:00,0,0,,0
2026/4/18 21:45:00,0,0,,0
2026/4/18 22:00:00,0,0,,0
2026/4/18 22:15:00,0,0,,0
2026/4/18 22:30:00,0,0,,0
2026/4/18 22:45:00,0,0,,0
2026/4/18 23:00:00,0,0,,3.81
2026/4/18 23:15:00,0,0,,3.81
2026/4/18 23:30:00,0,0,,3.97
2026/4/18 23:45:00,0,0,,3.97
2026/4/19 0:00:00,0,0,,3.81
2026/4/19 0:15:00,0,0,,0
2026/4/19 0:30:00,0,0,,3.97
2026/4/19 0:45:00,0,0,,3.97
2026/4/19 1:00:00,0,0,,3.81
2026/4/19 1:15:00,0,0,,3.97
2026/4/19 1:30:00,0,0,,3.97
2026/4/19 1:45:00,0,0,,3.97
2026/4/19 2:00:00,0,0,,3.81
2026/4/19 2:15:00,0,0,,3.97
2026/4/19 2:30:00,0,0,,3.97
2026/4/19 2:45:00,0,0,,4.14
2026/4/19 3:00:00,0,0,,3.97
2026/4/19 3:15:00,0,0,,4.14
2026/4/19 3:30:00,0,0,,4.14
2026/4/19 3:45:00,0,0,,0
2026/4/19 4:00:00,0,0,,0
2026/4/19 4:15:00,0,0,,0
2026/4/19 4:30:00,0,0,,0
2026/4/19 4:45:00,0,0,,3.97
2026/4/19 5:00:00,0,0,,0
2026/4/19 5:15:00,0,0,,0
2026/4/19 5:30:00,0,0,,0
2026/4/19 5:45:00,0,0,,0
2026/4/19 6:00:00,0,0,,0
2026/4/19 6:15:00,0,0,,0
2026/4/19 6:30:00,0,0,,0
2026/4/19 6:45:00,0,0,,0
2026/4/19 7:00:00,0,0,,0
2026/4/19 7:15:00,0,0,,0
2026/4/19 7:30:00,0,0,,0
2026/4/19 7:45:00,0,0,,0
2026/4/19 8:00:00,0,0,,0
2026/4/19 8:15:00,0,0,,0
2026/4/19 8:30:00,0,0,,0
2026/4/19 8:45:00,0,0,,0
2026/4/19 9:00:00,0,0,,0
2026/4/19 9:15:00,0,0,,0
2026/4/19 9:30:00,0,0,,0
2026/4/19 9:45:00,0,0,,0
2026/4/19 10:00:00,752.67,0,,104.62
2026/4/19 10:15:00,735.29,0,,104.62
2026/4/19 10:30:00,711.78,0,,104.62
2026/4/19 10:45:00,600.21,0,,104.78
2026/4/19 11:00:00,490.96,0,,104.62
2026/4/19 11:15:00,454.38,0,,104.62
2026/4/19 11:30:00,452.4,0,,104.45
2026/4/19 11:45:00,454.88,0,,104.45
2026/4/19 12:00:00,551.38,0,,104.62
2026/4/19 12:15:00,553.53,0,,104.45
2026/4/19 12:30:00,528.87,0,,104.45
2026/4/19 12:45:00,500.73,0,,104.62
2026/4/19 13:00:00,500.23,0,,104.62
2026/4/19 13:15:00,501.56,0,,104.45
2026/4/19 13:30:00,502.39,0,,104.62
2026/4/19 13:45:00,501.06,0,,104.28
2026/4/19 14:00:00,503.05,0,,104.62
2026/4/19 14:15:00,501.72,0,,104.62
2026/4/19 14:30:00,500.9,0,,104.62
2026/4/19 14:45:00,502.72,0,,104.45
2026/4/19 15:00:00,550.89,0,,104.45
2026/4/19 15:15:00,553.2,0,,104.12
2026/4/19 15:30:00,550.06,0,,104.28
2026/4/19 15:45:00,537.81,0,,104.62
2026/4/19 16:00:00,526.55,0,,104.45
2026/4/19 16:15:00,522.41,0,,104.62
2026/4/19 16:30:00,511.49,0,,104.28
2026/4/19 16:45:00,512.98,0,,104.62
2026/4/19 17:00:00,513.48,0,,104.45
2026/4/19 17:15:00,510.33,0,,104.45
2026/4/19 17:30:00,512.65,0,,104.78
2026/4/19 17:45:00,514.97,0,,104.45
2026/4/19 18:00:00,523.9,0,,104.62
2026/4/19 18:15:00,520.43,0,,104.62
2026/4/19 18:30:00,519.6,0,,104.78
2026/4/19 18:45:00,551.88,0,,102.79
2026/4/19 19:00:00,556.68,0,,102.79
2026/4/19 19:15:00,569.59,0,,102.96
2026/4/19 19:30:00,570.42,0,,102.96
2026/4/19 19:45:00,570.25,0,,102.96
2026/4/19 20:00:00,578.03,0,,102.96
2026/4/19 20:15:00,576.05,0,,102.96
2026/4/19 20:30:00,579.03,0,,103.13
2026/4/19 20:45:00,578.2,0,,103.13
2026/4/19 21:00:00,573.89,0,,103.13
2026/4/19 21:15:00,553.87,0,,103.13
2026/4/19 21:30:00,552.87,0,,103.29
2026/4/19 21:45:00,528.04,0,,103.13
2026/4/19 22:00:00,0,0,,0
2026/4/19 22:15:00,0,0,,0
2026/4/19 22:30:00,0,0,,3.97
2026/4/19 22:45:00,0,0,,3.81
2026/4/19 23:00:00,0,0,,0
2026/4/19 23:15:00,0,0,,3.81
2026/4/19 23:30:00,0,0,,3.97
2026/4/19 23:45:00,0,0,,3.97
2026/4/20 0:00:00,0,0,,
2026/4/20 0:15:00,0,0,,
2026/4/20 0:30:00,0,0,,
2026/4/20 0:45:00,0,0,,
2026/4/20 1:00:00,0,0,,
2026/4/20 1:15:00,0,0,,
2026/4/20 1:30:00,0,0,,
2026/4/20 1:45:00,0,0,,
2026/4/20 2:00:00,0,0,,
2026/4/20 2:15:00,0,0,,
2026/4/20 2:30:00,0,0,,
2026/4/20 2:45:00,0,0,,
2026/4/20 3:00:00,0,0,,
2026/4/20 3:15:00,0,0,,
2026/4/20 3:30:00,0,0,,
2026/4/20 3:45:00,0,0,,
2026/4/20 4:00:00,0,0,,
2026/4/20 4:15:00,0,0,,
2026/4/20 4:30:00,0,0,,
2026/4/20 4:45:00,0,1.49,,
2026/4/20 5:00:00,0,0,,
2026/4/20 5:15:00,0,0,,
2026/4/20 5:30:00,0,0,,
2026/4/20 5:45:00,0,0,,
2026/4/20 6:00:00,0,0,,
2026/4/20 6:15:00,0,0,,
2026/4/20 6:30:00,0,0,,
2026/4/20 6:45:00,0,0,,
2026/4/20 7:00:00,0,0,,
2026/4/20 7:15:00,0,0,,
2026/4/20 7:30:00,0,0,,
2026/4/20 7:45:00,0,0,,
2026/4/20 8:00:00,0,0,,
2026/4/20 8:15:00,0,0,,
2026/4/20 8:30:00,0,0,,
2026/4/20 8:45:00,0,0,,
2026/4/20 9:00:00,0,0,,
2026/4/20 9:15:00,0,0,,
2026/4/20 9:30:00,0,0,,
2026/4/20 9:45:00,0,0,,
2026/4/20 10:00:00,0,0,,
2026/4/20 10:15:00,0,0,,
2026/4/20 10:30:00,0,0,,
2026/4/20 10:45:00,0,0,,
2026/4/20 11:00:00,0,0,,
2026/4/20 11:15:00,0,0,,
2026/4/20 11:30:00,0,0,,
2026/4/20 11:45:00,0,0,,
2026/4/20 12:00:00,0,0,,
2026/4/20 12:15:00,0,0,,
2026/4/20 12:30:00,0,0,,
2026/4/20 12:45:00,0,0,,
2026/4/20 13:00:00,0,0,,
2026/4/20 13:15:00,0,0,,
2026/4/20 13:30:00,0,0,,
2026/4/20 13:45:00,0,0,,
2026/4/20 14:00:00,0,0,,
2026/4/20 14:15:00,0,0,,
2026/4/20 14:30:00,0,0,,
2026/4/20 14:45:00,0,0,,
2026/4/20 15:00:00,0,0,,
2026/4/20 15:15:00,0,0,,
2026/4/20 15:30:00,0,0,,
2026/4/20 15:45:00,1.82,0,,
2026/4/20 16:00:00,0,0,,
2026/4/20 16:15:00,0,0,,
2026/4/20 16:30:00,684.63,0,,
2026/4/20 16:45:00,713.44,0,,
2026/4/20 17:00:00,724.86,0,,
2026/4/20 17:15:00,551.71,0,,
2026/4/20 17:30:00,469.61,0,,
2026/4/20 17:45:00,427.57,0,,
2026/4/20 18:00:00,422.6,0,,
2026/4/20 18:15:00,406.54,0,,
2026/4/20 18:30:00,393.96,0,,
2026/4/20 18:45:00,370.95,0,,
2026/4/20 19:00:00,371.45,0,,
2026/4/20 19:15:00,372.44,1.82,,
2026/4/20 19:30:00,0,0,,
2026/4/20 19:45:00,0,0,,
2026/4/20 20:00:00,0,0,,
2026/4/20 20:15:00,0,0,,
2026/4/20 20:30:00,0,0,,
2026/4/20 20:45:00,0,0,,
2026/4/20 21:00:00,0,0,,
2026/4/20 21:15:00,0,0,,
2026/4/20 21:30:00,0,0,,
2026/4/20 21:45:00,0,0,,
2026/4/20 22:00:00,0,0,,
2026/4/20 22:15:00,0,0,,
2026/4/20 22:30:00,0,0,,
2026/4/20 22:45:00,0,0,,
2026/4/20 23:00:00,0,0,,
2026/4/20 23:15:00,0,0,,
2026/4/20 23:30:00,0,0,,
2026/4/20 23:45:00,0,0,,
2026/4/21 0:00:00,0,0,,
2026/4/21 0:15:00,0,0,,
2026/4/21 0:30:00,0,0,,
2026/4/21 0:45:00,0,0,,
2026/4/21 1:00:00,0,0,,
2026/4/21 1:15:00,0,0,,
2026/4/21 1:30:00,0,0,,
2026/4/21 1:45:00,0,0,,
2026/4/21 2:00:00,0,0,,
2026/4/21 2:15:00,0,0,,
2026/4/21 2:30:00,0,0,,
2026/4/21 2:45:00,0,0,,
2026/4/21 3:00:00,0,0,,
2026/4/21 3:15:00,0,0,,
2026/4/21 3:30:00,0,0,,
2026/4/21 3:45:00,0,0,,
2026/4/21 4:00:00,0,0,,
2026/4/21 4:15:00,0,0,,
2026/4/21 4:30:00,0,0,,
2026/4/21 4:45:00,0,0,,
2026/4/21 5:00:00,0,0,,
2026/4/21 5:15:00,0,0,,
2026/4/21 5:30:00,0,0,,
2026/4/21 5:45:00,0,0,,
2026/4/21 6:00:00,0,0,,
2026/4/21 6:15:00,0,0,,
2026/4/21 6:30:00,0,0,,
2026/4/21 6:45:00,0,0,,
2026/4/21 7:00:00,0,0,,
2026/4/21 7:15:00,0,0,,
2026/4/21 7:30:00,0,0,,
2026/4/21 7:45:00,0,0,,
2026/4/21 8:00:00,0,0,,
2026/4/21 8:15:00,0,0,,
2026/4/21 8:30:00,0,0,,
2026/4/21 8:45:00,0,0,,
2026/4/21 9:00:00,0,0,,
2026/4/21 9:15:00,0,0,,
2026/4/21 9:30:00,0,0,,
2026/4/21 9:45:00,0,0,,
2026/4/21 10:00:00,0,0,,
2026/4/21 10:15:00,0,0,,
2026/4/21 10:30:00,0,0,,
2026/4/21 10:45:00,0,0,,
2026/4/21 11:00:00,0,0,,
2026/4/21 11:15:00,0,0,,
2026/4/21 11:30:00,0,0,,
2026/4/21 11:45:00,0,0,,
2026/4/21 12:00:00,0,0,,
2026/4/21 12:15:00,0,0,,
2026/4/21 12:30:00,0,0,,
2026/4/21 12:45:00,0,0,,
2026/4/21 13:00:00,0,0,,
2026/4/21 13:15:00,0,0,,
2026/4/21 13:30:00,0,0,,
2026/4/21 13:45:00,0,0,,
2026/4/21 14:00:00,0,0,,
2026/4/21 14:15:00,0,0,,
2026/4/21 14:30:00,0,0,,
2026/4/21 14:45:00,0,0,,
2026/4/21 15:00:00,0,0,,
2026/4/21 15:15:00,0,0,,
2026/4/21 15:30:00,0,0,,
2026/4/21 15:45:00,0,0,,
2026/4/21 16:00:00,0,0,,
2026/4/21 16:15:00,0,0,,
2026/4/21 16:30:00,0,0,,
2026/4/21 16:45:00,0,0,,
2026/4/21 17:00:00,0,0,,
2026/4/21 17:15:00,0,0,,
2026/4/21 17:30:00,0,0,,
2026/4/21 17:45:00,0,0,,
2026/4/21 18:00:00,0,0,,
2026/4/21 18:15:00,0,0,,
2026/4/21 18:30:00,0,0,,
2026/4/21 18:45:00,0,0,,
2026/4/21 19:00:00,0,0,,
2026/4/21 19:15:00,0,0,,
2026/4/21 19:30:00,0,0,,
2026/4/21 19:45:00,0,0,,
2026/4/21 20:00:00,0,0,,
2026/4/21 20:15:00,0,0,,
2026/4/21 20:30:00,0,0,,
2026/4/21 20:45:00,0,0,,
2026/4/21 21:00:00,0,0,,
2026/4/21 21:15:00,0,0,,
2026/4/21 21:30:00,0,0,,
2026/4/21 21:45:00,0,0,,
2026/4/21 22:00:00,0,0,,
2026/4/21 22:15:00,0,0,,
2026/4/21 22:30:00,0,0,,
2026/4/21 22:45:00,0,0,,
2026/4/21 23:00:00,0,0,,
2026/4/21 23:15:00,0,0,,
2026/4/21 23:30:00,0,0,,
2026/4/21 23:45:00,0,0,,
2026/4/22 0:00:00,0,0,,
2026/4/22 0:15:00,0,0,,
2026/4/22 0:30:00,0,0,,
2026/4/22 0:45:00,0,0,,
2026/4/22 1:00:00,0,0,,
2026/4/22 1:15:00,0,0,,
2026/4/22 1:30:00,0,0,,
2026/4/22 1:45:00,0,0,,
2026/4/22 2:00:00,0,0,,
2026/4/22 2:15:00,0,0,,
2026/4/22 2:30:00,0,0,,
2026/4/22 2:45:00,0,0,,
2026/4/22 3:00:00,0,0,,
2026/4/22 3:15:00,0,0,,
2026/4/22 3:30:00,0,0,,
2026/4/22 3:45:00,0,0,,
2026/4/22 4:00:00,0,0,,
2026/4/22 4:15:00,0,0,,
2026/4/22 4:30:00,0,0,,
2026/4/22 4:45:00,0,0,,
2026/4/22 5:00:00,0,0,,
2026/4/22 5:15:00,0,0,,
2026/4/22 5:30:00,0,0,,
2026/4/22 5:45:00,0,0,,
2026/4/22 6:00:00,0,0,,
2026/4/22 6:15:00,0,0,,
2026/4/22 6:30:00,0,0,,
2026/4/22 6:45:00,0,0,,
2026/4/22 7:00:00,0,0,,
2026/4/22 7:15:00,0,0,,
2026/4/22 7:30:00,0,0,,
2026/4/22 7:45:00,0,0,,
2026/4/22 8:00:00,0,0,,
2026/4/22 8:15:00,0,0,,
2026/4/22 8:30:00,0,0,,
2026/4/22 8:45:00,0,0,,
2026/4/22 9:00:00,0,0,,
2026/4/22 9:15:00,0,0,,
2026/4/22 9:30:00,0,0,,
2026/4/22 9:45:00,0,0,,
2026/4/22 10:00:00,0,0,,
2026/4/22 10:15:00,0,0,,
2026/4/22 10:30:00,0,0,,
2026/4/22 10:45:00,0,0,,
2026/4/22 11:00:00,0,0,,
2026/4/22 11:15:00,0,0,,
2026/4/22 11:30:00,0,0,,
2026/4/22 11:45:00,0,0,,
2026/4/22 12:00:00,0,0,,
2026/4/22 12:15:00,0,0,,
2026/4/22 12:30:00,0,0,,
2026/4/22 12:45:00,0,0,,
2026/4/22 13:00:00,0,0,,
2026/4/22 13:15:00,0,0,,
2026/4/22 13:30:00,0,0,,
2026/4/22 13:45:00,0,0,,
2026/4/22 14:00:00,0,0,,
2026/4/22 14:15:00,0,0,,
2026/4/22 14:30:00,0,0,,
2026/4/22 14:45:00,0,0,,
2026/4/22 15:00:00,0,0,,
2026/4/22 15:15:00,0,0,,
2026/4/22 15:30:00,0,0,,
2026/4/22 15:45:00,0,0,,
2026/4/22 16:00:00,0,0,,
2026/4/22 16:15:00,0,0,,
2026/4/22 16:30:00,0,0,,
2026/4/22 16:45:00,0,0,,
2026/4/22 17:00:00,0,0,,
2026/4/22 17:15:00,0,0,,
2026/4/22 17:30:00,0,0,,
2026/4/22 17:45:00,0,0,,
2026/4/22 18:00:00,0,0,,
2026/4/22 18:15:00,0,0,,
2026/4/22 18:30:00,0,0,,
2026/4/22 18:45:00,0,0,,
2026/4/22 19:00:00,0,0,,
2026/4/22 19:15:00,0,0,,
2026/4/22 19:30:00,0,0,,
2026/4/22 19:45:00,0,0,,
2026/4/22 20:00:00,0,0,,
2026/4/22 20:15:00,0,0,,
2026/4/22 20:30:00,0,0,,
2026/4/22 20:45:00,0,0,,
2026/4/22 21:00:00,0,0,,
2026/4/22 21:15:00,0,0,,
2026/4/22 21:30:00,0,0,,
2026/4/22 21:45:00,0,0,,
2026/4/22 22:00:00,0,0,,
2026/4/22 22:15:00,0,0,,
2026/4/22 22:30:00,0,0,,
2026/4/22 22:45:00,0,0,,
2026/4/22 23:00:00,0,0,,
2026/4/22 23:15:00,0,0,,
2026/4/22 23:30:00,0,0,,
2026/4/22 23:45:00,0,0,,
2026/4/23 0:00:00,0,0,,
2026/4/23 0:15:00,0,0,,
2026/4/23 0:30:00,0,0,,
2026/4/23 0:45:00,0,0,,
2026/4/23 1:00:00,0,0,,
2026/4/23 1:15:00,0,0,,
2026/4/23 1:30:00,0,0,,
2026/4/23 1:45:00,0,0,,
2026/4/23 2:00:00,0,0,,
2026/4/23 2:15:00,0,0,,
2026/4/23 2:30:00,0,0,,
2026/4/23 2:45:00,0,0,,
2026/4/23 3:00:00,0,0,,
2026/4/23 3:15:00,0,0,,
2026/4/23 3:30:00,0,0,,
2026/4/23 3:45:00,0,0,,
2026/4/23 4:00:00,0,0,,
2026/4/23 4:15:00,0,0,,
2026/4/23 4:30:00,0,0,,
2026/4/23 4:45:00,0,0,,
2026/4/23 5:00:00,0,0,,
2026/4/23 5:15:00,0,0,,
2026/4/23 5:30:00,0,0,,
2026/4/23 5:45:00,0,0,,
2026/4/23 6:00:00,0,0,,
2026/4/23 6:15:00,0,0,,
2026/4/23 6:30:00,0,0,,
2026/4/23 6:45:00,0,0,,
2026/4/23 7:00:00,0,0,,
2026/4/23 7:15:00,0,0,,
2026/4/23 7:30:00,0,0,,
2026/4/23 7:45:00,0,0,,
2026/4/23 8:00:00,0,0,,
2026/4/23 8:15:00,0,0,,
2026/4/23 8:30:00,0,0,,
2026/4/23 8:45:00,0,0,,
2026/4/23 9:00:00,0,0,,
2026/4/23 9:15:00,0,0,,
2026/4/23 9:30:00,0,0,,
2026/4/23 9:45:00,0,0,,
2026/4/23 10:00:00,0,0,,
2026/4/23 10:15:00,0,0,,
2026/4/23 10:30:00,0,0,,
2026/4/23 10:45:00,0,0,,
2026/4/23 11:00:00,0,0,,
2026/4/23 11:15:00,0,0,,
2026/4/23 11:30:00,0,0,,
2026/4/23 11:45:00,0,0,,
2026/4/23 12:00:00,0,0,,
2026/4/23 12:15:00,0,0,,
2026/4/23 12:30:00,0,0,,
2026/4/23 12:45:00,0,0,,
2026/4/23 13:00:00,0,0,,
2026/4/23 13:15:00,0,0,,
2026/4/23 13:30:00,0,0,,
2026/4/23 13:45:00,0,0,,
2026/4/23 14:00:00,0,0,,
2026/4/23 14:15:00,0,0,,
2026/4/23 14:30:00,0,0,,
2026/4/23 14:45:00,0,0,,
2026/4/23 15:00:00,0,0,,
2026/4/23 15:15:00,0,0,,
2026/4/23 15:30:00,0,0,,
2026/4/23 15:45:00,0,0,,
2026/4/23 16:00:00,0,2.15,,
2026/4/23 16:15:00,0,0,,
2026/4/23 16:30:00,0,0,,
2026/4/23 16:45:00,0,0,,
2026/4/23 17:00:00,0,0,,
2026/4/23 17:15:00,0,0,,
2026/4/23 17:30:00,0,0,,
2026/4/23 17:45:00,0,0,,
2026/4/23 18:00:00,0,0,,
2026/4/23 18:15:00,0,0,,
2026/4/23 18:30:00,0,0,,
2026/4/23 18:45:00,0,0,,
2026/4/23 19:00:00,0,0,,
2026/4/23 19:15:00,0,0,,
2026/4/23 19:30:00,0,0,,
2026/4/23 19:45:00,0,0,,
2026/4/23 20:00:00,0,0,,
2026/4/23 20:15:00,0,0,,
2026/4/23 20:30:00,0,0,,
2026/4/23 20:45:00,0,0,,
2026/4/23 21:00:00,0,0,,
2026/4/23 21:15:00,0,0,,
2026/4/23 21:30:00,0,0,,
2026/4/23 21:45:00,0,0,,
2026/4/23 22:00:00,0,0,,
2026/4/23 22:15:00,0,0,,
2026/4/23 22:30:00,0,0,,
2026/4/23 22:45:00,0,0,,
2026/4/23 23:00:00,0,0,,
2026/4/23 23:15:00,0,0,,
2026/4/23 23:30:00,0,0,,
2026/4/23 23:45:00,0,0,,
2026/4/24 0:00:00,0,0,,
2026/4/24 0:15:00,0,0,,
2026/4/24 0:30:00,0,0,,
2026/4/24 0:45:00,0,0,,
2026/4/24 1:00:00,0,0,,
2026/4/24 1:15:00,0,0,,
2026/4/24 1:30:00,0,0,,
2026/4/24 1:45:00,0,0,,
2026/4/24 2:00:00,0,0,,
2026/4/24 2:15:00,0,0,,
2026/4/24 2:30:00,0,0,,
2026/4/24 2:45:00,0,0,,
2026/4/24 3:00:00,0,0,,
2026/4/24 3:15:00,0,0,,
2026/4/24 3:30:00,0,0,,
2026/4/24 3:45:00,0,0,,
2026/4/24 4:00:00,0,0,,
2026/4/24 4:15:00,0,0,,
2026/4/24 4:30:00,0,0,,
2026/4/24 4:45:00,0,0,,
2026/4/24 5:00:00,0,0,,
2026/4/24 5:15:00,0,0,,
2026/4/24 5:30:00,0,0,,
2026/4/24 5:45:00,0,0,,
2026/4/24 6:00:00,0,0,,
2026/4/24 6:15:00,0,0,,
2026/4/24 6:30:00,0,0,,
2026/4/24 6:45:00,0,0,,
2026/4/24 7:00:00,0,0,,
2026/4/24 7:15:00,0,0,,
2026/4/24 7:30:00,0,0,,
2026/4/24 7:45:00,0,0,,
2026/4/24 8:00:00,0,0,,
2026/4/24 8:15:00,0,0,,
2026/4/24 8:30:00,0,0,,
2026/4/24 8:45:00,0,0,,
2026/4/24 9:00:00,0,0,,
2026/4/24 9:15:00,0,0,,
2026/4/24 9:30:00,0,0,,
2026/4/24 9:45:00,0,0,,
2026/4/24 10:00:00,0,0,,
2026/4/24 10:15:00,0,0,,
2026/4/24 10:30:00,0,0,,
2026/4/24 10:45:00,0,0,,
2026/4/24 11:00:00,0,0,,
2026/4/24 11:15:00,0,0,,
2026/4/24 11:30:00,0,0,,
2026/4/24 11:45:00,0,0,,
2026/4/24 12:00:00,0,0,,
2026/4/24 12:15:00,0,0,,
2026/4/24 12:30:00,0,0,,
2026/4/24 12:45:00,0,0,,
2026/4/24 13:00:00,654.18,0,,
2026/4/24 13:15:00,705.66,0,,
2026/4/24 13:30:00,721.88,0,,
2026/4/24 13:45:00,711.12,0,,
2026/4/24 14:00:00,518.28,0,,
2026/4/24 14:15:00,409.36,0,,
2026/4/24 14:30:00,381.71,0,,
2026/4/24 14:45:00,357.88,0,,
2026/4/24 15:00:00,444.12,0,,
2026/4/24 15:15:00,392.31,0,,
2026/4/24 15:30:00,369.96,0,,
2026/4/24 15:45:00,368.8,0,,
2026/4/24 16:00:00,368.8,0,,
2026/4/24 16:15:00,369.13,0,,
2026/4/24 16:30:00,366.65,0,,
2026/4/24 16:45:00,367.15,0,,
2026/4/24 17:00:00,350.1,0,,
2026/4/24 17:15:00,349.93,0,,
2026/4/24 17:30:00,349.1,0,,
2026/4/24 17:45:00,369.3,0,,
2026/4/24 18:00:00,369.8,0,,
2026/4/24 18:15:00,368.97,0,,
2026/4/24 18:30:00,369.46,0,,
2026/4/24 18:45:00,370.79,0,,
2026/4/24 19:00:00,372.28,0,,
2026/4/24 19:15:00,372.94,0,,
2026/4/24 19:30:00,374.43,0,,
2026/4/24 19:45:00,375.42,0,,
2026/4/24 20:00:00,376.09,0,,
2026/4/24 20:15:00,0,0,,
2026/4/24 20:30:00,0,0,,
2026/4/24 20:45:00,0,0,,
2026/4/24 21:00:00,0,0,,
2026/4/24 21:15:00,0,0,,
2026/4/24 21:30:00,0,0,,
2026/4/24 21:45:00,0,0,,
2026/4/24 22:00:00,0,0,,
2026/4/24 22:15:00,0,0,,
2026/4/24 22:30:00,0,0,,
2026/4/24 22:45:00,0,0,,
2026/4/24 23:00:00,0,0,,
2026/4/24 23:15:00,0,0,,
2026/4/24 23:30:00,0,0,,
2026/4/24 23:45:00,0,0,,
2026/4/25 0:00:00,0,0,,
2026/4/25 0:15:00,0,0,,
2026/4/25 0:30:00,0,0,,
2026/4/25 0:45:00,0,0,,
2026/4/25 1:00:00,0,0,,
2026/4/25 1:15:00,0,0,,
2026/4/25 1:30:00,0,0,,
2026/4/25 1:45:00,0,0,,
2026/4/25 2:00:00,0,1.82,,
2026/4/25 2:15:00,0,0,,
2026/4/25 2:30:00,0,0,,
2026/4/25 2:45:00,0,0,,
2026/4/25 3:00:00,0,0,,
2026/4/25 3:15:00,0,0,,
2026/4/25 3:30:00,0,0,,
2026/4/25 3:45:00,0,0,,
2026/4/25 4:00:00,0,0,,
2026/4/25 4:15:00,0,0,,
2026/4/25 4:30:00,0,0,,
2026/4/25 4:45:00,0,0,,
2026/4/25 5:00:00,0,0,,
2026/4/25 5:15:00,0,0,,
2026/4/25 5:30:00,0,0,,
2026/4/25 5:45:00,0,0,,
2026/4/25 6:00:00,0,0,,
2026/4/25 6:15:00,0,0,,
2026/4/25 6:30:00,0,0,,
2026/4/25 6:45:00,0,0,,
2026/4/25 7:00:00,0,0,,
2026/4/25 7:15:00,0,0,,
2026/4/25 7:30:00,0,0,,
2026/4/25 7:45:00,0,0,,
2026/4/25 8:00:00,0,0,,
2026/4/25 8:15:00,0,0,,
2026/4/25 8:30:00,0,0,,
2026/4/25 8:45:00,0,0,,
2026/4/25 9:00:00,0,0,,
2026/4/25 9:15:00,0,0,,
2026/4/25 9:30:00,0,0,,
2026/4/25 9:45:00,0,0,,
2026/4/25 10:00:00,0,0,,
2026/4/25 10:15:00,728.17,0,,
2026/4/25 10:30:00,704.83,0,,
2026/4/25 10:45:00,546.42,0,,
2026/4/25 11:00:00,435.18,0,,
2026/4/25 11:15:00,393.3,0,,
2026/4/25 11:30:00,392.64,0,,
2026/4/25 11:45:00,393.8,0,,
2026/4/25 12:00:00,393.63,0,,
2026/4/25 12:15:00,394.13,0,,
2026/4/25 12:30:00,414.82,0,,
2026/4/25 12:45:00,418.79,0,,
2026/4/25 13:00:00,445.28,0,,
2026/4/25 13:15:00,444.95,0,,
2026/4/25 13:30:00,542.28,0,,
2026/4/25 13:45:00,525.73,0,,
2026/4/25 14:00:00,504.7,0,,
2026/4/25 14:15:00,487.16,0,,
2026/4/25 14:30:00,488.81,0,,
2026/4/25 14:45:00,490.47,0,,
2026/4/25 15:00:00,487.16,0,,
2026/4/25 15:15:00,488.15,0,,
2026/4/25 15:30:00,487.32,0,,
2026/4/25 15:45:00,490.8,0,,
2026/4/25 16:00:00,490.47,0,,
2026/4/25 16:15:00,489.64,0,,
2026/4/25 16:30:00,490.8,0,,
2026/4/25 16:45:00,488.15,0,,
2026/4/25 17:00:00,489.64,0,,
2026/4/25 17:15:00,492.29,0,,
2026/4/25 17:30:00,506.36,0,,
2026/4/25 17:45:00,517.95,0,,
2026/4/25 18:00:00,516.29,0,,
2026/4/25 18:15:00,515.13,0,,
2026/4/25 18:30:00,513.64,0,,
2026/4/25 18:45:00,511.49,0,,
2026/4/25 19:00:00,513.81,0,,
2026/4/25 19:15:00,488.81,0,,
2026/4/25 19:30:00,489.31,0,,
2026/4/25 19:45:00,492.45,0,,
2026/4/25 20:00:00,493.45,0,,
2026/4/25 20:15:00,494.11,0,,
2026/4/25 20:30:00,493.28,0,,
2026/4/25 20:45:00,0,0,,
2026/4/25 21:00:00,0,0,,
2026/4/25 21:15:00,0,0,,
2026/4/25 21:30:00,0,0,,
2026/4/25 21:45:00,0,0,,
2026/4/25 22:00:00,0,0,,
2026/4/25 22:15:00,0,0,,
2026/4/25 22:30:00,0,0,,
2026/4/25 22:45:00,0,0,,
2026/4/25 23:00:00,0,0,,
2026/4/25 23:15:00,0,0,,
2026/4/25 23:30:00,0,0,,
2026/4/25 23:45:00,0,0,,
2026/4/26 0:00:00,0,0,,
2026/4/26 0:15:00,0,0,,
2026/4/26 0:30:00,0,0,,
2026/4/26 0:45:00,0,0,,
2026/4/26 1:00:00,0,0,,
2026/4/26 1:15:00,0,0,,
2026/4/26 1:30:00,0,0,,
2026/4/26 1:45:00,0,0,,
2026/4/26 2:00:00,0,0,,
2026/4/26 2:15:00,0,0,,
2026/4/26 2:30:00,0,0,,
2026/4/26 2:45:00,0,0,,
2026/4/26 3:00:00,0,0,,
2026/4/26 3:15:00,0,0,,
2026/4/26 3:30:00,0,0,,
2026/4/26 3:45:00,0,0,,
2026/4/26 4:00:00,0,0,,
2026/4/26 4:15:00,0,0,,
2026/4/26 4:30:00,0,0,,
2026/4/26 4:45:00,0,0,,
2026/4/26 5:00:00,0,0,,
2026/4/26 5:15:00,0,0,,
2026/4/26 5:30:00,0,0,,
2026/4/26 5:45:00,0,0,,
2026/4/26 6:00:00,0,0,,
2026/4/26 6:15:00,0,0,,
2026/4/26 6:30:00,0,0,,
2026/4/26 6:45:00,0,0,,
2026/4/26 7:00:00,0,0,,
2026/4/26 7:15:00,0,0,,
2026/4/26 7:30:00,0,0,,
2026/4/26 7:45:00,0,0,,
2026/4/26 8:00:00,0,0,,
2026/4/26 8:15:00,0,0,,
2026/4/26 8:30:00,0,0,,
2026/4/26 8:45:00,0,0,,
2026/4/26 9:00:00,0,0,,
2026/4/26 9:15:00,0,0,,
2026/4/26 9:30:00,0,0,,
2026/4/26 9:45:00,0,0,,
2026/4/26 10:00:00,739.09,0,,
2026/4/26 10:15:00,603.52,0,,
2026/4/26 10:30:00,489.47,0,,
2026/4/26 10:45:00,409.85,0,,
2026/4/26 11:00:00,407.54,0,,
2026/4/26 11:15:00,411.18,0,,
2026/4/26 11:30:00,430.55,0,,
2026/4/26 11:45:00,452.56,0,,
2026/4/26 12:00:00,581.18,0,,
2026/4/26 12:15:00,583.33,0,,
2026/4/26 12:30:00,567.11,0,,
2026/4/26 12:45:00,532.68,0,,
2026/4/26 13:00:00,530.86,0,,
2026/4/26 13:15:00,531.35,0,,
2026/4/26 13:30:00,531.19,0,,
2026/4/26 13:45:00,518.61,0,,
2026/4/26 14:00:00,520.43,0,,
2026/4/26 14:15:00,518.77,0,,
2026/4/26 14:30:00,521.59,0,,
2026/4/26 14:45:00,523.24,0,,
2026/4/26 15:00:00,523.57,0,,
2026/4/26 15:15:00,546.25,0,,
2026/4/26 15:30:00,562.64,0,,
2026/4/26 15:45:00,571.25,0,,
2026/4/26 16:00:00,577.04,0,,
2026/4/26 16:15:00,577.37,0,,
2026/4/26 16:30:00,578.53,0,,
2026/4/26 16:45:00,574.56,0,,
2026/4/26 17:00:00,578.7,0,,
2026/4/26 17:15:00,580.68,0,,
2026/4/26 17:30:00,578.2,0,,
2026/4/26 17:45:00,583.5,0,,
2026/4/26 18:00:00,593.92,0,,
2026/4/26 18:15:00,590.78,0,,
2026/4/26 18:30:00,595.58,0,,
2026/4/26 18:45:00,594.42,0,,
2026/4/26 19:00:00,593.26,0,,
2026/4/26 19:15:00,593.26,0,,
2026/4/26 19:30:00,592.1,0,,
2026/4/26 19:45:00,594.59,0,,
2026/4/26 20:00:00,590.61,0,,
2026/4/26 20:15:00,589.12,0,,
2026/4/26 20:30:00,563.47,0,,
2026/4/26 20:45:00,456.86,0,,
2026/4/26 21:00:00,0,0,,
2026/4/26 21:15:00,0,0,,
2026/4/26 21:30:00,0,0,,
2026/4/26 21:45:00,0,0,,
2026/4/26 22:00:00,0,0,,
2026/4/26 22:15:00,0,0,,
2026/4/26 22:30:00,0,0,,
2026/4/26 22:45:00,0,0,,
2026/4/26 23:00:00,0,0,,
2026/4/26 23:15:00,0,0,,
2026/4/26 23:30:00,0,0,,
2026/4/26 23:45:00,0,0,,
2026/4/27 0:00:00,0,0,,
2026/4/27 0:15:00,0,0,,
2026/4/27 0:30:00,0,0,,
2026/4/27 0:45:00,0,0,,
2026/4/27 1:00:00,0,0,,
2026/4/27 1:15:00,0,0,,
2026/4/27 1:30:00,0,0,,
2026/4/27 1:45:00,0,0,,
2026/4/27 2:00:00,0,0,,
2026/4/27 2:15:00,0,0,,
2026/4/27 2:30:00,0,0,,
2026/4/27 2:45:00,0,0,,
2026/4/27 3:00:00,0,0,,
2026/4/27 3:15:00,0,0,,
2026/4/27 3:30:00,0,0,,
2026/4/27 3:45:00,0,0,,
2026/4/27 4:00:00,0,0,,
2026/4/27 4:15:00,0,0,,
2026/4/27 4:30:00,0,0,,
2026/4/27 4:45:00,0,0,,
2026/4/27 5:00:00,0,0,,
2026/4/27 5:15:00,0,0,,
2026/4/27 5:30:00,0,0,,
2026/4/27 5:45:00,0,0,,
2026/4/27 6:00:00,0,0,,
2026/4/27 6:15:00,0,0,,
2026/4/27 6:30:00,0,0,,
2026/4/27 6:45:00,0,0,,
2026/4/27 7:00:00,0,0,,
2026/4/27 7:15:00,0,0,,
2026/4/27 7:30:00,0,0,,
2026/4/27 7:45:00,0,0,,
2026/4/27 8:00:00,0,0,,
2026/4/27 8:15:00,0,0,,
2026/4/27 8:30:00,0,0,,
2026/4/27 8:45:00,0,0,,
2026/4/27 9:00:00,0,0,,
2026/4/27 9:15:00,0,0,,
2026/4/27 9:30:00,0,0,,
2026/4/27 9:45:00,0,0,,
2026/4/27 10:00:00,0,0,,
2026/4/27 10:15:00,0,0,,
2026/4/27 10:30:00,0,0,,
2026/4/27 10:45:00,0,0,,
2026/4/27 11:00:00,0,0,,
2026/4/27 11:15:00,0,0,,
2026/4/27 11:30:00,0,0,,
2026/4/27 11:45:00,0,0,,
2026/4/27 12:00:00,0,0,,
2026/4/27 12:15:00,0,0,,
2026/4/27 12:30:00,0,0,,
2026/4/27 12:45:00,0,0,,
2026/4/27 13:00:00,0,0,,
2026/4/27 13:15:00,0,0,,
2026/4/27 13:30:00,0,0,,
2026/4/27 13:45:00,0,0,,
2026/4/27 14:00:00,0,0,,
2026/4/27 14:15:00,0,0,,
2026/4/27 14:30:00,0,0,,
2026/4/27 14:45:00,723.2,0,,
2026/4/27 15:00:00,733.14,0,,
2026/4/27 15:15:00,727.18,0,,
2026/4/27 15:30:00,724.53,0,,
2026/4/27 15:45:00,725.36,0,,
2026/4/27 16:00:00,704.66,0,,
2026/4/27 16:15:00,627.2,0,,
2026/4/27 16:30:00,580.18,0,,
2026/4/27 16:45:00,556.02,0,,
2026/4/27 17:00:00,557.18,0,,
2026/4/27 17:15:00,551.71,0,,
2026/4/27 17:30:00,552.21,0,,
2026/4/27 17:45:00,554.2,0,,
2026/4/27 18:00:00,554.03,0,,
2026/4/27 18:15:00,552.38,0,,
2026/4/27 18:30:00,527.05,0,,
2026/4/27 18:45:00,527.55,0,,
2026/4/27 19:00:00,528.37,0,,
2026/4/27 19:15:00,550.06,0,,
2026/4/27 19:30:00,544.6,0,,
2026/4/27 19:45:00,543.44,0,,
2026/4/27 20:00:00,545.09,0,,
2026/4/27 20:15:00,0,0,,
2026/4/27 20:30:00,0,0,,
2026/4/27 20:45:00,0,0,,
2026/4/27 21:00:00,0,0,,
2026/4/27 21:15:00,0,0,,
2026/4/27 21:30:00,0,0,,
2026/4/27 21:45:00,0,0,,
2026/4/27 22:00:00,0,0,,
2026/4/27 22:15:00,0,0,,
2026/4/27 22:30:00,0,0,,
2026/4/27 22:45:00,0,0,,
2026/4/27 23:00:00,0,0,,
2026/4/27 23:15:00,0,0,,
2026/4/27 23:30:00,0,0,,
2026/4/27 23:45:00,0,0,,
2026/4/28 0:00:00,0,0,,
2026/4/28 0:15:00,0,0,,
2026/4/28 0:30:00,0,0,,
2026/4/28 0:45:00,0,0,,
2026/4/28 1:00:00,0,0,,
2026/4/28 1:15:00,0,0,,
2026/4/28 1:30:00,0,0,,
2026/4/28 1:45:00,0,0,,
2026/4/28 2:00:00,0,0,,
2026/4/28 2:15:00,0,0,,
2026/4/28 2:30:00,0,0,,
2026/4/28 2:45:00,0,0,,
2026/4/28 3:00:00,0,0,,
2026/4/28 3:15:00,0,0,,
2026/4/28 3:30:00,0,0,,
2026/4/28 3:45:00,0,0,,
2026/4/28 4:00:00,0,0,,
2026/4/28 4:15:00,0,0,,
2026/4/28 4:30:00,0,0,,
2026/4/28 4:45:00,0,0,,
2026/4/28 5:00:00,0,0,,
2026/4/28 5:15:00,0,0,,
2026/4/28 5:30:00,0,0,,
2026/4/28 5:45:00,0,0,,
2026/4/28 6:00:00,0,0,,
2026/4/28 6:15:00,0,0,,
2026/4/28 6:30:00,0,0,,
2026/4/28 6:45:00,0,0,,
2026/4/28 7:00:00,0,0,,
2026/4/28 7:15:00,0,0,,
2026/4/28 7:30:00,0,0,,
2026/4/28 7:45:00,0,0,,
2026/4/28 8:00:00,0,0,,
2026/4/28 8:15:00,0,0,,
2026/4/28 8:30:00,0,0,,
2026/4/28 8:45:00,0,0,,
2026/4/28 9:00:00,0,0,,
2026/4/28 9:15:00,0,0,,
2026/4/28 9:30:00,0,0,,
2026/4/28 9:45:00,0,0,,
2026/4/28 10:00:00,0,0,,
2026/4/28 10:15:00,0,0,,
2026/4/28 10:30:00,0,0,,
2026/4/28 10:45:00,0,0,,
2026/4/28 11:00:00,0,0,,
2026/4/28 11:15:00,0,0,,
2026/4/28 11:30:00,0,0,,
2026/4/28 11:45:00,0,0,,
2026/4/28 12:00:00,0,0,,
2026/4/28 12:15:00,0,0,,
2026/4/28 12:30:00,0,0,,
2026/4/28 12:45:00,0,0,,
2026/4/28 13:00:00,0,0,,
2026/4/28 13:15:00,0,0,,
2026/4/28 13:30:00,0,0,,
2026/4/28 13:45:00,0,0,,
2026/4/28 14:00:00,0,0,,
2026/4/28 14:15:00,0,0,,
2026/4/28 14:30:00,0,0,,
2026/4/28 14:45:00,0,0,,
2026/4/28 15:00:00,0,0,,
2026/4/28 15:15:00,0,0,,
2026/4/28 15:30:00,0,0,,
2026/4/28 15:45:00,0,0,,
2026/4/28 16:00:00,0,0,,
2026/4/28 16:15:00,0,0,,
2026/4/28 16:30:00,0,0,,
2026/4/28 16:45:00,0,0,,
2026/4/28 17:00:00,0,0,,
2026/4/28 17:15:00,0,0,,
2026/4/28 17:30:00,0,0,,
2026/4/28 17:45:00,0,0,,
2026/4/28 18:00:00,0,0,,
2026/4/28 18:15:00,0,0,,
2026/4/28 18:30:00,0,0,,
2026/4/28 18:45:00,0,0,,
2026/4/28 19:00:00,0,0,,
2026/4/28 19:15:00,0,0,,
2026/4/28 19:30:00,0,0,,
2026/4/28 19:45:00,0,0,,
2026/4/28 20:00:00,0,0,,
2026/4/28 20:15:00,0,0,,
2026/4/28 20:30:00,0,0,,
2026/4/28 20:45:00,0,0,,
2026/4/28 21:00:00,0,0,,
2026/4/28 21:15:00,0,0,,
2026/4/28 21:30:00,0,0,,
2026/4/28 21:45:00,0,0,,
2026/4/28 22:00:00,0,0,,
2026/4/28 22:15:00,0,0,,
2026/4/28 22:30:00,0,0,,
2026/4/28 22:45:00,0,0,,
2026/4/28 23:00:00,0,0,,
2026/4/28 23:15:00,0,0,,
2026/4/28 23:30:00,0,0,,
2026/4/28 23:45:00,0,0,,
2026/4/29 0:00:00,0,0,,
2026/4/29 0:15:00,0,0,,
2026/4/29 0:30:00,0,0,,
2026/4/29 0:45:00,0,0,,
2026/4/29 1:00:00,0,0,,
2026/4/29 1:15:00,0,0,,
2026/4/29 1:30:00,0,0,,
2026/4/29 1:45:00,0,0,,
2026/4/29 2:00:00,0,0,,
2026/4/29 2:15:00,0,0,,
2026/4/29 2:30:00,0,0,,
2026/4/29 2:45:00,0,0,,
2026/4/29 3:00:00,0,0,,
2026/4/29 3:15:00,0,0,,
2026/4/29 3:30:00,0,0,,
2026/4/29 3:45:00,0,0,,
2026/4/29 4:00:00,0,0,,
2026/4/29 4:15:00,0,0,,
2026/4/29 4:30:00,0,0,,
2026/4/29 4:45:00,0,0,,
2026/4/29 5:00:00,0,0,,
2026/4/29 5:15:00,0,0,,
2026/4/29 5:30:00,0,0,,
2026/4/29 5:45:00,0,0,,
2026/4/29 6:00:00,0,0,,
2026/4/29 6:15:00,0,0,,
2026/4/29 6:30:00,0,0,,
2026/4/29 6:45:00,0,0,,
2026/4/29 7:00:00,0,0,,
2026/4/29 7:15:00,0,0,,
2026/4/29 7:30:00,0,0,,
2026/4/29 7:45:00,0,0,,
2026/4/29 8:00:00,0,0,,
2026/4/29 8:15:00,0,0,,
2026/4/29 8:30:00,0,0,,
2026/4/29 8:45:00,0,0,,
2026/4/29 9:00:00,0,0,,
2026/4/29 9:15:00,0,0,,
2026/4/29 9:30:00,0,0,,
2026/4/29 9:45:00,0,0,,
2026/4/29 10:00:00,0,0,,
2026/4/29 10:15:00,0,0,,
2026/4/29 10:30:00,0,0,,
2026/4/29 10:45:00,0,0,,
2026/4/29 11:00:00,0,0,,
2026/4/29 11:15:00,0,0,,
2026/4/29 11:30:00,0,0,,
2026/4/29 11:45:00,0,0,,
2026/4/29 12:00:00,0,0,,
2026/4/29 12:15:00,0,0,,
2026/4/29 12:30:00,0,0,,
2026/4/29 12:45:00,0,0,,
2026/4/29 13:00:00,0,0,,
2026/4/29 13:15:00,0,0,,
2026/4/29 13:30:00,0,0,,
2026/4/29 13:45:00,0,0,,
2026/4/29 14:00:00,0,0,,
2026/4/29 14:15:00,0,0,,
2026/4/29 14:30:00,0,0,,
2026/4/29 14:45:00,0,0,,
2026/4/29 15:00:00,0,0,,
2026/4/29 15:15:00,0,0,,
2026/4/29 15:30:00,0,0,,
2026/4/29 15:45:00,0,0,,
2026/4/29 16:00:00,0,0,,
2026/4/29 16:15:00,0,0,,
2026/4/29 16:30:00,0,0,,
2026/4/29 16:45:00,0,0,,
2026/4/29 17:00:00,0,0,,
2026/4/29 17:15:00,0,0,,
2026/4/29 17:30:00,0,0,,
2026/4/29 17:45:00,0,0,,
2026/4/29 18:00:00,0,0,,
2026/4/29 18:15:00,0,0,,
2026/4/29 18:30:00,0,0,,
2026/4/29 18:45:00,0,0,,
2026/4/29 19:00:00,615.11,0,,
2026/4/29 19:15:00,726.84,0,,
2026/4/29 19:30:00,714.26,0,,
2026/4/29 19:45:00,721.05,0,,
2026/4/29 20:00:00,717.91,0,,
2026/4/29 20:15:00,721.71,0,,
2026/4/29 20:30:00,0,0,,
2026/4/29 20:45:00,0,0,,
2026/4/29 21:00:00,0,0,,
2026/4/29 21:15:00,0,0,,
2026/4/29 21:30:00,0,0,,
2026/4/29 21:45:00,0,0,,
2026/4/29 22:00:00,0,0,,
2026/4/29 22:15:00,0,0,,
2026/4/29 22:30:00,0,0,,
2026/4/29 22:45:00,0,0,,
2026/4/29 23:00:00,0,0,,
2026/4/29 23:15:00,0,0,,
2026/4/29 23:30:00,0,0,,
2026/4/29 23:45:00,0,0,,
2026/4/30 0:00:00,0,0,,
2026/4/30 0:15:00,0,0,,
2026/4/30 0:30:00,0,0,,
2026/4/30 0:45:00,0,0,,
2026/4/30 1:00:00,0,0,,
2026/4/30 1:15:00,0,0,,
2026/4/30 1:30:00,0,0,,
2026/4/30 1:45:00,0,0,,
2026/4/30 2:00:00,0,0,,
2026/4/30 2:15:00,0,0,,
2026/4/30 2:30:00,0,0,,
2026/4/30 2:45:00,0,0,,
2026/4/30 3:00:00,0,0,,
2026/4/30 3:15:00,0,0,,
2026/4/30 3:30:00,0,0,,
2026/4/30 3:45:00,0,0,,
2026/4/30 4:00:00,0,0,,
2026/4/30 4:15:00,0,0,,
2026/4/30 4:30:00,0,0,,
2026/4/30 4:45:00,0,0,,
2026/4/30 5:00:00,0,0,,
2026/4/30 5:15:00,0,0,,
2026/4/30 5:30:00,0,0,,
2026/4/30 5:45:00,0,0,,
2026/4/30 6:00:00,0,0,,
2026/4/30 6:15:00,0,0,,
2026/4/30 6:30:00,0,0,,
2026/4/30 6:45:00,0,0,,
2026/4/30 7:00:00,0,0,,
2026/4/30 7:15:00,0,0,,
2026/4/30 7:30:00,0,0,,
2026/4/30 7:45:00,0,0,,
2026/4/30 8:00:00,0,0,,
2026/4/30 8:15:00,0,0,,
2026/4/30 8:30:00,0,0,,
2026/4/30 8:45:00,0,0,,
2026/4/30 9:00:00,0,0,,
2026/4/30 9:15:00,0,0,,
2026/4/30 9:30:00,0,0,,
2026/4/30 9:45:00,0,0,,
2026/4/30 10:00:00,0,0,,
2026/4/30 10:15:00,0,0,,
2026/4/30 10:30:00,0,0,,
2026/4/30 10:45:00,0,0,,
2026/4/30 11:00:00,0,0,,
2026/4/30 11:15:00,0,0,,
2026/4/30 11:30:00,0,0,,
2026/4/30 11:45:00,0,0,,
2026/4/30 12:00:00,0,0,,
2026/4/30 12:15:00,0,0,,
2026/4/30 12:30:00,0,0,,
2026/4/30 12:45:00,0,0,,
2026/4/30 13:00:00,711.95,0,,
2026/4/30 13:15:00,718.07,0,,
2026/4/30 13:30:00,714.26,0,,
2026/4/30 13:45:00,718.9,0,,
2026/4/30 14:00:00,675.86,0,,
2026/4/30 14:15:00,557.18,0,,
2026/4/30 14:30:00,485.67,0,,
2026/4/30 14:45:00,466.8,0,,
2026/4/30 15:00:00,448.42,0,,
2026/4/30 15:15:00,448.26,0,,
2026/4/30 15:30:00,314.01,0,,
2026/4/30 15:45:00,0,0,,
2026/4/30 16:00:00,0,0,,
2026/4/30 16:15:00,0,0,,
2026/4/30 16:30:00,0,0,,
2026/4/30 16:45:00,0,0,,
2026/4/30 17:00:00,0,0,,
2026/4/30 17:15:00,0,0,,
2026/4/30 17:30:00,0,0,,
2026/4/30 17:45:00,544.93,0,,
2026/4/30 18:00:00,735.45,0,,
2026/4/30 18:15:00,735.78,0,,
2026/4/30 18:30:00,728.5,0,,
2026/4/30 18:45:00,720.06,0,,
2026/4/30 19:00:00,644.25,0,,
2026/4/30 19:15:00,554.86,0,,
2026/4/30 19:30:00,491.63,0,,
2026/4/30 19:45:00,489.81,0,,
2026/4/30 20:00:00,491.46,0,,
2026/4/30 20:15:00,494.27,0,,
2026/4/30 20:30:00,499.41,0,,
2026/4/30 20:45:00,0,0,,
2026/4/30 21:00:00,0,0,,
2026/4/30 21:15:00,0,0,,
2026/4/30 21:30:00,0,0,,
2026/4/30 21:45:00,0,0,,
2026/4/30 22:00:00,0,0,,
2026/4/30 22:15:00,0,0,,
2026/4/30 22:30:00,0,0,,
2026/4/30 22:45:00,0,0,,
2026/4/30 23:00:00,0,0,,
2026/4/30 23:15:00,0,0,,
2026/4/30 23:30:00,0,0,,
2026/4/30 23:45:00,0,0,,
2026/5/1 0:00:00,0,0,,
2026/5/1 0:15:00,0,0,,
2026/5/1 0:30:00,0,0,,
2026/5/1 0:45:00,0,0,,
2026/5/1 1:00:00,0,0,,
2026/5/1 1:15:00,0,0,,
2026/5/1 1:30:00,0,0,,
2026/5/1 1:45:00,0,0,,
2026/5/1 2:00:00,0,0,,
2026/5/1 2:15:00,0,0,,
2026/5/1 2:30:00,0,0,,
2026/5/1 2:45:00,0,0,,
2026/5/1 3:00:00,0,0,,
2026/5/1 3:15:00,0,0,,
2026/5/1 3:30:00,0,0,,
2026/5/1 3:45:00,0,0,,
2026/5/1 4:00:00,0,0,,
2026/5/1 4:15:00,0,0,,
2026/5/1 4:30:00,0,0,,
2026/5/1 4:45:00,0,0,,
2026/5/1 5:00:00,0,0,,
2026/5/1 5:15:00,0,0,,
2026/5/1 5:30:00,0,0,,
2026/5/1 5:45:00,0,0,,
2026/5/1 6:00:00,0,0,,
2026/5/1 6:15:00,0,0,,
2026/5/1 6:30:00,0,0,,
2026/5/1 6:45:00,0,0,,
2026/5/1 7:00:00,0,0,,
2026/5/1 7:15:00,0,0,,
2026/5/1 7:30:00,0,0,,
2026/5/1 7:45:00,0,0,,
2026/5/1 8:00:00,0,0,,
2026/5/1 8:15:00,0,0,,
2026/5/1 8:30:00,0,0,,
2026/5/1 8:45:00,0,0,,
2026/5/1 9:00:00,0,0,,
2026/5/1 9:15:00,0,0,,
2026/5/1 9:30:00,0,0,,
2026/5/1 9:45:00,0,0,,
2026/5/1 10:00:00,0,0,,
2026/5/1 10:15:00,745.72,0,,
2026/5/1 10:30:00,717.74,0,,
2026/5/1 10:45:00,682.65,0,,
2026/5/1 11:00:00,532.84,0,,
2026/5/1 11:15:00,455.87,0,,
2026/5/1 11:30:00,434.68,0,,
2026/5/1 11:45:00,436.5,0,,
2026/5/1 12:00:00,437.5,0,,
2026/5/1 12:15:00,437.5,0,,
2026/5/1 12:30:00,464.48,0,,
2026/5/1 12:45:00,464.31,0,,
2026/5/1 13:00:00,465.8,0,,
2026/5/1 13:15:00,575.72,0,,
2026/5/1 13:30:00,569.92,0,,
2026/5/1 13:45:00,528.04,0,,
2026/5/1 14:00:00,493.12,0,,
2026/5/1 14:15:00,496.26,0,,
2026/5/1 14:30:00,495.6,0,,
2026/5/1 14:45:00,496.1,0,,
2026/5/1 15:00:00,501.06,0,,
2026/5/1 15:15:00,501.23,0,,
2026/5/1 15:30:00,500.23,0,,
2026/5/1 15:45:00,482.03,0,,
2026/5/1 16:00:00,481.2,0,,
2026/5/1 16:15:00,476.73,0,,
2026/5/1 16:30:00,463.32,0,,
2026/5/1 16:45:00,462.66,0,,
2026/5/1 17:00:00,461.83,0,,
2026/5/1 17:15:00,462.99,0,,
2026/5/1 17:30:00,464.48,0,,
2026/5/1 17:45:00,477.39,0,,
2026/5/1 18:00:00,481.36,0,,
2026/5/1 18:15:00,487.82,0,,
2026/5/1 18:30:00,483.02,0,,
2026/5/1 18:45:00,499.41,0,,
2026/5/1 19:00:00,498.74,0,,
2026/5/1 19:15:00,499.74,0,,
2026/5/1 19:30:00,607.83,0,,
2026/5/1 19:45:00,614.62,0,,
2026/5/1 20:00:00,612.3,0,,
2026/5/1 20:15:00,568.1,0,,
2026/5/1 20:30:00,535.49,0,,
2026/5/1 20:45:00,518.94,0,,
2026/5/1 21:00:00,522.58,0,,
2026/5/1 21:15:00,539.96,0,,
2026/5/1 21:30:00,534.83,0,,
2026/5/1 21:45:00,0,0,,
2026/5/1 22:00:00,0,0,,
2026/5/1 22:15:00,0,0,,
2026/5/1 22:30:00,0,0,,
2026/5/1 22:45:00,0,0,,
2026/5/1 23:00:00,0,0,,
2026/5/1 23:15:00,0,0,,
2026/5/1 23:30:00,0,0,,
2026/5/1 23:45:00,0,0,,
2026/5/2 0:00:00,0,0,,
2026/5/2 0:15:00,0,0,,
2026/5/2 0:30:00,0,0,,
2026/5/2 0:45:00,0,0,,
2026/5/2 1:00:00,0,0,,
2026/5/2 1:15:00,0,0,,
2026/5/2 1:30:00,0,0,,
2026/5/2 1:45:00,0,0,,
2026/5/2 2:00:00,0,0,,
2026/5/2 2:15:00,0,0,,
2026/5/2 2:30:00,0,0,,
2026/5/2 2:45:00,0,0,,
2026/5/2 3:00:00,0,0,,
2026/5/2 3:15:00,0,0,,
2026/5/2 3:30:00,0,0,,
2026/5/2 3:45:00,0,0,,
2026/5/2 4:00:00,0,0,,
2026/5/2 4:15:00,0,0,,
2026/5/2 4:30:00,0,0,,
2026/5/2 4:45:00,0,0,,
2026/5/2 5:00:00,0,0,,
2026/5/2 5:15:00,0,0,,
2026/5/2 5:30:00,1.82,0,,
2026/5/2 5:45:00,0,0,,
2026/5/2 6:00:00,0,0,,
2026/5/2 6:15:00,0,0,,
2026/5/2 6:30:00,0,0,,
2026/5/2 6:45:00,0,0,,
2026/5/2 7:00:00,0,0,,
2026/5/2 7:15:00,0,0,,
2026/5/2 7:30:00,0,0,,
2026/5/2 7:45:00,0,0,,
2026/5/2 8:00:00,0,0,,
2026/5/2 8:15:00,0,0,,
2026/5/2 8:30:00,0,0,,
2026/5/2 8:45:00,0,0,,
2026/5/2 9:00:00,0,0,,
2026/5/2 9:15:00,0,0,,
2026/5/2 9:30:00,0,0,,
2026/5/2 9:45:00,0,0,,
2026/5/2 10:00:00,0,0,,
2026/5/2 10:15:00,0,0,,
2026/5/2 10:30:00,0,0,,
2026/5/2 10:45:00,0,0,,
2026/5/2 11:00:00,0,0,,
2026/5/2 11:15:00,0,0,,
2026/5/2 11:30:00,0,0,,
2026/5/2 11:45:00,0,0,,
2026/5/2 12:00:00,703.34,0,,
2026/5/2 12:15:00,721.88,0,,
2026/5/2 12:30:00,611.8,0,,
2026/5/2 12:45:00,503.88,0,,
2026/5/2 13:00:00,480.7,0,,
2026/5/2 13:15:00,482.52,0,,
2026/5/2 13:30:00,486,0,,
2026/5/2 13:45:00,486.99,0,,
2026/5/2 14:00:00,483.68,0,,
2026/5/2 14:15:00,486,0,,
2026/5/2 14:30:00,485.34,0,,
2026/5/2 14:45:00,483.18,0,,
2026/5/2 15:00:00,483.18,0,,
2026/5/2 15:15:00,486.16,0,,
2026/5/2 15:30:00,483.35,0,,
2026/5/2 15:45:00,483.68,0,,
2026/5/2 16:00:00,484.67,0,,
2026/5/2 16:15:00,486.83,0,,
2026/5/2 16:30:00,483.68,0,,
2026/5/2 16:45:00,480.37,0,,
2026/5/2 17:00:00,480.2,0,,
2026/5/2 17:15:00,483.02,0,,
2026/5/2 17:30:00,466.63,0,,
2026/5/2 17:45:00,466.3,0,,
2026/5/2 18:00:00,477.39,0,,
2026/5/2 18:15:00,491.46,0,,
2026/5/2 18:30:00,489.81,0,,
2026/5/2 18:45:00,490.63,0,,
2026/5/2 19:00:00,491.63,0,,
2026/5/2 19:15:00,469.61,0,,
2026/5/2 19:30:00,469.11,0,,
2026/5/2 19:45:00,469.94,0,,
2026/5/2 20:00:00,471.27,0,,
2026/5/2 20:15:00,473.25,0,,
2026/5/2 20:30:00,0,0,,
2026/5/2 20:45:00,0,0,,
2026/5/2 21:00:00,0,0,,
2026/5/2 21:15:00,0,0,,
2026/5/2 21:30:00,0,0,,
2026/5/2 21:45:00,0,0,,
2026/5/2 22:00:00,0,0,,
2026/5/2 22:15:00,0,0,,
2026/5/2 22:30:00,0,0,,
2026/5/2 22:45:00,0,0,,
2026/5/2 23:00:00,0,0,,
2026/5/2 23:15:00,0,0,,
2026/5/2 23:30:00,0,0,,
2026/5/2 23:45:00,0,0,,
2026/5/3 0:00:00,0,0,,
2026/5/3 0:15:00,0,0,,
2026/5/3 0:30:00,0,0,,
2026/5/3 0:45:00,0,0,,
2026/5/3 1:00:00,0,0,,
2026/5/3 1:15:00,0,0,,
2026/5/3 1:30:00,0,0,,
2026/5/3 1:45:00,0,0,,
2026/5/3 2:00:00,0,0,,
2026/5/3 2:15:00,0,0,,
2026/5/3 2:30:00,0,0,,
2026/5/3 2:45:00,0,0,,
2026/5/3 3:00:00,0,0,,
2026/5/3 3:15:00,0,0,,
2026/5/3 3:30:00,0,0,,
2026/5/3 3:45:00,0,0,,
2026/5/3 4:00:00,0,0,,
2026/5/3 4:15:00,0,0,,
2026/5/3 4:30:00,0,0,,
2026/5/3 4:45:00,0,0,,
2026/5/3 5:00:00,0,0,,
2026/5/3 5:15:00,0,0,,
2026/5/3 5:30:00,0,0,,
2026/5/3 5:45:00,0,0,,
2026/5/3 6:00:00,0,0,,
2026/5/3 6:15:00,0,0,,
2026/5/3 6:30:00,0,0,,
2026/5/3 6:45:00,0,0,,
2026/5/3 7:00:00,0,0,,
2026/5/3 7:15:00,0,0,,
2026/5/3 7:30:00,0,0,,
2026/5/3 7:45:00,0,0,,
2026/5/3 8:00:00,0,0,,
2026/5/3 8:15:00,0,0,,
2026/5/3 8:30:00,0,0,,
2026/5/3 8:45:00,0,0,,
2026/5/3 9:00:00,0,0,,
2026/5/3 9:15:00,0,0,,
2026/5/3 9:30:00,0,0,,
2026/5/3 9:45:00,0,0,,
2026/5/3 10:00:00,0,0,,
2026/5/3 10:15:00,0,0,,
2026/5/3 10:30:00,718.07,0,,
2026/5/3 10:45:00,720.89,0,,
2026/5/3 11:00:00,693.08,0,,
2026/5/3 11:15:00,548.07,0,,
2026/5/3 11:30:00,465.14,0,,
2026/5/3 11:45:00,449.08,0,,
2026/5/3 12:00:00,449.75,0,,
2026/5/3 12:15:00,450.74,0,,
2026/5/3 12:30:00,451.73,0,,
2026/5/3 12:45:00,469.28,0,,
2026/5/3 13:00:00,470.27,0,,
2026/5/3 13:15:00,470.44,0,,
2026/5/3 13:30:00,492.62,0,,
2026/5/3 13:45:00,494.27,0,,
2026/5/3 14:00:00,495.27,0,,
2026/5/3 14:15:00,639.61,0,,
2026/5/3 14:30:00,610.48,0,,
2026/5/3 14:45:00,591.28,0,,
2026/5/3 15:00:00,569.26,0,,
2026/5/3 15:15:00,558,0,,
2026/5/3 15:30:00,558.17,0,,
2026/5/3 15:45:00,558.83,0,,
2026/5/3 16:00:00,558.83,0,,
2026/5/3 16:15:00,551.38,0,,
2026/5/3 16:30:00,385.36,0,,
2026/5/3 16:45:00,564.96,0,,
2026/5/3 17:00:00,563.14,0,,
2026/5/3 17:15:00,566.61,0,,
2026/5/3 17:30:00,482.85,0,,
2026/5/3 17:45:00,483.68,0,,
2026/5/3 18:00:00,442.96,0,,
2026/5/3 18:15:00,449.75,0,,
2026/5/3 18:30:00,454.71,0,,
2026/5/3 18:45:00,453.72,0,,
2026/5/3 19:00:00,411.01,0,,
2026/5/3 19:15:00,413.83,0,,
2026/5/3 19:30:00,431.37,0,,
2026/5/3 19:45:00,321.13,0,,
2026/5/3 20:00:00,451.57,0,,
2026/5/3 20:15:00,385.52,0,,
2026/5/3 20:30:00,351.42,0,,
2026/5/3 20:45:00,0,0,,
2026/5/3 21:00:00,0,0,,
2026/5/3 21:15:00,0,0,,
2026/5/3 21:30:00,0,0,,
2026/5/3 21:45:00,0,0,,
2026/5/3 22:00:00,0,0,,
2026/5/3 22:15:00,0,0,,
2026/5/3 22:30:00,0,0,,
2026/5/3 22:45:00,0,0,,
2026/5/3 23:00:00,0,0,,
2026/5/3 23:15:00,0,0,,
2026/5/3 23:30:00,0,0,,
2026/5/3 23:45:00,0,0,,
2026/5/4 0:00:00,0,0,,
2026/5/4 0:15:00,0,0,,
2026/5/4 0:30:00,0,0,,
2026/5/4 0:45:00,0,0,,
2026/5/4 1:00:00,0,0,,
2026/5/4 1:15:00,0,0,,
2026/5/4 1:30:00,0,0,,
2026/5/4 1:45:00,0,0,,
2026/5/4 2:00:00,0,0,,
2026/5/4 2:15:00,0,0,,
2026/5/4 2:30:00,0,0,,
2026/5/4 2:45:00,0,0,,
2026/5/4 3:00:00,0,0,,
2026/5/4 3:15:00,0,0,,
2026/5/4 3:30:00,0,0,,
2026/5/4 3:45:00,0,0,,
2026/5/4 4:00:00,0,0,,
2026/5/4 4:15:00,0,0,,
2026/5/4 4:30:00,0,0,,
2026/5/4 4:45:00,0,0,,
2026/5/4 5:00:00,0,0,,
2026/5/4 5:15:00,0,0,,
2026/5/4 5:30:00,0,0,,
2026/5/4 5:45:00,0,0,,
2026/5/4 6:00:00,0,0,,
2026/5/4 6:15:00,0,0,,
2026/5/4 6:30:00,0,0,,
2026/5/4 6:45:00,0,0,,
2026/5/4 7:00:00,0,0,,
2026/5/4 7:15:00,0,0,,
2026/5/4 7:30:00,0,0,,
2026/5/4 7:45:00,0,0,,
2026/5/4 8:00:00,0,0,,
2026/5/4 8:15:00,0,0,,
2026/5/4 8:30:00,0,0,,
2026/5/4 8:45:00,0,0,,
2026/5/4 9:00:00,0,0,,
2026/5/4 9:15:00,0,0,,
2026/5/4 9:30:00,0,0,,
2026/5/4 9:45:00,0,0,,
2026/5/4 10:00:00,0,0,,
2026/5/4 10:15:00,0,0,,
2026/5/4 10:30:00,0,0,,
2026/5/4 10:45:00,0,0,,
2026/5/4 11:00:00,0,0,,
2026/5/4 11:15:00,0,0,,
2026/5/4 11:30:00,0,0,,
2026/5/4 11:45:00,719.4,0,,
2026/5/4 12:00:00,735.78,0,,
2026/5/4 12:15:00,715.92,0,,
2026/5/4 12:30:00,716.42,0,,
2026/5/4 12:45:00,717.08,0,,
2026/5/4 13:00:00,709.13,0,,
2026/5/4 13:15:00,714.26,0,,
2026/5/4 13:30:00,652.36,0,,
2026/5/4 13:45:00,594.25,0,,
2026/5/4 14:00:00,565.95,0,,
2026/5/4 14:15:00,548.73,0,,
2026/5/4 14:30:00,550.89,0,,
2026/5/4 14:45:00,554.69,0,,
2026/5/4 15:00:00,553.87,0,,
2026/5/4 15:15:00,554.2,0,,
2026/5/4 15:30:00,551.55,0,,
2026/5/4 15:45:00,551.38,0,,
2026/5/4 16:00:00,551.71,0,,
2026/5/4 16:15:00,551.55,0,,
2026/5/4 16:30:00,550.89,0,,
2026/5/4 16:45:00,550.55,0,,
2026/5/4 17:00:00,546.91,0,,
2026/5/4 17:15:00,557.18,0,,
2026/5/4 17:30:00,569.76,0,,
2026/5/4 17:45:00,577.87,0,,
2026/5/4 18:00:00,587.8,0,,
2026/5/4 18:15:00,543.6,0,,
2026/5/4 18:30:00,540.46,0,,
2026/5/4 18:45:00,542.28,0,,
2026/5/4 19:00:00,528.37,0,,
2026/5/4 19:15:00,523.9,0,,
2026/5/4 19:30:00,536.15,0,,
2026/5/4 19:45:00,528.87,0,,
2026/5/4 20:00:00,532.51,0,,
2026/5/4 20:15:00,533.84,0,,
2026/5/4 20:30:00,536.15,0,,
2026/5/4 20:45:00,535.33,0,,
2026/5/4 21:00:00,0,0,,
2026/5/4 21:15:00,0,0,,
2026/5/4 21:30:00,0,0,,
2026/5/4 21:45:00,0,0,,
2026/5/4 22:00:00,0,0,,
2026/5/4 22:15:00,0,0,,
2026/5/4 22:30:00,0,0,,
2026/5/4 22:45:00,0,0,,
2026/5/4 23:00:00,0,0,,
2026/5/4 23:15:00,0,0,,
2026/5/4 23:30:00,0,0,,
2026/5/4 23:45:00,0,0,,
2026/5/5 0:00:00,0,0,,
2026/5/5 0:15:00,0,0,,
2026/5/5 0:30:00,0,0,,
2026/5/5 0:45:00,0,0,,
2026/5/5 1:00:00,0,0,,
2026/5/5 1:15:00,0,0,,
2026/5/5 1:30:00,0,0,,
2026/5/5 1:45:00,0,0,,
2026/5/5 2:00:00,0,0,,
2026/5/5 2:15:00,0,0,,
2026/5/5 2:30:00,0,0,,
2026/5/5 2:45:00,0,0,,
2026/5/5 3:00:00,0,0,,
2026/5/5 3:15:00,0,0,,
2026/5/5 3:30:00,0,0,,
2026/5/5 3:45:00,0,0,,
2026/5/5 4:00:00,0,0,,
2026/5/5 4:15:00,0,0,,
2026/5/5 4:30:00,0,0,,
2026/5/5 4:45:00,0,0,,
2026/5/5 5:00:00,0,0,,
2026/5/5 5:15:00,0,0,,
2026/5/5 5:30:00,0,0,,
2026/5/5 5:45:00,0,0,,
2026/5/5 6:00:00,0,0,,
2026/5/5 6:15:00,0,0,,
2026/5/5 6:30:00,0,0,,
2026/5/5 6:45:00,0,0,,
2026/5/5 7:00:00,0,0,,
2026/5/5 7:15:00,0,0,,
2026/5/5 7:30:00,0,0,,
2026/5/5 7:45:00,0,0,,
2026/5/5 8:00:00,0,0,,
2026/5/5 8:15:00,0,0,,
2026/5/5 8:30:00,1.66,0,,
2026/5/5 8:45:00,0,0,,
2026/5/5 9:00:00,0,0,,
2026/5/5 9:15:00,0,0,,
2026/5/5 9:30:00,0,0,,
2026/5/5 9:45:00,0,0,,
2026/5/5 10:00:00,396.61,0,,
2026/5/5 10:15:00,747.37,0,,
2026/5/5 10:30:00,736.78,0,,
2026/5/5 10:45:00,724.69,0,,
2026/5/5 11:00:00,716.58,0,,
2026/5/5 11:15:00,583,0,,
2026/5/5 11:30:00,534.33,0,,
2026/5/5 11:45:00,506.69,0,,
2026/5/5 12:00:00,502.05,0,,
2026/5/5 12:15:00,505.86,0,,
2026/5/5 12:30:00,505.53,0,,
2026/5/5 12:45:00,505.53,0,,
2026/5/5 13:00:00,507.68,0,,
2026/5/5 13:15:00,507.85,0,,
2026/5/5 13:30:00,521.59,0,,
2026/5/5 13:45:00,521.75,0,,
2026/5/5 14:00:00,522.75,0,,
2026/5/5 14:15:00,523.24,0,,
2026/5/5 14:30:00,522.41,0,,
2026/5/5 14:45:00,521.59,0,,
2026/5/5 15:00:00,521.59,0,,
2026/5/5 15:15:00,520.76,0,,
2026/5/5 15:30:00,523.74,0,,
2026/5/5 15:45:00,533.17,0,,
2026/5/5 16:00:00,536.15,0,,
2026/5/5 16:15:00,535.33,0,,
2026/5/5 16:30:00,532.35,0,,
2026/5/5 16:45:00,531.68,0,,
2026/5/5 17:00:00,535.82,0,,
2026/5/5 17:15:00,533.01,0,,
2026/5/5 17:30:00,541.12,0,,
2026/5/5 17:45:00,553.2,0,,
2026/5/5 18:00:00,551.55,0,,
2026/5/5 18:15:00,550.06,0,,
2026/5/5 18:30:00,554.36,0,,
2026/5/5 18:45:00,551.71,0,,
2026/5/5 19:00:00,553.2,0,,
2026/5/5 19:15:00,552.04,0,,
2026/5/5 19:30:00,549.07,0,,
2026/5/5 19:45:00,553.87,0,,
2026/5/5 20:00:00,551.55,0,,
2026/5/5 20:15:00,550.06,0,,
2026/5/5 20:30:00,545.75,0,,
2026/5/5 20:45:00,0,0,,
2026/5/5 21:00:00,0,0,,
2026/5/5 21:15:00,0,0,,
2026/5/5 21:30:00,0,0,,
2026/5/5 21:45:00,0,0,,
2026/5/5 22:00:00,0,0,,
2026/5/5 22:15:00,0,0,,
2026/5/5 22:30:00,0,0,,
2026/5/5 22:45:00,0,0,,
2026/5/5 23:00:00,0,0,,
2026/5/5 23:15:00,0,0,,
2026/5/5 23:30:00,0,0,,
2026/5/5 23:45:00,0,0,,
2026/5/6 0:00:00,0,0,,0
2026/5/6 0:15:00,0,0,,0
2026/5/6 0:30:00,0,0,,0
2026/5/6 0:45:00,0,0,,0
2026/5/6 1:00:00,0,0,,0
2026/5/6 1:15:00,0,0,,0
2026/5/6 1:30:00,0,0,,0
2026/5/6 1:45:00,0,0,,0
2026/5/6 2:00:00,0,0,,0
2026/5/6 2:15:00,0,0,,0
2026/5/6 2:30:00,0,0,,0
2026/5/6 2:45:00,0,0,,0
2026/5/6 3:00:00,0,0,,0
2026/5/6 3:15:00,0,0,,0
2026/5/6 3:30:00,0,0,,0
2026/5/6 3:45:00,0,0,,0
2026/5/6 4:00:00,0,0,,0
2026/5/6 4:15:00,0,0,,0
2026/5/6 4:30:00,0,0,,0
2026/5/6 4:45:00,0,0,,0
2026/5/6 5:00:00,0,0,,0
2026/5/6 5:15:00,0,0,,0
2026/5/6 5:30:00,0,0,,0
2026/5/6 5:45:00,0,0,,0
2026/5/6 6:00:00,0,0,,0
2026/5/6 6:15:00,0,0,,0
2026/5/6 6:30:00,0,0,,0
2026/5/6 6:45:00,0,0,,0
2026/5/6 7:00:00,0,0,,0
2026/5/6 7:15:00,0,0,,0
2026/5/6 7:30:00,0,0,,0
2026/5/6 7:45:00,0,0,,0
2026/5/6 8:00:00,0,0,,0
2026/5/6 8:15:00,0,0,,0
2026/5/6 8:30:00,0,0,,0
2026/5/6 8:45:00,0,0,,0
2026/5/6 9:00:00,0,0,,0
2026/5/6 9:15:00,0,0,,0
2026/5/6 9:30:00,0,0,,0
2026/5/6 9:45:00,0,0,,0
2026/5/6 10:00:00,0,0,,112.56
2026/5/6 10:15:00,739.26,0,,113.06
2026/5/6 10:30:00,718.73,0,,112.73
2026/5/6 10:45:00,719.89,0,,112.73
2026/5/6 11:00:00,650.7,0,,112.4
2026/5/6 11:15:00,579.52,0,,112.89
2026/5/6 11:30:00,540.79,0,,112.56
2026/5/6 11:45:00,528.21,0,,112.73
2026/5/6 12:00:00,524.24,0,,112.4
2026/5/6 12:15:00,526.55,0,,112.56
2026/5/6 12:30:00,527.05,0,,112.23
2026/5/6 12:45:00,540.95,0,,112.56
2026/5/6 13:00:00,543.44,0,,112.23
2026/5/6 13:15:00,543.77,0,,112.56
2026/5/6 13:30:00,556.35,0,,112.56
2026/5/6 13:45:00,564.29,0,,112.23
2026/5/6 14:00:00,567.27,0,,112.89
2026/5/6 14:15:00,567.93,0,,112.4
2026/5/6 14:30:00,564.96,0,,112.23
2026/5/6 14:45:00,564.96,0,,112.4
2026/5/6 15:00:00,565.29,0,,112.23
2026/5/6 15:15:00,564.13,0,,112.56
2026/5/6 15:30:00,562.14,0,,112.23
2026/5/6 15:45:00,561.98,0,,112.56
2026/5/6 16:00:00,559.82,0,,112.56
2026/5/6 16:15:00,561.81,0,,112.89
2026/5/6 16:30:00,564.62,0,,112.23
2026/5/6 16:45:00,560.65,0,,112.56
2026/5/6 17:00:00,562.64,0,,112.73
2026/5/6 17:15:00,575.72,0,,112.56
2026/5/6 17:30:00,573.89,0,,112.4
2026/5/6 17:45:00,581.51,0,,112.06
2026/5/6 18:00:00,584.99,0,,112.56
2026/5/6 18:15:00,588.46,0,,112.06
2026/5/6 18:30:00,598.23,0,,112.23
2026/5/6 18:45:00,594.09,0,,112.4
2026/5/6 19:00:00,594.92,0,,112.4
2026/5/6 19:15:00,592.77,0,,112.73
2026/5/6 19:30:00,592.27,0,,112.56
2026/5/6 19:45:00,592.93,0,,112.23
2026/5/6 20:00:00,590.78,0,,112.56
2026/5/6 20:15:00,580.18,0,,112.56
2026/5/6 20:30:00,577.7,0,,112.89
2026/5/6 20:45:00,0,0,,112.4
2026/5/6 21:00:00,0,0,,112.4
2026/5/6 21:15:00,0,0,,112.56
2026/5/6 21:30:00,0,0,,0
2026/5/6 21:45:00,0,0,,0
2026/5/6 22:00:00,0,0,,0
2026/5/6 22:15:00,2.15,0,,0
2026/5/6 22:30:00,0,0,,0
2026/5/6 22:45:00,0,0,,0
2026/5/6 23:00:00,0,0,,3.97
2026/5/6 23:15:00,0,0,,3.81
2026/5/6 23:30:00,0,0,,3.97
2026/5/6 23:45:00,0,0,,0
2026/5/7 0:00:00,0,0,,3.81
2026/5/7 0:15:00,0,0,,3.97
2026/5/7 0:30:00,0,0,,0
2026/5/7 0:45:00,0,0,,0
2026/5/7 1:00:00,0,0,,0
2026/5/7 1:15:00,0,0,,3.97
2026/5/7 1:30:00,0,0,,3.81
2026/5/7 1:45:00,0,0,,3.97
2026/5/7 2:00:00,0,0,,3.97
2026/5/7 2:15:00,0,0,,4.14
2026/5/7 2:30:00,0,0,,3.81
2026/5/7 2:45:00,0,0,,4.14
2026/5/7 3:00:00,0,0,,3.97
2026/5/7 3:15:00,0,0,,3.97
2026/5/7 3:30:00,0,0,,4.14
2026/5/7 3:45:00,0,0,,3.97
2026/5/7 4:00:00,0,0,,3.97
2026/5/7 4:15:00,0,0,,3.97
2026/5/7 4:30:00,0,0,,3.97
2026/5/7 4:45:00,0,0,,3.97
2026/5/7 5:00:00,0,0,,3.97
2026/5/7 5:15:00,0,0,,3.97
2026/5/7 5:30:00,0,0,,3.97
2026/5/7 5:45:00,0,0,,3.97
2026/5/7 6:00:00,0,0,,3.97
2026/5/7 6:15:00,0,0,,3.97
2026/5/7 6:30:00,0,0,,3.97
2026/5/7 6:45:00,0,0,,3.97
2026/5/7 7:00:00,0,0,,3.81
2026/5/7 7:15:00,0,0,,0
2026/5/7 7:30:00,0,0,,0
2026/5/7 7:45:00,0,0,,0
2026/5/7 8:00:00,0,0,,0
2026/5/7 8:15:00,0,0,,0
2026/5/7 8:30:00,0,0,,0
2026/5/7 8:45:00,0,0,,0
2026/5/7 9:00:00,0,0,,0
2026/5/7 9:15:00,0,0,,0
2026/5/7 9:30:00,0,0,,0
2026/5/7 9:45:00,0,0,,0
2026/5/7 10:00:00,0,0,,0
2026/5/7 10:15:00,0,0,,0
2026/5/7 10:30:00,0,0,,0
2026/5/7 10:45:00,0,0,,0
2026/5/7 11:00:00,0,0,,0
2026/5/7 11:15:00,716.58,0,,105.11
2026/5/7 11:30:00,712.11,0,,104.95
2026/5/7 11:45:00,714.93,0,,104.62
2026/5/7 12:00:00,714.93,0,,104.78
2026/5/7 12:15:00,708.64,0,,104.62
2026/5/7 12:30:00,661.63,0,,104.78
2026/5/7 12:45:00,593.92,0,,104.78
2026/5/7 13:00:00,552.21,0,,105.11
2026/5/7 13:15:00,541.12,0,,105.11
2026/5/7 13:30:00,528.54,0,,104.95
2026/5/7 13:45:00,526.06,0,,104.62
2026/5/7 14:00:00,525.73,0,,104.28
2026/5/7 14:15:00,510.83,0,,104.62
2026/5/7 14:30:00,508.01,0,,104.62
2026/5/7 14:45:00,494.27,0,,104.78
2026/5/7 15:00:00,492.45,0,,104.95
2026/5/7 15:15:00,492.12,0,,104.78
2026/5/7 15:30:00,492.12,0,,104.62
2026/5/7 15:45:00,493.12,0,,104.78
2026/5/7 16:00:00,497.59,0,,104.78
2026/5/7 16:15:00,505.2,0,,105.11
2026/5/7 16:30:00,518.94,0,,104.62
2026/5/7 16:45:00,518.77,0,,104.78
2026/5/7 17:00:00,520.59,0,,104.62
2026/5/7 17:15:00,519.27,0,,104.62
2026/5/7 17:30:00,519.6,0,,104.78
2026/5/7 17:45:00,519.27,0,,104.95
2026/5/7 18:00:00,522.25,0,,104.95
2026/5/7 18:15:00,521.75,0,,104.78
2026/5/7 18:30:00,518.44,0,,104.45
2026/5/7 18:45:00,520.43,0,,104.62
2026/5/7 19:00:00,614.45,0,,104.78
2026/5/7 19:15:00,590.61,0,,104.78
2026/5/7 19:30:00,561.31,0,,104.78
2026/5/7 19:45:00,540.29,0,,104.95
2026/5/7 20:00:00,537.15,0,,104.45
2026/5/7 20:15:00,536.98,0,,104.78
2026/5/7 20:30:00,376.58,0,,104.78
2026/5/7 20:45:00,0,0,,105.11
2026/5/7 21:00:00,0,0,,104.95
2026/5/7 21:15:00,0,0,,105.11
2026/5/7 21:30:00,0,0,,0
2026/5/7 21:45:00,0,0,,3.81
2026/5/7 22:00:00,0,0,,3.81
2026/5/7 22:15:00,1.82,0,,3.97
2026/5/7 22:30:00,0,0,,0
2026/5/7 22:45:00,0,0,,0
2026/5/7 23:00:00,0,0,,0
2026/5/7 23:15:00,0,0,,0
2026/5/7 23:30:00,0,0,,0
2026/5/7 23:45:00,0,0,,0
2026/5/8 0:00:00,0,0,,0
2026/5/8 0:15:00,0,0,,0
2026/5/8 0:30:00,0,0,,0
2026/5/8 0:45:00,0,0,,0
2026/5/8 1:00:00,0,0,,0
2026/5/8 1:15:00,0,0,,0
2026/5/8 1:30:00,0,0,,0
2026/5/8 1:45:00,0,0,,0
2026/5/8 2:00:00,0,1.82,,0
2026/5/8 2:15:00,0,1.82,,0
2026/5/8 2:30:00,0,0,,0
2026/5/8 2:45:00,0,0,,0
2026/5/8 3:00:00,0,0,,0
2026/5/8 3:15:00,0,0,,0
2026/5/8 3:30:00,0,0,,3.81
2026/5/8 3:45:00,0,0,,3.97
2026/5/8 4:00:00,0,0,,3.97
2026/5/8 4:15:00,0,0,,0
2026/5/8 4:30:00,0,0,,0
2026/5/8 4:45:00,0,0,,0
2026/5/8 5:00:00,0,0,,0
2026/5/8 5:15:00,0,0,,0
2026/5/8 5:30:00,0,0,,0
2026/5/8 5:45:00,0,0,,0
2026/5/8 6:00:00,0,0,,0
2026/5/8 6:15:00,0,0,,0
2026/5/8 6:30:00,0,0,,0
2026/5/8 6:45:00,0,0,,0
2026/5/8 7:00:00,0,0,,0
2026/5/8 7:15:00,0,0,,0
2026/5/8 7:30:00,0,0,,0
2026/5/8 7:45:00,0,0,,0
2026/5/8 8:00:00,0,0,,0
2026/5/8 8:15:00,0,0,,0
2026/5/8 8:30:00,0,0,,0
2026/5/8 8:45:00,0,0,,0
2026/5/8 9:00:00,0,0,,0
2026/5/8 9:15:00,0,0,,0
2026/5/8 9:30:00,0,0,,0
2026/5/8 9:45:00,0,0,,0
2026/5/8 10:00:00,0,0,,0
2026/5/8 10:15:00,0,0,,0
2026/5/8 10:30:00,0,0,,0
2026/5/8 10:45:00,0,0,,0
2026/5/8 11:00:00,0,0,,0
2026/5/8 11:15:00,0,0,,0
2026/5/8 11:30:00,0,0,,0
2026/5/8 11:45:00,0,0,,0
2026/5/8 12:00:00,0,0,,0
2026/5/8 12:15:00,0,0,,0
2026/5/8 12:30:00,0,0,,0
2026/5/8 12:45:00,0,0,,0
2026/5/8 13:00:00,534,0,,112.73
2026/5/8 13:15:00,728.5,0,,112.73
2026/5/8 13:30:00,713.11,0,,112.89
2026/5/8 13:45:00,716.42,0,,112.73
2026/5/8 14:00:00,715.26,0,,112.4
2026/5/8 14:15:00,611.47,0,,112.56
2026/5/8 14:30:00,523.57,0,,112.4
2026/5/8 14:45:00,420.94,0,,112.73
2026/5/8 15:00:00,0,0,,218.83
2026/5/8 15:15:00,0,0,,225.45
2026/5/8 15:30:00,0,0,,252.6
2026/5/8 15:45:00,0,0,,298.29
2026/5/8 16:00:00,0,0,,323.28
2026/5/8 16:15:00,0,0,,332.88
2026/5/8 16:30:00,0,0,,355.56
2026/5/8 16:45:00,0,0,,362.68
2026/5/8 17:00:00,0,0,,373.77
2026/5/8 17:15:00,0,0,,387.34
2026/5/8 17:30:00,0,0,,388.67
2026/5/8 17:45:00,0,0,,386.68
2026/5/8 18:00:00,0,0,,392.14
2026/5/8 18:15:00,0,0,,385.36
2026/5/8 18:30:00,0,0,,395.78
2026/5/8 18:45:00,0,0,,392.64
2026/5/8 19:00:00,0,0,,398.27
2026/5/8 19:15:00,0,0,,397.77
2026/5/8 19:30:00,0,0,,399.26
2026/5/8 19:45:00,0,0,,400.09
2026/5/8 20:00:00,0,0,,400.75
2026/5/8 20:15:00,0,0,,400.42
2026/5/8 20:30:00,0,0,,400.75
2026/5/8 20:45:00,0,0,,0
2026/5/8 21:00:00,0,0,,0
2026/5/8 21:15:00,0,0,,0
2026/5/8 21:30:00,0,0,,0
2026/5/8 21:45:00,0,0,,0
2026/5/8 22:00:00,0,0,,3.97
2026/5/8 22:15:00,0,0,,0
2026/5/8 22:30:00,0,0,,3.81
2026/5/8 22:45:00,0,0,,3.97
2026/5/8 23:00:00,0,0,,3.97
2026/5/8 23:15:00,0,0,,3.97
2026/5/8 23:30:00,0,0,,3.97
2026/5/8 23:45:00,0,0,,3.97
2026/5/9 0:00:00,0,0,,3.81
2026/5/9 0:15:00,0,0,,3.97
2026/5/9 0:30:00,0,0,,3.81
2026/5/9 0:45:00,0,0,,3.97
2026/5/9 1:00:00,0,0,,4.14
2026/5/9 1:15:00,0,0,,3.97
2026/5/9 1:30:00,0,0,,3.97
2026/5/9 1:45:00,0,0,,3.97
2026/5/9 2:00:00,0,0,,4.14
2026/5/9 2:15:00,0,0,,3.97
2026/5/9 2:30:00,0,0,,3.97
2026/5/9 2:45:00,0,0,,3.97
2026/5/9 3:00:00,0,0,,3.97
2026/5/9 3:15:00,0,0,,3.97
2026/5/9 3:30:00,0,0,,3.97
2026/5/9 3:45:00,0,0,,3.97
2026/5/9 4:00:00,0,0,,3.97
2026/5/9 4:15:00,0,0,,0
2026/5/9 4:30:00,0,0,,0
2026/5/9 4:45:00,0,0,,0
2026/5/9 5:00:00,0,0,,0
2026/5/9 5:15:00,0,0,,0
2026/5/9 5:30:00,0,0,,0
2026/5/9 5:45:00,0,0,,0
2026/5/9 6:00:00,0,0,,0
2026/5/9 6:15:00,0,0,,0
2026/5/9 6:30:00,0,0,,0
2026/5/9 6:45:00,0,0,,0
2026/5/9 7:00:00,0,0,,0
2026/5/9 7:15:00,0,0,,0
2026/5/9 7:30:00,0,0,,0
2026/5/9 7:45:00,0,0,,0
2026/5/9 8:00:00,0,0,,0
2026/5/9 8:15:00,0,0,,0
2026/5/9 8:30:00,0,0,,0
2026/5/9 8:45:00,0,0,,0
2026/5/9 9:00:00,0,0,,0
2026/5/9 9:15:00,0,0,,0
2026/5/9 9:30:00,0,0,,0
2026/5/9 9:45:00,0,0,,0
2026/5/9 10:00:00,0,0,,0
2026/5/9 10:15:00,0,0,,0
2026/5/9 10:30:00,0,0,,0
2026/5/9 10:45:00,0,0,,0
2026/5/9 11:00:00,0,0,,0
2026/5/9 11:15:00,0,0,,0
2026/5/9 11:30:00,0,0,,0
2026/5/9 11:45:00,445.61,0,,104.78
2026/5/9 12:00:00,724.36,0,,104.62
2026/5/9 12:15:00,731.98,0,,104.62
2026/5/9 12:30:00,726.35,0,,104.45
2026/5/9 12:45:00,724.86,0,,104.78
2026/5/9 13:00:00,722.04,0,,104.62
2026/5/9 13:15:00,724.03,0,,104.62
2026/5/9 13:30:00,700.53,0,,104.62
2026/5/9 13:45:00,652.85,0,,104.62
2026/5/9 14:00:00,601.87,0,,104.78
2026/5/9 14:15:00,591.44,0,,104.62
2026/5/9 14:30:00,566.61,0,,104.45
2026/5/9 14:45:00,562.14,0,,104.62
2026/5/9 15:00:00,562.64,0,,104.78
2026/5/9 15:15:00,547.91,0,,104.62
2026/5/9 15:30:00,548.73,0,,104.45
2026/5/9 15:45:00,548.9,0,,104.45
2026/5/9 16:00:00,547.24,0,,104.45
2026/5/9 16:15:00,528.54,0,,104.28
2026/5/9 16:30:00,510.17,0,,104.62
2026/5/9 16:45:00,508.18,0,,104.45
2026/5/9 17:00:00,508.01,0,,104.45
2026/5/9 17:15:00,515.79,0,,104.28
2026/5/9 17:30:00,526.39,0,,104.62
2026/5/9 17:45:00,533.84,0,,104.45
2026/5/9 18:00:00,533.34,0,,104.45
2026/5/9 18:15:00,537.48,0,,104.62
2026/5/9 18:30:00,533.67,0,,104.45
2026/5/9 18:45:00,544.26,0,,104.28
2026/5/9 19:00:00,546.09,0,,104.45
2026/5/9 19:15:00,546.25,0,,104.28
2026/5/9 19:30:00,546.91,0,,104.45
2026/5/9 19:45:00,546.09,0,,104.45
2026/5/9 20:00:00,541.45,0,,104.28
2026/5/9 20:15:00,544.93,0,,104.28
2026/5/9 20:30:00,0,0,,104.45
2026/5/9 20:45:00,0,0,,104.28
2026/5/9 21:00:00,0,0,,104.28
2026/5/9 21:15:00,0,0,,0
2026/5/9 21:30:00,0,0,,0
2026/5/9 21:45:00,0,0,,0
2026/5/9 22:00:00,0,0,,0
2026/5/9 22:15:00,0,0,,0
2026/5/9 22:30:00,0,0,,0
2026/5/9 22:45:00,0,0,,0
2026/5/9 23:00:00,0,0,,0
2026/5/9 23:15:00,0,0,,0
2026/5/9 23:30:00,0,0,,0
2026/5/9 23:45:00,0,0,,0
2026/5/10 0:00:00,0,0,,0
2026/5/10 0:15:00,0,0,,0
2026/5/10 0:30:00,0,0,,0
2026/5/10 0:45:00,0,0,,0
2026/5/10 1:00:00,0,0,,0
2026/5/10 1:15:00,0,0,,0
2026/5/10 1:30:00,0,0,,0
2026/5/10 1:45:00,0,0,,0
2026/5/10 2:00:00,0,0,,0
2026/5/10 2:15:00,0,0,,0
2026/5/10 2:30:00,0,0,,0
2026/5/10 2:45:00,0,0,,0
2026/5/10 3:00:00,0,0,,0
2026/5/10 3:15:00,0,0,,0
2026/5/10 3:30:00,0,0,,0
2026/5/10 3:45:00,0,0,,0
2026/5/10 4:00:00,0,0,,0
2026/5/10 4:15:00,0,0,,0
2026/5/10 4:30:00,0,0,,0
2026/5/10 4:45:00,0,0,,0
2026/5/10 5:00:00,0,0,,0
2026/5/10 5:15:00,0,0,,0
2026/5/10 5:30:00,0,0,,0
2026/5/10 5:45:00,0,0,,0
2026/5/10 6:00:00,0,0,,0
2026/5/10 6:15:00,0,0,,0
2026/5/10 6:30:00,0,0,,0
2026/5/10 6:45:00,0,0,,0
2026/5/10 7:00:00,0,0,,0
2026/5/10 7:15:00,0,0,,0
2026/5/10 7:30:00,0,0,,0
2026/5/10 7:45:00,0,0,,0
2026/5/10 8:00:00,0,0,,0
2026/5/10 8:15:00,0,0,,0
2026/5/10 8:30:00,0,0,,0
2026/5/10 8:45:00,0,0,,0
2026/5/10 9:00:00,0,0,,0
2026/5/10 9:15:00,0,0,,0
2026/5/10 9:30:00,0,0,,0
2026/5/10 9:45:00,0,0,,0
2026/5/10 10:00:00,0,0,,0
2026/5/10 10:15:00,0,0,,0
2026/5/10 10:30:00,736.45,0,,112.4
2026/5/10 10:45:00,716.09,0,,112.4
2026/5/10 11:00:00,713.6,0,,112.06
2026/5/10 11:15:00,710.95,0,,112.56
2026/5/10 11:30:00,719.56,0,,112.23
2026/5/10 11:45:00,715.42,0,,112.89
2026/5/10 12:00:00,715.26,0,,112.06
2026/5/10 12:15:00,713.77,0,,112.23
2026/5/10 12:30:00,587.96,0,,112.06
2026/5/10 12:45:00,581.01,0,,112.23
2026/5/10 13:00:00,577.21,0,,112.4
2026/5/10 13:15:00,582.83,0,,112.23
2026/5/10 13:30:00,582.34,0,,112.4
2026/5/10 13:45:00,581.84,0,,112.06
2026/5/10 14:00:00,589.45,0,,112.23
2026/5/10 14:15:00,586.97,0,,112.56
2026/5/10 14:30:00,715.09,0,,111.9
2026/5/10 14:45:00,717.58,0,,112.23
2026/5/10 15:00:00,711.62,0,,112.23
2026/5/10 15:15:00,663.45,0,,111.9
2026/5/10 15:30:00,485.83,0,,112.06
2026/5/10 15:45:00,504.7,0,,111.9
2026/5/10 16:00:00,540.79,0,,112.06
2026/5/10 16:15:00,562.97,0,,112.06
2026/5/10 16:30:00,562.64,0,,112.23
2026/5/10 16:45:00,572.24,0,,112.4
2026/5/10 17:00:00,577.54,0,,112.23
2026/5/10 17:15:00,576.05,0,,111.9
2026/5/10 17:30:00,576.05,0,,112.06
2026/5/10 17:45:00,579.85,0,,112.06
2026/5/10 18:00:00,586.31,0,,112.23
2026/5/10 18:15:00,588.96,0,,112.06
2026/5/10 18:30:00,716.58,0,,112.23
2026/5/10 18:45:00,713.77,0,,112.4
2026/5/10 19:00:00,709.3,0,,112.23
2026/5/10 19:15:00,672.39,0,,112.56
2026/5/10 19:30:00,656.49,0,,112.06
2026/5/10 19:45:00,645.57,0,,112.56
2026/5/10 20:00:00,645.73,0,,112.23
2026/5/10 20:15:00,636.8,0,,112.23
2026/5/10 20:30:00,637.62,0,,111.9
2026/5/10 20:45:00,627.2,0,,111.9
2026/5/10 21:00:00,607.83,0,,112.4
2026/5/10 21:15:00,0,0,,113.06
2026/5/10 21:30:00,0,0,,0
2026/5/10 21:45:00,0,0,,0
2026/5/10 22:00:00,0,0,,0
2026/5/10 22:15:00,0,0,,0
2026/5/10 22:30:00,0,0,,0
2026/5/10 22:45:00,0,0,,0
2026/5/10 23:00:00,0,0,,0
2026/5/10 23:15:00,0,0,,0
2026/5/10 23:30:00,0,0,,0
2026/5/10 23:45:00,0,0,,0
2026/5/11 0:00:00,0,0,,0
2026/5/11 0:15:00,0,0,,0
2026/5/11 0:30:00,0,0,,0
2026/5/11 0:45:00,0,0,,0
2026/5/11 1:00:00,0,0,,0
2026/5/11 1:15:00,0,0,,0
2026/5/11 1:30:00,0,0,,0
2026/5/11 1:45:00,0,0,,0
2026/5/11 2:00:00,0,0,,0
2026/5/11 2:15:00,0,0,,0
2026/5/11 2:30:00,0,0,,0
2026/5/11 2:45:00,0,0,,0
2026/5/11 3:00:00,0,0,,0
2026/5/11 3:15:00,0,0,,0
2026/5/11 3:30:00,0,0,,0
2026/5/11 3:45:00,0,0,,0
2026/5/11 4:00:00,0,0,,0
2026/5/11 4:15:00,0,0,,3.81
2026/5/11 4:30:00,0,0,,0
2026/5/11 4:45:00,0,0,,0
2026/5/11 5:00:00,0,0,,0
2026/5/11 5:15:00,0,0,,0
2026/5/11 5:30:00,0,0,,0
2026/5/11 5:45:00,0,0,,0
2026/5/11 6:00:00,0,0,,0
2026/5/11 6:15:00,0,0,,0
2026/5/11 6:30:00,0,0,,0
2026/5/11 6:45:00,0,0,,0
2026/5/11 7:00:00,0,0,,0
2026/5/11 7:15:00,0,0,,0
2026/5/11 7:30:00,0,0,,0
2026/5/11 7:45:00,0,0,,0
2026/5/11 8:00:00,0,0,,0
2026/5/11 8:15:00,0,0,,0
2026/5/11 8:30:00,0,0,,0
2026/5/11 8:45:00,0,0,,0
2026/5/11 9:00:00,0,0,,0
2026/5/11 9:15:00,0,0,,0
2026/5/11 9:30:00,0,0,,0
2026/5/11 9:45:00,539.3,0,,105.11
2026/5/11 10:00:00,718.07,0,,104.78
2026/5/11 10:15:00,716.58,0,,104.62
2026/5/11 10:30:00,699.86,0,,104.62
2026/5/11 10:45:00,592.1,0,,104.78
2026/5/11 11:00:00,539.13,0,,104.45
2026/5/11 11:15:00,540.29,0,,104.45
2026/5/11 11:30:00,537.97,0,,104.45
2026/5/11 11:45:00,538.14,0,,104.62
2026/5/11 12:00:00,537.64,0,,104.45
2026/5/11 12:15:00,541.78,0,,104.62
2026/5/11 12:30:00,539.79,0,,104.62
2026/5/11 12:45:00,541.45,0,,104.62
2026/5/11 13:00:00,543.11,0,,104.62
2026/5/11 13:15:00,551.38,0,,104.62
2026/5/11 13:30:00,551.05,0,,104.45
2026/5/11 13:45:00,559.49,0,,104.62
2026/5/11 14:00:00,557.01,0,,104.62
2026/5/11 14:15:00,556.35,0,,104.62
2026/5/11 14:30:00,557.67,0,,104.28
2026/5/11 14:45:00,544.6,0,,104.45
2026/5/11 15:00:00,543.11,0,,104.62
2026/5/11 15:15:00,543.44,0,,104.62
2026/5/11 15:30:00,533.84,0,,104.62
2026/5/11 15:45:00,533.34,0,,104.62
2026/5/11 16:00:00,533.34,0,,104.45
2026/5/11 16:15:00,533.17,0,,104.45
2026/5/11 16:30:00,534.5,0,,104.62
2026/5/11 16:45:00,534.83,0,,104.45
2026/5/11 17:00:00,537.15,0,,104.62
2026/5/11 17:15:00,535.99,0,,104.28
2026/5/11 17:30:00,529.37,0,,104.78
2026/5/11 17:45:00,544.93,0,,104.62
2026/5/11 18:00:00,544.6,0,,104.78
2026/5/11 18:15:00,541.95,0,,104.62
2026/5/11 18:30:00,542.28,0,,104.62
2026/5/11 18:45:00,542.44,0,,104.62
2026/5/11 19:00:00,542.77,0,,104.62
2026/5/11 19:15:00,540.29,0,,104.78
2026/5/11 19:30:00,540.79,0,,104.62
2026/5/11 19:45:00,541.45,0,,104.62
2026/5/11 20:00:00,539.79,0,,104.78
2026/5/11 20:15:00,541.95,0,,104.62
2026/5/11 20:30:00,541.78,0,,104.78
2026/5/11 20:45:00,623.22,0,,104.78
2026/5/11 21:00:00,0,0,,104.78
2026/5/11 21:15:00,0,0,,104.95
2026/5/11 21:30:00,0,0,,0
2026/5/11 21:45:00,0,0,,0
2026/5/11 22:00:00,0,0,,0
2026/5/11 22:15:00,0,0,,0
2026/5/11 22:30:00,0,0,,3.81
2026/5/11 22:45:00,0,0,,0
2026/5/11 23:00:00,0,0,,0
2026/5/11 23:15:00,0,0,,0
2026/5/11 23:30:00,0,0,,0
2026/5/11 23:45:00,0,0,,0
2026/5/12 0:00:00,0,0,,3.97
2026/5/12 0:15:00,0,0,,0
2026/5/12 0:30:00,0,0,,0
2026/5/12 0:45:00,0,0,,0
2026/5/12 1:00:00,0,0,,3.97
2026/5/12 1:15:00,0,0,,3.97
2026/5/12 1:30:00,0,0,,0
2026/5/12 1:45:00,0,0,,0
2026/5/12 2:00:00,0,0,,0
2026/5/12 2:15:00,0,0,,0
2026/5/12 2:30:00,0,0,,0
2026/5/12 2:45:00,0,0,,0
2026/5/12 3:00:00,0,0,,0
2026/5/12 3:15:00,0,0,,0
2026/5/12 3:30:00,0,0,,0
2026/5/12 3:45:00,0,0,,0
2026/5/12 4:00:00,0,0,,0
2026/5/12 4:15:00,0,0,,0
2026/5/12 4:30:00,0,0,,0
2026/5/12 4:45:00,0,0,,0
2026/5/12 5:00:00,0,0,,0
2026/5/12 5:15:00,0,0,,0
2026/5/12 5:30:00,0,0,,0
2026/5/12 5:45:00,0,0,,0
2026/5/12 6:00:00,0,0,,0
2026/5/12 6:15:00,0,0,,0
2026/5/12 6:30:00,0,0,,0
2026/5/12 6:45:00,0,0,,0
2026/5/12 7:00:00,0,0,,0
2026/5/12 7:15:00,0,0,,0
2026/5/12 7:30:00,0,0,,0
2026/5/12 7:45:00,0,0,,0
2026/5/12 8:00:00,0,0,,0
2026/5/12 8:15:00,0,0,,0
2026/5/12 8:30:00,0,0,,0
2026/5/12 8:45:00,0,0,,0
2026/5/12 9:00:00,0,0,,0
2026/5/12 9:15:00,0,0,,0
2026/5/12 9:30:00,0,0,,0
2026/5/12 9:45:00,0,0,,0
2026/5/12 10:00:00,0,0,,0
2026/5/12 10:15:00,719.56,0,,112.56
2026/5/12 10:30:00,806.13,0,,112.73
2026/5/12 10:45:00,799.18,0,,112.56
2026/5/12 11:00:00,802.49,0,,112.23
2026/5/12 11:15:00,796.7,0,,112.56
2026/5/12 11:30:00,605.35,0,,112.73
2026/5/12 11:45:00,557.18,0,,112.4
2026/5/12 12:00:00,564.96,0,,112.89
2026/5/12 12:15:00,564.13,0,,112.06
2026/5/12 12:30:00,563.63,0,,112.89
2026/5/12 12:45:00,564.79,0,,112.4
2026/5/12 13:00:00,563.47,0,,112.06
2026/5/12 13:15:00,563.47,0,,112.4
2026/5/12 13:30:00,570.75,0,,112.56
2026/5/12 13:45:00,596.08,0,,112.06
2026/5/12 14:00:00,593.92,0,,112.06
2026/5/12 14:15:00,587.47,0,,112.56
2026/5/12 14:30:00,571.91,0,,112.23
2026/5/12 14:45:00,569.59,0,,112.23
2026/5/12 15:00:00,558.17,0,,112.56
2026/5/12 15:15:00,559.16,0,,141.53
2026/5/12 15:30:00,556.51,0,,142.03
2026/5/12 15:45:00,557.18,0,,141.69
2026/5/12 16:00:00,557.84,0,,141.86
2026/5/12 16:15:00,556.35,0,,141.69
2026/5/12 16:30:00,555.02,0,,141.36
2026/5/12 16:45:00,555.36,0,,141.53
2026/5/12 17:00:00,565.62,0,,141.53
2026/5/12 17:15:00,559.33,0,,142.03
2026/5/12 17:30:00,559.49,0,,141.53
2026/5/12 17:45:00,557.18,0,,141.03
2026/5/12 18:00:00,562.8,0,,141.69
2026/5/12 18:15:00,575.05,0,,141.53
2026/5/12 18:30:00,574.06,0,,141.69
2026/5/12 18:45:00,578.36,0,,141.36
2026/5/12 19:00:00,570.92,0,,141.69
2026/5/12 19:15:00,571.91,0,,142.19
2026/5/12 19:30:00,602.03,0,,141.69
2026/5/12 19:45:00,605.01,0,,141.36
2026/5/12 20:00:00,602.37,0,,141.36
2026/5/12 20:15:00,599.72,0,,141.86
2026/5/12 20:30:00,591.44,0,,141.69
2026/5/12 20:45:00,0,0,,141.53
2026/5/12 21:00:00,0,0,,141.69
2026/5/12 21:15:00,0,0,,0
2026/5/12 21:30:00,0,0,,0
2026/5/12 21:45:00,0,0,,0
2026/5/12 22:00:00,0,0,,0
2026/5/12 22:15:00,0,0,,3.97
2026/5/12 22:30:00,0,0,,3.97
2026/5/12 22:45:00,0,0,,3.81
2026/5/12 23:00:00,0,0,,3.81
2026/5/12 23:15:00,0,0,,3.97
2026/5/12 23:30:00,0,0,,3.81
2026/5/12 23:45:00,0,0,,3.81
2026/5/13 0:00:00,0,0,,3.97
2026/5/13 0:15:00,0,0,,3.97
2026/5/13 0:30:00,0,0,,3.97
2026/5/13 0:45:00,0,0,,3.97
2026/5/13 1:00:00,0,0,,3.97
2026/5/13 1:15:00,0,0,,3.97
2026/5/13 1:30:00,0,0,,3.97
2026/5/13 1:45:00,0,0,,3.97
2026/5/13 2:00:00,0,0,,3.97
2026/5/13 2:15:00,0,0,,3.97
2026/5/13 2:30:00,0,0,,4.14
2026/5/13 2:45:00,0,0,,3.97
2026/5/13 3:00:00,0,0,,3.97
2026/5/13 3:15:00,0,0,,4.14
2026/5/13 3:30:00,0,0,,4.14
2026/5/13 3:45:00,0,0,,4.14
2026/5/13 4:00:00,0,0,,3.97
2026/5/13 4:15:00,0,0,,3.97
2026/5/13 4:30:00,0,0,,3.97
2026/5/13 4:45:00,0,0,,3.97
2026/5/13 5:00:00,0,0,,3.81
2026/5/13 5:15:00,0,0,,3.97
2026/5/13 5:30:00,0,0,,3.97
2026/5/13 5:45:00,0,0,,4.14
2026/5/13 6:00:00,0,0,,4.14
2026/5/13 6:15:00,0,0,,3.97
2026/5/13 6:30:00,0,0,,0
2026/5/13 6:45:00,0,0,,3.81
2026/5/13 7:00:00,0,0,,0
2026/5/13 7:15:00,0,0,,0
2026/5/13 7:30:00,0,0,,0
2026/5/13 7:45:00,0,0,,0
2026/5/13 8:00:00,0,0,,0
2026/5/13 8:15:00,0,0,,0
2026/5/13 8:30:00,0,0,,0
2026/5/13 8:45:00,0,0,,0
2026/5/13 9:00:00,0,0,,0
2026/5/13 9:15:00,0,0,,0
2026/5/13 9:30:00,0,0,,3.97
2026/5/13 9:45:00,452.06,0,,105.28
2026/5/13 10:00:00,842.55,0,,105.11
2026/5/13 10:15:00,810.11,0,,104.78
2026/5/13 10:30:00,811.27,0,,104.95
2026/5/13 10:45:00,801.66,0,,104.95
2026/5/13 11:00:00,765.74,0,,104.95
2026/5/13 11:15:00,759.45,0,,105.11
2026/5/13 11:30:00,645.07,0,,105.11
2026/5/13 11:45:00,582.83,0,,104.78
2026/5/13 12:00:00,573.56,0,,104.78
2026/5/13 12:15:00,605.51,0,,104.95
2026/5/13 12:30:00,577.21,0,,104.78
2026/5/13 12:45:00,596.57,0,,104.62
2026/5/13 13:00:00,588.79,0,,104.78
2026/5/13 13:15:00,607.17,0,,104.95
2026/5/13 13:30:00,605.18,0,,104.62
2026/5/13 13:45:00,582.83,0,,104.78
2026/5/13 14:00:00,586.47,0,,104.45
2026/5/13 14:15:00,583.66,0,,104.62
2026/5/13 14:30:00,585.81,0,,104.78
2026/5/13 14:45:00,586.14,0,,104.78
2026/5/13 15:00:00,584.65,0,,104.95
2026/5/13 15:15:00,585.98,0,,104.78
2026/5/13 15:30:00,547.24,0,,104.95
2026/5/13 15:45:00,548.4,0,,105.11
2026/5/13 16:00:00,561.81,0,,105.11
2026/5/13 16:15:00,556.35,0,,104.95
2026/5/13 16:30:00,552.54,0,,104.95
2026/5/13 16:45:00,555.36,0,,105.11
2026/5/13 17:00:00,553.37,0,,104.95
2026/5/13 17:15:00,553.04,0,,105.11
2026/5/13 17:30:00,553.2,0,,104.95
2026/5/13 17:45:00,552.54,0,,105.11
2026/5/13 18:00:00,556.18,0,,105.11
2026/5/13 18:15:00,555.02,0,,104.95
2026/5/13 18:30:00,555.52,0,,105.11
2026/5/13 18:45:00,555.02,0,,105.28
2026/5/13 19:00:00,565.62,0,,104.95
2026/5/13 19:15:00,616.77,0,,105.11
2026/5/13 19:30:00,598.06,0,,104.78
2026/5/13 19:45:00,597.57,0,,105.11
2026/5/13 20:00:00,586.14,0,,104.95
2026/5/13 20:15:00,607.99,0,,104.95
2026/5/13 20:30:00,604.68,0,,104.95
2026/5/13 20:45:00,601.21,0,,105.28
2026/5/13 21:00:00,0,0,,105.28
2026/5/13 21:15:00,0,0,,142.69
2026/5/13 21:30:00,0,0,,142.19
2026/5/13 21:45:00,0,0,,142.19
2026/5/13 22:00:00,0,0,,0
2026/5/13 22:15:00,0,0,,0
2026/5/13 22:30:00,0,0,,0
2026/5/13 22:45:00,0,0,,0
2026/5/13 23:00:00,0,0,,0
2026/5/13 23:15:00,0,0,,3.97
2026/5/13 23:30:00,0,0,,3.97
2026/5/13 23:45:00,0,0,,0
2026/5/14 0:00:00,0,0,,3.97
2026/5/14 0:15:00,0,0,,0
2026/5/14 0:30:00,0,0,,0
2026/5/14 0:45:00,0,0,,0
2026/5/14 1:00:00,0,0,,3.97
2026/5/14 1:15:00,0,0,,0
2026/5/14 1:30:00,0,0,,3.81
2026/5/14 1:45:00,0,0,,3.81
2026/5/14 2:00:00,0,0,,3.97
2026/5/14 2:15:00,0,0,,3.97
2026/5/14 2:30:00,0,0,,3.97
2026/5/14 2:45:00,0,0,,3.97
2026/5/14 3:00:00,0,0,,3.97
2026/5/14 3:15:00,0,0,,4.14
2026/5/14 3:30:00,0,0,,3.81
2026/5/14 3:45:00,0,0,,3.97
2026/5/14 4:00:00,0,0,,3.97
2026/5/14 4:15:00,0,0,,3.81
2026/5/14 4:30:00,0,0,,3.97
2026/5/14 4:45:00,0,0,,3.81
2026/5/14 5:00:00,0,0,,3.97
2026/5/14 5:15:00,0,0,,3.81
2026/5/14 5:30:00,0,0,,3.81
2026/5/14 5:45:00,0,0,,0
2026/5/14 6:00:00,0,0,,3.81
2026/5/14 6:15:00,0,0,,0
2026/5/14 6:30:00,0,0,,0
2026/5/14 6:45:00,0,0,,0
2026/5/14 7:00:00,0,0,,0
2026/5/14 7:15:00,0,0,,0
2026/5/14 7:30:00,0,0,,4.14
2026/5/14 7:45:00,0,0,,3.97
2026/5/14 8:00:00,0,0,,3.97
2026/5/14 8:15:00,0,0,,3.97
2026/5/14 8:30:00,0,0,,3.81
2026/5/14 8:45:00,0,0,,3.97
2026/5/14 9:00:00,0,0,,0
2026/5/14 9:15:00,0,0,,3.81
2026/5/14 9:30:00,0,0,,0
2026/5/14 9:45:00,0,0,,0
2026/5/14 10:00:00,0,0,,0
2026/5/14 10:15:00,831.79,0,,105.11
2026/5/14 10:30:00,800.01,0,,105.28
2026/5/14 10:45:00,798.52,0,,105.44
2026/5/14 11:00:00,798.85,0,,105.11
2026/5/14 11:15:00,800.84,0,,104.78
2026/5/14 11:30:00,759.29,0,,104.95
2026/5/14 11:45:00,670.4,0,,104.95
2026/5/14 12:00:00,634.31,0,,104.95
2026/5/14 12:15:00,633.15,0,,104.62
2026/5/14 12:30:00,626.04,0,,104.78
2026/5/14 12:45:00,625.71,0,,104.95
2026/5/14 13:00:00,626.53,0,,104.95
2026/5/14 13:15:00,605.84,0,,104.95
2026/5/14 13:30:00,606.34,0,,104.95
2026/5/14 13:45:00,606.67,0,,104.78
2026/5/14 14:00:00,606.5,0,,104.62
2026/5/14 14:15:00,607.99,0,,104.95
2026/5/14 14:30:00,608.66,0,,104.78
2026/5/14 14:45:00,607.33,0,,105.11
2026/5/14 15:00:00,606.67,0,,104.62
2026/5/14 15:15:00,605.18,0,,104.78
2026/5/14 15:30:00,604.68,0,,104.78
2026/5/14 15:45:00,601.04,0,,104.78
2026/5/14 16:00:00,597.57,0,,104.95
2026/5/14 16:15:00,597.73,0,,105.11
2026/5/14 16:30:00,595.41,0,,104.78
2026/5/14 16:45:00,596.08,0,,104.62
2026/5/14 17:00:00,597.57,0,,104.62
2026/5/14 17:15:00,596.41,0,,104.62
2026/5/14 17:30:00,599.55,0,,104.62
2026/5/14 17:45:00,596.08,0,,104.78
2026/5/14 18:00:00,598.72,0,,104.78
2026/5/14 18:15:00,598.06,0,,104.95
2026/5/14 18:30:00,600.38,0,,105.11
2026/5/14 18:45:00,610.15,0,,104.95
2026/5/14 19:00:00,661.79,0,,134.25
2026/5/14 19:15:00,659.47,0,,134.08
2026/5/14 19:30:00,660.8,0,,134.25
2026/5/14 19:45:00,659.47,0,,134.41
2026/5/14 20:00:00,658.98,0,,134.08
2026/5/14 20:15:00,658.32,0,,134.41
2026/5/14 20:30:00,658.65,0,,134.41
2026/5/14 20:45:00,647.72,0,,135.07
2026/5/14 21:00:00,629.35,0,,134.25
2026/5/14 21:15:00,0,0,,134.58
2026/5/14 21:30:00,0,0,,134.41
2026/5/14 21:45:00,0,0,,3.97
2026/5/14 22:00:00,0,0,,4.14
2026/5/14 22:15:00,0,0,,0
2026/5/14 22:30:00,0,0,,0
2026/5/14 22:45:00,0,0,,0
2026/5/14 23:00:00,0,0,,0
2026/5/14 23:15:00,0,0,,0
2026/5/14 23:30:00,0,0,,0
2026/5/14 23:45:00,0,0,,0
2026/5/15 0:00:00,0,0,,0
2026/5/15 0:15:00,0,0,,0
2026/5/15 0:30:00,0,0,,0
2026/5/15 0:45:00,0,0,,0
2026/5/15 1:00:00,0,0,,0
2026/5/15 1:15:00,0,0,,0
2026/5/15 1:30:00,0,0,,0
2026/5/15 1:45:00,0,0,,0
2026/5/15 2:00:00,0,0,,0
2026/5/15 2:15:00,0,0,,0
2026/5/15 2:30:00,0,0,,0
2026/5/15 2:45:00,0,0,,0
2026/5/15 3:00:00,0,0,,0
2026/5/15 3:15:00,0,0,,0
2026/5/15 3:30:00,0,0,,0
2026/5/15 3:45:00,0,0,,0
2026/5/15 4:00:00,0,0,,0
2026/5/15 4:15:00,0,0,,0
2026/5/15 4:30:00,0,0,,0
2026/5/15 4:45:00,0,0,,0
2026/5/15 5:00:00,0,0,,0
2026/5/15 5:15:00,0,0,,0
2026/5/15 5:30:00,0,0,,0
2026/5/15 5:45:00,0,0,,0
2026/5/15 6:00:00,0,0,,0
2026/5/15 6:15:00,0,0,,0
2026/5/15 6:30:00,0,0,,0
2026/5/15 6:45:00,0,0,,0
2026/5/15 7:00:00,0,0,,0
2026/5/15 7:15:00,0,0,,0
2026/5/15 7:30:00,0,0,,0
2026/5/15 7:45:00,0,0,,0
2026/5/15 8:00:00,0,0,,0
2026/5/15 8:15:00,0,0,,3.64
2026/5/15 8:30:00,0,0,,0
2026/5/15 8:45:00,0,0,,0
2026/5/15 9:00:00,0,0,,0
2026/5/15 9:15:00,0,0,,0
2026/5/15 9:30:00,0,0,,0
2026/5/15 9:45:00,595.41,0,,142.19
2026/5/15 10:00:00,800.67,0,,141.69
2026/5/15 10:15:00,799.84,0,,142.03
2026/5/15 10:30:00,804.98,0,,142.03
2026/5/15 10:45:00,802.82,0,,141.86
2026/5/15 11:00:00,801.83,0,,142.36
2026/5/15 11:15:00,811.1,0,,141.86
2026/5/15 11:30:00,782.3,0,,141.69
2026/5/15 11:45:00,699.86,0,,141.86
2026/5/15 12:00:00,666.59,0,,141.53
2026/5/15 12:15:00,662.78,0,,141.53
2026/5/15 12:30:00,663.45,0,,141.53
2026/5/15 12:45:00,657.65,0,,141.2
2026/5/15 13:00:00,656.16,0,,142.03
2026/5/15 13:15:00,655.34,0,,141.53
2026/5/15 13:30:00,655.5,0,,141.69
2026/5/15 13:45:00,647.39,0,,142.36
2026/5/15 14:00:00,646.4,0,,141.86
2026/5/15 14:15:00,643.58,0,,141.53
2026/5/15 14:30:00,641.76,0,,142.03
2026/5/15 14:45:00,636.13,0,,142.03
2026/5/15 15:00:00,637.62,0,,142.03
2026/5/15 15:15:00,635.97,0,,142.03
2026/5/15 15:30:00,638.62,0,,141.86
2026/5/15 15:45:00,639.44,0,,141.69
2026/5/15 16:00:00,639.44,0,,142.03
2026/5/15 16:15:00,638.95,0,,141.36
2026/5/15 16:30:00,638.95,0,,141.86
2026/5/15 16:45:00,639.61,0,,141.53
2026/5/15 17:00:00,624.88,0,,140.04
2026/5/15 17:15:00,606.84,0,,140.04
2026/5/15 17:30:00,627.69,0,,140.37
2026/5/15 17:45:00,659.47,0,,140.37
2026/5/15 18:00:00,668.25,0,,140.2
2026/5/15 18:15:00,679.34,0,,140.2
2026/5/15 18:30:00,688.94,0,,140.7
2026/5/15 18:45:00,688.61,0,,140.54
2026/5/15 19:00:00,691.26,0,,140.2
2026/5/15 19:15:00,693.08,0,,140.04
2026/5/15 19:30:00,693.41,0,,140.37
2026/5/15 19:45:00,692.75,0,,140.54
2026/5/15 20:00:00,693.74,0,,140.2
2026/5/15 20:15:00,698.21,0,,140.2
2026/5/15 20:30:00,734.13,0,,142.36
2026/5/15 20:45:00,764.25,0,,141.86
2026/5/15 21:00:00,0,0,,142.19
2026/5/15 21:15:00,0,0,,142.19
2026/5/15 21:30:00,0,0,,142.36
2026/5/15 21:45:00,0,0,,142.03
2026/5/15 22:00:00,0,0,,0
2026/5/15 22:15:00,0,0,,0
2026/5/15 22:30:00,0,0,,0
2026/5/15 22:45:00,0,0,,0
2026/5/15 23:00:00,0,0,,0
2026/5/15 23:15:00,0,0,,3.81
2026/5/15 23:30:00,0,0,,0
2026/5/15 23:45:00,0,0,,0
2026/5/16 0:00:00,0,0,,0
2026/5/16 0:15:00,0,0,,0
2026/5/16 0:30:00,0,0,,0
2026/5/16 0:45:00,0,0,,0
2026/5/16 1:00:00,0,0,,0
2026/5/16 1:15:00,0,0,,0
2026/5/16 1:30:00,0,0,,3.97
2026/5/16 1:45:00,0,0,,3.97
2026/5/16 2:00:00,0,0,,3.97
2026/5/16 2:15:00,0,0,,3.97
2026/5/16 2:30:00,0,0,,3.81
2026/5/16 2:45:00,0,0,,3.97
2026/5/16 3:00:00,0,0,,3.81
2026/5/16 3:15:00,0,0,,3.97
2026/5/16 3:30:00,0,0,,3.97
2026/5/16 3:45:00,0,0,,3.97
2026/5/16 4:00:00,0,0,,3.97
2026/5/16 4:15:00,0,0,,3.81
2026/5/16 4:30:00,0,0,,3.97
2026/5/16 4:45:00,0,0,,3.97
2026/5/16 5:00:00,0,0,,4.14
2026/5/16 5:15:00,0,0,,3.97
2026/5/16 5:30:00,0,0,,3.97
2026/5/16 5:45:00,1.49,0,,3.81
2026/5/16 6:00:00,0,0,,3.97
2026/5/16 6:15:00,0,0,,3.97
2026/5/16 6:30:00,0,0,,3.97
2026/5/16 6:45:00,0,0,,3.81
2026/5/16 7:00:00,0,0,,3.97
2026/5/16 7:15:00,0,0,,0
2026/5/16 7:30:00,0,0,,3.81
2026/5/16 7:45:00,0,0,,0
2026/5/16 8:00:00,0,0,,0
2026/5/16 8:15:00,0,0,,0
2026/5/16 8:30:00,0,0,,0
2026/5/16 8:45:00,0,0,,0
2026/5/16 9:00:00,0,0,,0
2026/5/16 9:15:00,0,0,,0
2026/5/16 9:30:00,0,0,,0
2026/5/16 9:45:00,389.66,0,,134.74
2026/5/16 10:00:00,803.82,0,,134.41
2026/5/16 10:15:00,803.65,0,,134.58
2026/5/16 10:30:00,801.5,0,,134.58
2026/5/16 10:45:00,807.96,0,,134.25
2026/5/16 11:00:00,806.96,0,,134.41
2026/5/16 11:15:00,802.99,0,,134.25
2026/5/16 11:30:00,803.15,0,,134.08
2026/5/16 11:45:00,815.57,0,,134.08
2026/5/16 12:00:00,803.98,0,,133.75
2026/5/16 12:15:00,805.64,0,,134.25
2026/5/16 12:30:00,797.86,0,,133.91
2026/5/16 12:45:00,800.51,0,,133.91
2026/5/16 13:00:00,799.51,0,,133.91
2026/5/16 13:15:00,809.44,0,,133.91
2026/5/16 13:30:00,806.96,0,,134.08
2026/5/16 13:45:00,804.64,0,,133.91
2026/5/16 14:00:00,805.14,0,,133.58
2026/5/16 14:15:00,809.11,0,,134.08
2026/5/16 14:30:00,810.27,0,,133.91
2026/5/16 14:45:00,806.3,0,,104.62
2026/5/16 15:00:00,804.98,0,,104.78
2026/5/16 15:15:00,800.01,0,,104.78
2026/5/16 15:30:00,800.67,0,,104.45
2026/5/16 15:45:00,787.59,0,,104.45
2026/5/16 16:00:00,580.35,0,,181.26
2026/5/16 16:15:00,639.78,0,,180.26
2026/5/16 16:30:00,678.84,0,,180.43
2026/5/16 16:45:00,709.8,0,,180.59
2026/5/16 17:00:00,751.84,0,,205.09
2026/5/16 17:15:00,770.71,0,,205.59
2026/5/16 17:30:00,771.21,0,,205.75
2026/5/16 17:45:00,779.81,0,,205.26
2026/5/16 18:00:00,780.64,0,,205.26
2026/5/16 18:15:00,780.48,0,,205.26
2026/5/16 18:30:00,776.34,0,,206.09
2026/5/16 18:45:00,776.17,0,,205.42
2026/5/16 19:00:00,782.96,0,,205.26
2026/5/16 19:15:00,783.29,0,,205.75
2026/5/16 19:30:00,783.13,0,,205.42
2026/5/16 19:45:00,784.12,0,,204.93
2026/5/16 20:00:00,785.28,0,,205.09
2026/5/16 20:15:00,783.13,0,,205.59
2026/5/16 20:30:00,783.13,0,,205.42
2026/5/16 20:45:00,779.48,0,,205.09
2026/5/16 21:00:00,542.94,0,,108.26
2026/5/16 21:15:00,546.58,0,,107.93
2026/5/16 21:30:00,840.4,0,,104.62
2026/5/16 21:45:00,0,0,,0
2026/5/16 22:00:00,0,0,,104.95
2026/5/16 22:15:00,0,0,,105.11
2026/5/16 22:30:00,0,0,,104.62
2026/5/16 22:45:00,0,0,,104.95
2026/5/16 23:00:00,0,0,,104.95
2026/5/16 23:15:00,0,0,,105.11
2026/5/16 23:30:00,0,0,,105.11
2026/5/16 23:45:00,0,0,,104.95
2026/5/17 0:00:00,0,1.66,,105.28
2026/5/17 0:15:00,0,0,,104.95
2026/5/17 0:30:00,0,0,,104.95
2026/5/17 0:45:00,0,0,,0
2026/5/17 1:00:00,0,0,,0
2026/5/17 1:15:00,0,0,,0
2026/5/17 1:30:00,0,0,,3.97
2026/5/17 1:45:00,0,0,,4.14
2026/5/17 2:00:00,0,0,,3.81
2026/5/17 2:15:00,0,0,,3.97
2026/5/17 2:30:00,0,0,,3.97
2026/5/17 2:45:00,0,0,,3.97
2026/5/17 3:00:00,0,0,,3.97
2026/5/17 3:15:00,0,0,,3.81
2026/5/17 3:30:00,0,0,,3.97
2026/5/17 3:45:00,0,0,,3.97
2026/5/17 4:00:00,0,0,,3.97
2026/5/17 4:15:00,0,0,,3.97
2026/5/17 4:30:00,0,0,,3.97
2026/5/17 4:45:00,0,0,,3.97
2026/5/17 5:00:00,0,0,,3.97
2026/5/17 5:15:00,0,0,,3.97
2026/5/17 5:30:00,0,0,,3.81
2026/5/17 5:45:00,0,0,,3.97
2026/5/17 6:00:00,0,0,,3.97
2026/5/17 6:15:00,0,0,,3.97
2026/5/17 6:30:00,0,0,,3.97
2026/5/17 6:45:00,0,0,,3.97
2026/5/17 7:00:00,0,0,,3.81
2026/5/17 7:15:00,0,0,,3.64
2026/5/17 7:30:00,0,0,,3.97
2026/5/17 7:45:00,0,0,,0
2026/5/17 8:00:00,0,0,,3.81
2026/5/17 8:15:00,0,0,,3.81
2026/5/17 8:30:00,0,0,,0
2026/5/17 8:45:00,0,0,,0
2026/5/17 9:00:00,0,0,,0
2026/5/17 9:15:00,0,0,,0
2026/5/17 9:30:00,0,0,,98.33
2026/5/17 9:45:00,808.29,0,,112.73
2026/5/17 10:00:00,808.29,0,,112.89
2026/5/17 10:15:00,804.64,0,,112.89
2026/5/17 10:30:00,807.96,0,,113.22
2026/5/17 10:45:00,804.48,0,,188.04
2026/5/17 11:00:00,807.46,0,,187.55
2026/5/17 11:15:00,804.64,0,,187.71
2026/5/17 11:30:00,804.98,0,,187.88
2026/5/17 11:45:00,804.48,0,,187.71
2026/5/17 12:00:00,801.66,0,,187.55
2026/5/17 12:15:00,779.32,0,,187.38
2026/5/17 12:30:00,785.77,0,,187.22
2026/5/17 12:45:00,805.47,0,,187.38
2026/5/17 13:00:00,806.96,0,,187.05
2026/5/17 13:15:00,807.96,0,,187.38
2026/5/17 13:30:00,803.32,0,,187.38
2026/5/17 13:45:00,802.99,0,,187.55
2026/5/17 14:00:00,813.25,0,,187.38
2026/5/17 14:15:00,807.62,0,,187.38
2026/5/17 14:30:00,814.91,0,,187.22
2026/5/17 14:45:00,812.59,0,,187.38
2026/5/17 15:00:00,810.11,0,,187.55
2026/5/17 15:15:00,811.76,0,,187.55
2026/5/17 15:30:00,811.1,0,,187.71
2026/5/17 15:45:00,803.15,0,,187.55
2026/5/17 16:00:00,809.94,0,,187.38
2026/5/17 16:15:00,805.97,0,,187.38
2026/5/17 16:30:00,807.79,0,,187.22
2026/5/17 16:45:00,808.45,0,,187.38
2026/5/17 17:00:00,811.93,0,,187.38
2026/5/17 17:15:00,809.44,0,,187.55
2026/5/17 17:30:00,807.46,0,,187.38
2026/5/17 17:45:00,813.91,0,,187.38
2026/5/17 18:00:00,811.93,0,,187.38
2026/5/17 18:15:00,812.76,0,,187.05
2026/5/17 18:30:00,811.43,0,,187.22
2026/5/17 18:45:00,814.58,0,,187.38
2026/5/17 19:00:00,816.23,0,,187.38
2026/5/17 19:15:00,815.9,0,,187.38
2026/5/17 19:30:00,812.59,0,,187.38
2026/5/17 19:45:00,812.42,0,,187.38
2026/5/17 20:00:00,810.44,0,,187.22
2026/5/17 20:15:00,812.59,0,,187.55
2026/5/17 20:30:00,813.09,0,,187.55
2026/5/17 20:45:00,812.59,0,,187.38
2026/5/17 21:00:00,812.59,0,,187.38
2026/5/17 21:15:00,802,0,,187.88
2026/5/17 21:30:00,0,0,,113.06
2026/5/17 21:45:00,0,0,,0
2026/5/17 22:00:00,0,0,,0
2026/5/17 22:15:00,0,0,,3.81
2026/5/17 22:30:00,0,0,,0
2026/5/17 22:45:00,0,0,,0
2026/5/17 23:00:00,0,0,,3.81
2026/5/17 23:15:00,0,0,,3.81
2026/5/17 23:30:00,0,0,,0
2026/5/17 23:45:00,0,0,,3.97
2026/5/21 0:00:00,0,0,,3.97
2026/5/21 0:15:00,0,0,,3.81
2026/5/21 0:30:00,0,0,,3.97
2026/5/21 0:45:00,0,0,,3.81
2026/5/21 1:00:00,0,0,,3.97
2026/5/21 1:15:00,0,0,,3.81
2026/5/21 1:30:00,0,0,,3.97
2026/5/21 1:45:00,0,0,,0
2026/5/21 2:00:00,0,0,,0
2026/5/21 2:15:00,0,0,,3.97
2026/5/21 2:30:00,0,0,,3.97
2026/5/21 2:45:00,0,0,,3.81
2026/5/21 3:00:00,0,0,,4.14
2026/5/21 3:15:00,0,0,,3.97
2026/5/21 3:30:00,0,0,,3.97
2026/5/21 3:45:00,0,0,,3.81
2026/5/21 4:00:00,0,0,,3.97
2026/5/21 4:15:00,0,0,,3.97
2026/5/21 4:30:00,0,0,,3.97
2026/5/21 4:45:00,0,0,,3.97
2026/5/21 5:00:00,0,0,,3.81
2026/5/21 5:15:00,0,0,,3.97
2026/5/21 5:30:00,0,0,,3.81
2026/5/21 5:45:00,0,0,,3.81
2026/5/21 6:00:00,0,0,,0
2026/5/21 6:15:00,0,0,,3.81
2026/5/21 6:30:00,0,0,,0
2026/5/21 6:45:00,0,0,,0
2026/5/21 7:00:00,0,0,,0
2026/5/21 7:15:00,0,0,,0
2026/5/21 7:30:00,0,0,,0
2026/5/21 7:45:00,0,0,,0
2026/5/21 8:00:00,0,0,,0
2026/5/21 8:15:00,0,0,,0
2026/5/21 8:30:00,0,0,,0
2026/5/21 8:45:00,0,0,,0
2026/5/21 9:00:00,0,0,,0
2026/5/21 9:15:00,0,0,,0
2026/5/21 9:30:00,0,0,,0
2026/5/21 9:45:00,0,0,,113.72
2026/5/21 10:00:00,0,883.44,,113.22
2026/5/21 10:15:00,0,896.84,,112.89
2026/5/21 10:30:00,0,892.21,,113.06
2026/5/21 10:45:00,0,747.04,,188.37
2026/5/21 11:00:00,0,747.7,,188.21
2026/5/21 11:15:00,0,864.07,,187.88
2026/5/21 11:30:00,0,841.06,,188.21
2026/5/21 11:45:00,0,830.8,,188.21
2026/5/21 12:00:00,0,835.76,,187.88
2026/5/21 12:15:00,0,827.49,,188.04
2026/5/21 12:30:00,0,819.38,,188.04
2026/5/21 12:45:00,0,750.85,,188.21
2026/5/21 13:00:00,0,732.31,,188.21
2026/5/21 13:15:00,0,728.33,,188.04
2026/5/21 13:30:00,0,724.36,,188.04
2026/5/21 13:45:00,0,722.54,,188.37
2026/5/21 14:00:00,0,721.38,,187.88
2026/5/21 14:15:00,0,718.9,,187.88
2026/5/21 14:30:00,0,718.24,,188.21
2026/5/21 14:45:00,0,702.51,,187.88
2026/5/21 15:00:00,0,685.96,,188.04
2026/5/21 15:15:00,0,667.25,,188.04
2026/5/21 15:30:00,0,664.77,,187.71
2026/5/21 15:45:00,0,662.78,,188.21
2026/5/21 16:00:00,0,665.1,,187.88
2026/5/21 16:15:00,0,659.64,,187.88
2026/5/21 16:30:00,0,648.55,,187.71
2026/5/21 16:45:00,0,658.48,,187.88
2026/5/21 17:00:00,0,674.7,,188.04
2026/5/21 17:15:00,0,691.26,,188.04
2026/5/21 17:30:00,0,687.12,,187.88
2026/5/21 17:45:00,0,687.45,,187.71
2026/5/21 18:00:00,0,705.66,,188.04
2026/5/21 18:15:00,0,704.33,,187.55
2026/5/21 18:30:00,0,705.99,,188.04
2026/5/21 18:45:00,0,711.78,,187.71
2026/5/21 19:00:00,0,709.96,,188.04
2026/5/21 19:15:00,0,686.95,,188.04
2026/5/21 19:30:00,0,705.16,,187.71
2026/5/21 19:45:00,0,709.8,,188.37
2026/5/21 20:00:00,0,713.77,,187.88
2026/5/21 20:15:00,0,707.48,,188.04
2026/5/21 20:30:00,0,698.04,,187.88
2026/5/21 20:45:00,0,680.33,,188.04
2026/5/21 21:00:00,0,0,,188.37
2026/5/21 21:15:00,0,0,,105.28
2026/5/21 21:30:00,0,0,,105.44
2026/5/21 21:45:00,0,0,,0
2026/5/21 22:00:00,0,0,,0
2026/5/21 22:15:00,0,0,,0
2026/5/21 22:30:00,0,0,,0
2026/5/21 22:45:00,0,0,,3.97
2026/5/21 23:00:00,0,0,,0
2026/5/21 23:15:00,0,0,,0
2026/5/21 23:30:00,0,0,,0
2026/5/21 23:45:00,0,0,,3.97
2026/5/22 0:00:00,0,0,,3.81
2026/5/22 0:15:00,0,0,,0
2026/5/22 0:30:00,0,0,,0
2026/5/22 0:45:00,0,0,,0
2026/5/22 1:00:00,0,0,,3.81
2026/5/22 1:15:00,0,0,,4.14
2026/5/22 1:30:00,0,0,,3.97
2026/5/22 1:45:00,0,0,,3.97
2026/5/22 2:00:00,0,0,,3.97
2026/5/22 2:15:00,0,0,,3.81
2026/5/22 2:30:00,0,0,,3.97
2026/5/22 2:45:00,0,0,,3.81
2026/5/22 3:00:00,0,0,,3.97
2026/5/22 3:15:00,0,0,,3.97
2026/5/22 3:30:00,0,0,,3.97
2026/5/22 3:45:00,0,0,,3.97
2026/5/22 4:00:00,0,0,,3.97
2026/5/22 4:15:00,0,0,,3.97
2026/5/22 4:30:00,0,0,,3.97
2026/5/22 4:45:00,0,0,,3.97
2026/5/22 5:00:00,0,0,,3.97
2026/5/22 5:15:00,0,0,,3.97
2026/5/22 5:30:00,0,0,,3.97
2026/5/22 5:45:00,0,0,,3.97
2026/5/22 6:00:00,0,0,,3.97
2026/5/22 6:15:00,0,0,,3.97
2026/5/22 6:30:00,0,0,,3.97
2026/5/22 6:45:00,0,0,,3.97
2026/5/22 7:00:00,0,0,,0
2026/5/22 7:15:00,0,0,,0
2026/5/22 7:30:00,0,0,,0
2026/5/22 7:45:00,0,0,,0
2026/5/22 8:00:00,0,0,,0
2026/5/22 8:15:00,0,0,,0
2026/5/22 8:30:00,0,0,,0
2026/5/22 8:45:00,0,0,,0
2026/5/22 9:00:00,0,0,,0
2026/5/22 9:15:00,0,0,,0
2026/5/22 9:30:00,0,0,,0
2026/5/22 9:45:00,748.53,0,,112.56
2026/5/22 10:00:00,818.71,0,,112.4
2026/5/22 10:15:00,812.42,0,,112.73
2026/5/22 10:30:00,808.62,0,,113.22
2026/5/22 10:45:00,809.11,0,,112.56
2026/5/22 11:00:00,804.48,0,,112.73
2026/5/22 11:15:00,809.44,0,,112.73
2026/5/22 11:30:00,803.98,0,,112.73
2026/5/22 11:45:00,812.42,0,,161.56
2026/5/22 12:00:00,811.27,0,,161.72
2026/5/22 12:15:00,808.95,0,,161.89
2026/5/22 12:30:00,805.8,0,,162.05
2026/5/22 12:45:00,811.1,0,,161.23
2026/5/22 13:00:00,808.95,0,,161.72
2026/5/22 13:15:00,803.65,0,,161.72
2026/5/22 13:30:00,804.64,0,,161.56
2026/5/22 13:45:00,810.77,0,,161.72
2026/5/22 14:00:00,805.31,0,,161.89
2026/5/22 14:15:00,814.41,0,,161.72
2026/5/22 14:30:00,810.93,0,,161.39
2026/5/22 14:45:00,807.79,0,,161.56
2026/5/22 15:00:00,809.11,0,,161.56
2026/5/22 15:15:00,810.27,0,,161.72
2026/5/22 15:30:00,810.11,0,,161.72
2026/5/22 15:45:00,808.95,0,,161.72
2026/5/22 16:00:00,815.4,0,,161.89
2026/5/22 16:15:00,811.93,0,,159.57
2026/5/22 16:30:00,757.63,0,,112.56
2026/5/22 16:45:00,824.67,0,,162.22
2026/5/22 17:00:00,820.54,0,,161.56
2026/5/22 17:15:00,825,0,,161.89
2026/5/22 17:30:00,826.66,0,,161.72
2026/5/22 17:45:00,830.47,0,,162.05
2026/5/22 18:00:00,830.14,0,,161.72
2026/5/22 18:15:00,829.47,0,,161.72
2026/5/22 18:30:00,824.51,0,,162.05
2026/5/22 18:45:00,824.01,0,,162.05
2026/5/22 19:00:00,821.03,0,,161.72
2026/5/22 19:15:00,825.34,0,,161.56
2026/5/22 19:30:00,822.69,0,,161.72
2026/5/22 19:45:00,822.52,0,,161.72
2026/5/22 20:00:00,823.18,0,,162.05
2026/5/22 20:15:00,824.67,0,,161.89
2026/5/22 20:30:00,823.85,0,,161.72
2026/5/22 20:45:00,817.89,0,,113.06
2026/5/22 21:00:00,821.69,0,,112.56
2026/5/22 21:15:00,812.59,0,,113.06
2026/5/22 21:30:00,0,0,,113.22
2026/5/22 21:45:00,0,0,,113.22
2026/5/22 22:00:00,0,0,,0
2026/5/22 22:15:00,0,0,,0
2026/5/22 22:30:00,0,0,,0
2026/5/22 22:45:00,0,0,,0
2026/5/22 23:00:00,0,0,,0
2026/5/22 23:15:00,0,0,,0
2026/5/22 23:30:00,0,0,,0
2026/5/22 23:45:00,0,0,,0
2026/5/23 0:00:00,0,0,,0
2026/5/23 0:15:00,0,0,,0
2026/5/23 0:30:00,0,0,,0
2026/5/23 0:45:00,0,0,,0
2026/5/23 1:00:00,0,0,,0
2026/5/23 1:15:00,0,0,,0
2026/5/23 1:30:00,0,0,,3.81
2026/5/23 1:45:00,0,0,,3.81
2026/5/23 2:00:00,0,0,,3.97
2026/5/23 2:15:00,0,0,,0
2026/5/23 2:30:00,0,0,,3.97
2026/5/23 2:45:00,0,0,,3.81
2026/5/23 3:00:00,0,0,,3.97
2026/5/23 3:15:00,0,0,,3.81
2026/5/23 3:30:00,0,0,,3.97
2026/5/23 3:45:00,0,0,,3.97
2026/5/23 4:00:00,0,0,,3.97
2026/5/23 4:15:00,0,0,,3.97
2026/5/23 4:30:00,0,0,,3.97
2026/5/23 4:45:00,0,0,,3.97
2026/5/23 5:00:00,0,0,,3.81
2026/5/23 5:15:00,0,0,,3.97
2026/5/23 5:30:00,0,0,,3.97
2026/5/23 5:45:00,0,0,,3.97
2026/5/23 6:00:00,0,0,,3.81
2026/5/23 6:15:00,0,0,,3.97
2026/5/23 6:30:00,0,0,,3.97
2026/5/23 6:45:00,0,0,,3.81
2026/5/23 7:00:00,0,0,,3.97
2026/5/23 7:15:00,0,0,,0
2026/5/23 7:30:00,0,0,,0
2026/5/23 7:45:00,0,0,,0
2026/5/23 8:00:00,0,0,,0
2026/5/23 8:15:00,0,0,,0
2026/5/23 8:30:00,0,0,,0
2026/5/23 8:45:00,0,0,,0
2026/5/23 9:00:00,0,0,,0
2026/5/23 9:15:00,0,0,,0
2026/5/23 9:30:00,0,0,,0
2026/5/23 9:45:00,0,545.42,,123.82
2026/5/23 10:00:00,0,876.48,,123.65
2026/5/23 10:15:00,0,869.2,,123.65
2026/5/23 10:30:00,0,874.66,,123.49
2026/5/23 10:45:00,0,872.02,,123.49
2026/5/23 11:00:00,0,877.97,,123.32
2026/5/23 11:15:00,0,873.51,,123.32
2026/5/23 11:30:00,0,872.35,,123.49
2026/5/23 11:45:00,0,873.17,,123.15
2026/5/23 12:00:00,0,871.52,,123.49
2026/5/23 12:15:00,0,868.37,,123.49
2026/5/23 12:30:00,0,867.05,,123.15
2026/5/23 12:45:00,0,867.38,,123.49
2026/5/23 13:00:00,0,865.06,,123.49
2026/5/23 13:15:00,0,867.38,,123.32
2026/5/23 13:30:00,0,866.22,,123.32
2026/5/23 13:45:00,0,865.73,,123.15
2026/5/23 14:00:00,0,868.7,,123.32
2026/5/23 14:15:00,0,866.22,,123.49
2026/5/23 14:30:00,0,869.86,,123.49
2026/5/23 14:45:00,0,866.22,,123.32
2026/5/23 15:00:00,0,861.92,,123.49
2026/5/23 15:15:00,0,870.03,,172.48
2026/5/23 15:30:00,0,873.01,,172.65
2026/5/23 15:45:00,0,872.35,,377.24
2026/5/23 16:00:00,0,873.01,,434.68
2026/5/23 16:15:00,0,875.99,,435.01
2026/5/23 16:30:00,0,871.19,,430.55
2026/5/23 16:45:00,0,874.99,,438.66
2026/5/23 17:00:00,0,882.44,,435.01
2026/5/23 17:15:00,0,881.28,,439.32
2026/5/23 17:30:00,0,882.44,,442.13
2026/5/23 17:45:00,0,880.79,,442.96
2026/5/23 18:00:00,0,881.95,,439.81
2026/5/23 18:15:00,0,881.78,,480.2
2026/5/23 18:30:00,0,880.13,,486.16
2026/5/23 18:45:00,0,883.27,,478.22
2026/5/23 19:00:00,0,882.61,,482.52
2026/5/23 19:15:00,0,879.3,,494.44
2026/5/23 19:30:00,0,878.64,,479.21
2026/5/23 19:45:00,0,879.13,,490.63
2026/5/23 20:00:00,0,883.6,,490.63
2026/5/23 20:15:00,0,882.44,,486.66
2026/5/23 20:30:00,0,886.75,,172.98
2026/5/23 20:45:00,0,880.95,,172.98
2026/5/23 21:00:00,0,881.62,,172.65
2026/5/23 21:15:00,0,878.47,,172.81
2026/5/23 21:30:00,0,0,,123.98
2026/5/23 21:45:00,0,0,,0
2026/5/23 22:00:00,0,0,,0
2026/5/23 22:15:00,0,0,,0
2026/5/23 22:30:00,0,0,,0
2026/5/23 22:45:00,0,0,,0
2026/5/23 23:00:00,0,0,,0
2026/5/23 23:15:00,0,0,,0
2026/5/23 23:30:00,0,0,,0
2026/5/23 23:45:00,0,0,,0
2026/5/24 0:00:00,0,0,,0
2026/5/24 0:15:00,0,0,,0
2026/5/24 0:30:00,0,0,,0
2026/5/24 0:45:00,0,0,,0
2026/5/24 1:00:00,0,0,,0
2026/5/24 1:15:00,0,0,,3.81
2026/5/24 1:30:00,0,0,,3.81
2026/5/24 1:45:00,0,0,,3.81
2026/5/24 2:00:00,0,0,,0
2026/5/24 2:15:00,0,0,,3.97
2026/5/24 2:30:00,0,0,,3.81
2026/5/24 2:45:00,0,0,,3.97
2026/5/24 3:00:00,0,0,,3.97
2026/5/24 3:15:00,0,0,,3.97
2026/5/24 3:30:00,0,0,,3.97
2026/5/24 3:45:00,0,0,,3.97
2026/5/24 4:00:00,0,0,,3.97
2026/5/24 4:15:00,0,0,,3.97
2026/5/24 4:30:00,0,0,,3.97
2026/5/24 4:45:00,0,0,,3.81
2026/5/24 5:00:00,0,0,,3.97
2026/5/24 5:15:00,0,0,,3.97
2026/5/24 5:30:00,0,0,,3.81
2026/5/24 5:45:00,0,0,,3.81
2026/5/24 6:00:00,0,0,,3.97
2026/5/24 6:15:00,0,0,,3.97
2026/5/24 6:30:00,0,0,,3.97
2026/5/24 6:45:00,0,0,,3.81
2026/5/24 7:00:00,0,0,,3.97
2026/5/24 7:15:00,0,0,,3.81
2026/5/24 7:30:00,0,0,,0
2026/5/24 7:45:00,0,0,,3.81
2026/5/24 8:00:00,0,0,,0
2026/5/24 8:15:00,0,0,,3.81
2026/5/24 8:30:00,0,0,,0
2026/5/24 8:45:00,0,0,,0
2026/5/24 9:00:00,0,0,,0
2026/5/24 9:15:00,0,0,,0
2026/5/24 9:30:00,0,0,,0
2026/5/24 9:45:00,0,875.99,,113.06
2026/5/24 10:00:00,0,882.94,,112.56
2026/5/24 10:15:00,0,875.82,,113.06
2026/5/24 10:30:00,0,873.17,,112.73
2026/5/24 10:45:00,0,889.73,,112.4
2026/5/24 11:00:00,0,875.16,,112.89
2026/5/24 11:15:00,0,876.82,,112.56
2026/5/24 11:30:00,0,872.18,,112.56
2026/5/24 11:45:00,0,874.33,,393.96
2026/5/24 12:00:00,0,872.51,,481.69
2026/5/24 12:15:00,0,874.17,,465.14
2026/5/24 12:30:00,0,873.17,,456.53
2026/5/24 12:45:00,0,878.97,,462
2026/5/24 13:00:00,0,879.63,,454.38
2026/5/24 13:15:00,0,880.13,,442.79
2026/5/24 13:30:00,0,874.5,,438.49
2026/5/24 13:45:00,0,879.3,,448.92
2026/5/24 14:00:00,0,880.46,,438.49
2026/5/24 14:15:00,0,876.48,,439.65
2026/5/24 14:30:00,0,876.98,,446.93
2026/5/24 14:45:00,0,878.97,,444.12
2026/5/24 15:00:00,0,878.97,,452.4
2026/5/24 15:15:00,0,875.99,,441.97
2026/5/24 15:30:00,0,874.99,,437.99
2026/5/24 15:45:00,0,877.64,,437
2026/5/24 16:00:00,0,874.99,,433.52
2026/5/24 16:15:00,0,874,,432.7
2026/5/24 16:30:00,0,874.17,,439.98
2026/5/24 16:45:00,0,872.84,,440.48
2026/5/24 17:00:00,0,862.41,,438.33
2026/5/24 17:15:00,0,865.39,,450.41
2026/5/24 17:30:00,0,867.05,,457.36
2026/5/24 17:45:00,0,868.37,,454.05
2026/5/24 18:00:00,0,867.71,,463.15
2026/5/24 18:15:00,0,866.39,,459.35
2026/5/24 18:30:00,0,865.89,,461.83
2026/5/24 18:45:00,0,866.88,,461.83
2026/5/24 19:00:00,0,866.06,,462.49
2026/5/24 19:15:00,0,868.04,,464.98
2026/5/24 19:30:00,0,868.54,,460.67
2026/5/24 19:45:00,0,867.55,,458.69
2026/5/24 20:00:00,0,867.88,,452.4
2026/5/24 20:15:00,0,864.07,,456.86
2026/5/24 20:30:00,0,864.4,,454.88
2026/5/24 20:45:00,0,864.73,,163.05
2026/5/24 21:00:00,0,864.9,,162.88
2026/5/24 21:15:00,0,0,,163.38
2026/5/24 21:30:00,0,0,,113.55
2026/5/24 21:45:00,0,0,,0
2026/5/24 22:00:00,0,0,,0
2026/5/24 22:15:00,0,0,,0
2026/5/24 22:30:00,0,0,,0
2026/5/24 22:45:00,0,0,,0
2026/5/24 23:00:00,0,0,,0
2026/5/24 23:15:00,0,0,,0
2026/5/24 23:30:00,0,0,,0
2026/5/24 23:45:00,0,0,,3.97
2026/5/25 0:00:00,0,0,,0
2026/5/25 0:15:00,0,0,,0
2026/5/25 0:30:00,0,0,,0
2026/5/25 0:45:00,0,0,,0
2026/5/25 1:00:00,0,0,,0
2026/5/25 1:15:00,0,0,,0
2026/5/25 1:30:00,0,0,,3.81
2026/5/25 1:45:00,0,0,,3.97
2026/5/25 2:00:00,0,0,,3.97
2026/5/25 2:15:00,0,0,,3.81
2026/5/25 2:30:00,0,0,,3.97
2026/5/25 2:45:00,0,0,,3.97
2026/5/25 3:00:00,0,0,,3.81
2026/5/25 3:15:00,0,0,,3.97
2026/5/25 3:30:00,0,0,,3.97
2026/5/25 3:45:00,0,0,,3.97
2026/5/25 4:00:00,0,0,,3.97
2026/5/25 4:15:00,0,0,,3.97
2026/5/25 4:30:00,0,0,,3.97
2026/5/25 4:45:00,0,0,,3.97
2026/5/25 5:00:00,0,0,,3.97
2026/5/25 5:15:00,0,0,,3.81
2026/5/25 5:30:00,0,0,,3.97
2026/5/25 5:45:00,0,0,,3.97
2026/5/25 6:00:00,0,0,,3.81
2026/5/25 6:15:00,0,0,,0
2026/5/25 6:30:00,0,0,,0
2026/5/25 6:45:00,0,0,,0
2026/5/25 7:00:00,0,0,,0
2026/5/25 7:15:00,0,0,,0
2026/5/25 7:30:00,0,0,,0
2026/5/25 7:45:00,0,0,,0
2026/5/25 8:00:00,0,0,,0
2026/5/25 8:15:00,0,0,,0
2026/5/25 8:30:00,0,0,,0
2026/5/25 8:45:00,0,0,,0
2026/5/25 9:00:00,0,0,,0
2026/5/25 9:15:00,0,0,,0
2026/5/25 9:30:00,0,562.64,,123.98
2026/5/25 9:45:00,0,882.61,,123.82
2026/5/25 10:00:00,0,826,,123.82
2026/5/25 10:15:00,0,791.9,,123.49
2026/5/25 10:30:00,0,787.26,,123.98
2026/5/25 10:45:00,0,863.9,,527.55
2026/5/25 11:00:00,0,868.54,,572.9
2026/5/25 11:15:00,0,871.52,,549.23
2026/5/25 11:30:00,0,874.83,,539.63
2026/5/25 11:45:00,0,868.7,,521.42
2026/5/25 12:00:00,0,871.19,,491.46
2026/5/25 12:15:00,0,876.48,,501.56
2026/5/25 12:30:00,0,869.7,,508.84
2026/5/25 12:45:00,0,868.87,,484.34
2026/5/25 13:00:00,0,872.51,,457.69
2026/5/25 13:15:00,0,871.19,,459.84
2026/5/25 13:30:00,0,871.68,,463.65
2026/5/25 13:45:00,0,868.37,,453.39
2026/5/25 14:00:00,0,869.53,,456.04
2026/5/25 14:15:00,0,868.87,,452.56
2026/5/25 14:30:00,0,866.72,,452.73
2026/5/25 14:45:00,0,865.23,,450.74
2026/5/25 15:00:00,0,865.06,,451.24
2026/5/25 15:15:00,0,865.56,,452.23
2026/5/25 15:30:00,0,863.9,,440.31
2026/5/25 15:45:00,0,862.58,,439.32
2026/5/25 16:00:00,0,862.75,,438.82
2026/5/25 16:15:00,0,864.07,,437.99
2026/5/25 16:30:00,0,859.43,,438.82
2026/5/25 16:45:00,0,860.1,,448.92
2026/5/25 17:00:00,0,866.39,,448.59
2026/5/25 17:15:00,0,862.91,,449.42
2026/5/25 17:30:00,0,865.73,,448.75
2026/5/25 17:45:00,0,867.21,,454.38
2026/5/25 18:00:00,0,865.89,,443.79
2026/5/25 18:15:00,0,863.9,,446.11
2026/5/25 18:30:00,0,867.55,,454.38
2026/5/25 18:45:00,0,868.37,,456.7
2026/5/25 19:00:00,0,867.38,,449.91
2026/5/25 19:15:00,0,868.04,,450.24
2026/5/25 19:30:00,0,868.7,,458.85
2026/5/25 19:45:00,0,867.55,,450.57
2026/5/25 20:00:00,0,867.71,,452.4
2026/5/25 20:15:00,0,864.9,,443.62
2026/5/25 20:30:00,0,861.42,,438.49
2026/5/25 20:45:00,1.99,859.93,,430.05
2026/5/25 21:00:00,0,856.29,,430.38
2026/5/25 21:15:00,0,850.5,,416.48
2026/5/25 21:30:00,0,809.94,,405.05
2026/5/25 21:45:00,0,0,,3.81
2026/5/25 22:00:00,0,0,,3.81
2026/5/25 22:15:00,0,0,,3.97
2026/5/25 22:30:00,0,0,,3.97
2026/5/25 22:45:00,0,0,,3.97
2026/5/25 23:00:00,0,0,,0
2026/5/25 23:15:00,0,0,,0
2026/5/25 23:30:00,0,0,,0
2026/5/25 23:45:00,0,0,,0
2026/5/26 0:00:00,0,0,,0
2026/5/26 0:15:00,0,0,,0
2026/5/26 0:30:00,0,0,,0
2026/5/26 0:45:00,0,0,,0
2026/5/26 1:00:00,0,0,,0
2026/5/26 1:15:00,0,0,,3.81
2026/5/26 1:30:00,0,0,,0
2026/5/26 1:45:00,0,0,,3.81
2026/5/26 2:00:00,0,0,,3.81
2026/5/26 2:15:00,0,0,,3.81
2026/5/26 2:30:00,0,0,,3.97
2026/5/26 2:45:00,0,0,,3.97
2026/5/26 3:00:00,0,0,,3.81
2026/5/26 3:15:00,0,0,,3.81
2026/5/26 3:30:00,0,0,,3.97
2026/5/26 3:45:00,0,0,,3.81
2026/5/26 4:00:00,0,0,,3.97
2026/5/26 4:15:00,0,0,,3.97
2026/5/26 4:30:00,0,0,,4.14
2026/5/26 4:45:00,0,0,,3.97
2026/5/26 5:00:00,0,0,,3.97
2026/5/26 5:15:00,0,0,,3.97
2026/5/26 5:30:00,0,0,,3.81
2026/5/26 5:45:00,0,0,,3.81
2026/5/26 6:00:00,0,0,,3.81
2026/5/26 6:15:00,0,0,,3.81
2026/5/26 6:30:00,0,0,,3.97
2026/5/26 6:45:00,0,0,,3.97
2026/5/26 7:00:00,0,0,,3.97
2026/5/26 7:15:00,0,0,,3.81
2026/5/26 7:30:00,0,0,,0
2026/5/26 7:45:00,0,0,,0
2026/5/26 8:00:00,0,0,,0
2026/5/26 8:15:00,0,0,,0
2026/5/26 8:30:00,0,0,,0
2026/5/26 8:45:00,0,0,,0
2026/5/26 9:00:00,0,0,,0
2026/5/26 9:15:00,0,0,,0
2026/5/26 9:30:00,0,0,,0
2026/5/26 9:45:00,0,831.46,,75.15
2026/5/26 10:00:00,0,856.12,,75.32
2026/5/26 10:15:00,0,853.81,,75.32
2026/5/26 10:30:00,0,857.28,,75.48
2026/5/26 10:45:00,0,850.66,,75.15
2026/5/26 11:00:00,0,850.5,,75.32
2026/5/26 11:15:00,0,861.75,,75.15
2026/5/26 11:30:00,0,837.09,,75.32
2026/5/26 11:45:00,0,800.18,,75.32
2026/5/26 12:00:00,0,764.09,,75.15
2026/5/26 12:15:00,0,743.4,,75.15
2026/5/26 12:30:00,0,698.04,,75.32
2026/5/26 12:45:00,0,684.14,,75.32
2026/5/26 13:00:00,0,661.29,,75.32
2026/5/26 13:15:00,0,649.38,,75.32
2026/5/26 13:30:00,0,650.7,,75.15
2026/5/26 13:45:00,0,655.83,,75.48
2026/5/26 14:00:00,0,655.34,,75.15
2026/5/26 14:15:00,0,663.12,,75.32
2026/5/26 14:30:00,0,662.45,,75.15
2026/5/26 14:45:00,0,657.65,,75.32
2026/5/26 15:00:00,0,653.85,,75.48
2026/5/26 15:15:00,0,649.38,,75.15
2026/5/26 15:30:00,0,641.43,,75.32
2026/5/26 15:45:00,0,638.45,,75.15
2026/5/26 16:00:00,0,633.65,,75.15
2026/5/26 16:15:00,0,629.18,,75.32
2026/5/26 16:30:00,0,624.71,,75.32
2026/5/26 16:45:00,0,618.75,,75.15
2026/5/26 17:00:00,0,630.34,,75.32
2026/5/26 17:15:00,0,626.86,,75.15
2026/5/26 17:30:00,0,636.8,,75.32
2026/5/26 17:45:00,0,682.98,,105.11
2026/5/26 18:00:00,0,729.82,,104.95
2026/5/26 18:15:00,0,710.13,,105.44
2026/5/26 18:30:00,0,704.33,,105.11
2026/5/26 18:45:00,0,688.94,,105.11
2026/5/26 19:00:00,0,690.43,,104.95
2026/5/26 19:15:00,0,691.26,,104.95
2026/5/26 19:30:00,0,685.46,,105.44
2026/5/26 19:45:00,0,676.69,,105.11
2026/5/26 20:00:00,0,693.08,,105.44
2026/5/26 20:15:00,0,710.29,,105.44
2026/5/26 20:30:00,0,711.12,,105.11
2026/5/26 20:45:00,0,707.31,,105.28
2026/5/26 21:00:00,0,694.07,,105.28
2026/5/26 21:15:00,0,681.82,,105.28
2026/5/26 21:30:00,0,0,,105.44
2026/5/26 21:45:00,0,0,,105.44
2026/5/26 22:00:00,0,0,,3.81
2026/5/26 22:15:00,0,0,,3.97
2026/5/26 22:30:00,0,0,,3.81
2026/5/26 22:45:00,0,0,,3.97
2026/5/26 23:00:00,0,0,,3.97
2026/5/26 23:15:00,0,0,,3.81
2026/5/26 23:30:00,0,0,,3.97
2026/5/26 23:45:00,0,0,,3.81
2026/5/27 0:00:00,0,0,,3.97
2026/5/27 0:15:00,0,0,,3.97
2026/5/27 0:30:00,0,0,,3.97
2026/5/27 0:45:00,0,0,,3.97
2026/5/27 1:00:00,0,0,,3.97
2026/5/27 1:15:00,0,0,,3.97
2026/5/27 1:30:00,0,0,,3.97
2026/5/27 1:45:00,0,0,,3.97
2026/5/27 2:00:00,0,0,,3.97
2026/5/27 2:15:00,0,0,,3.97
2026/5/27 2:30:00,0,0,,3.97
2026/5/27 2:45:00,0,0,,4.14
2026/5/27 3:00:00,0,0,,3.97
2026/5/27 3:15:00,0,0,,3.97
2026/5/27 3:30:00,0,0,,3.97
2026/5/27 3:45:00,0,0,,3.97
2026/5/27 4:00:00,0,0,,4.14
2026/5/27 4:15:00,0,0,,0
2026/5/27 4:30:00,0,0,,0
2026/5/27 4:45:00,0,0,,0
2026/5/27 5:00:00,0,0,,0
2026/5/27 5:15:00,0,0,,0
2026/5/27 5:30:00,0,0,,0
2026/5/27 5:45:00,0,0,,0
2026/5/27 6:00:00,0,0,,0
2026/5/27 6:15:00,0,0,,0
2026/5/27 6:30:00,0,0,,0
2026/5/27 6:45:00,0,0,,0
2026/5/27 7:00:00,0,0,,0
2026/5/27 7:15:00,0,0,,0
2026/5/27 7:30:00,0,0,,0
2026/5/27 7:45:00,0,0,,0
2026/5/27 8:00:00,0,0,,0
2026/5/27 8:15:00,0,0,,0
2026/5/27 8:30:00,0,0,,0
2026/5/27 8:45:00,0,0,,0
2026/5/27 9:00:00,0,0,,0
2026/5/27 9:15:00,0,0,,0
2026/5/27 9:30:00,0,0,,0
2026/5/27 9:45:00,0,874.33,,112.4
2026/5/27 10:00:00,0,896.35,,112.4
2026/5/27 10:15:00,0,899.49,,112.56
2026/5/27 10:30:00,0,872.18,,112.4
2026/5/27 10:45:00,0,869.04,,112.73
2026/5/27 11:00:00,0,867.71,,112.23
2026/5/27 11:15:00,0,856.12,,112.4
2026/5/27 11:30:00,0,789.42,,111.9
2026/5/27 11:45:00,0,656,,112.4
2026/5/27 12:00:00,0,613.46,,112.23
2026/5/27 12:15:00,0,601.04,,112.4
2026/5/27 12:30:00,0,599.39,,112.23
2026/5/27 12:45:00,0,589.29,,112.89
2026/5/27 13:00:00,0,587.47,,112.56
2026/5/27 13:15:00,0,584.65,,112.73
2026/5/27 13:30:00,0,596.57,,112.4
2026/5/27 13:45:00,0,586.81,,112.23
2026/5/27 14:00:00,0,585.48,,112.06
2026/5/27 14:15:00,0,591.11,,112.06
2026/5/27 14:30:00,0,577.7,,112.56
2026/5/27 14:45:00,0,585.15,,112.56
2026/5/27 15:00:00,0,582.5,,112.4
2026/5/27 15:15:00,0,576.38,,204.26
2026/5/27 15:30:00,0,758.79,,203.6
2026/5/27 15:45:00,0,729.99,,204.1
2026/5/27 16:00:00,0,700.19,,203.6
2026/5/27 16:15:00,0,709.13,,204.26
2026/5/27 16:30:00,0,709.63,,203.6
2026/5/27 16:45:00,0,707.81,,203.93
2026/5/27 17:00:00,0,714.26,,203.6
2026/5/27 17:15:00,0,742.24,,203.44
2026/5/27 17:30:00,0,775.51,,204.1
2026/5/27 17:45:00,0,777.66,,203.6
2026/5/27 18:00:00,0,796.7,,204.26
2026/5/27 18:15:00,0,806.3,,204.1
2026/5/27 18:30:00,0,817.22,,203.93
2026/5/27 18:45:00,0,811.1,,204.43
2026/5/27 19:00:00,0,820.87,,204.26
2026/5/27 19:15:00,0,826.99,,204.26
2026/5/27 19:30:00,0,828.65,,204.26
2026/5/27 19:45:00,0,817.89,,204.1
2026/5/27 20:00:00,0,815.07,,203.93
2026/5/27 20:15:00,0,798.19,,204.1
2026/5/27 20:30:00,0,775.35,,203.77
2026/5/27 20:45:00,0,748.86,,203.93
2026/5/27 21:00:00,0,686.12,,204.43
2026/5/27 21:15:00,0,0,,123.49
2026/5/27 21:30:00,0,0,,123.49
2026/5/27 21:45:00,0,0,,0
2026/5/27 22:00:00,0,0,,0
2026/5/27 22:15:00,0,0,,0
2026/5/27 22:30:00,0,0,,0
2026/5/27 22:45:00,0,0,,0
2026/5/27 23:00:00,0,0,,0
2026/5/27 23:15:00,0,0,,0
2026/5/27 23:30:00,0,0,,0
2026/5/27 23:45:00,0,0,,0
2026/5/28 0:00:00,0,0,,0
2026/5/28 0:15:00,0,0,,0
2026/5/28 0:30:00,0,0,,0
2026/5/28 0:45:00,0,0,,0
2026/5/28 1:00:00,0,0,,0
2026/5/28 1:15:00,0,0,,0
2026/5/28 1:30:00,0,0,,0
2026/5/28 1:45:00,0,0,,0
2026/5/28 2:00:00,0,0,,0
2026/5/28 2:15:00,0,0,,0
2026/5/28 2:30:00,0,0,,0
2026/5/28 2:45:00,0,0,,0
2026/5/28 3:00:00,0,0,,0
2026/5/28 3:15:00,0,0,,0
2026/5/28 3:30:00,0,0,,0
2026/5/28 3:45:00,0,0,,0
2026/5/28 4:00:00,0,0,,0
2026/5/28 4:15:00,0,0,,0
2026/5/28 4:30:00,0,0,,0
2026/5/28 4:45:00,0,0,,0
2026/5/28 5:00:00,0,0,,0
2026/5/28 5:15:00,0,0,,0
2026/5/28 5:30:00,0,0,,0
2026/5/28 5:45:00,0,0,,0
2026/5/28 6:00:00,0,0,,0
2026/5/28 6:15:00,0,0,,0
2026/5/28 6:30:00,0,0,,0
2026/5/28 6:45:00,0,0,,0
2026/5/28 7:00:00,0,0,,0
2026/5/28 7:15:00,0,0,,0
2026/5/28 7:30:00,0,0,,0
2026/5/28 7:45:00,0,0,,0
2026/5/28 8:00:00,0,0,,0
2026/5/28 8:15:00,0,0,,0
2026/5/28 8:30:00,0,0,,0
2026/5/28 8:45:00,0,0,,0
2026/5/28 9:00:00,0,0,,0
2026/5/28 9:15:00,0,0,,0
2026/5/28 9:30:00,0,0,,0
2026/5/28 9:45:00,799.51,0,,104.78
2026/5/28 10:00:00,805.64,0,,104.62
2026/5/28 10:15:00,797.36,0,,104.95
2026/5/28 10:30:00,801.33,0,,104.78
2026/5/28 10:45:00,802.66,0,,104.95
2026/5/28 11:00:00,799.68,0,,340.83
2026/5/28 11:15:00,763.26,0,,387.51
2026/5/28 11:30:00,792.73,0,,397.27
2026/5/28 11:45:00,768.72,0,,386.35
2026/5/28 12:00:00,689.93,0,,368.8
2026/5/28 12:15:00,657.16,0,,358.87
2026/5/28 12:30:00,655,0,,358.37
2026/5/28 12:45:00,650.04,0,,356.55
2026/5/28 13:00:00,652.85,0,,355.89
2026/5/28 13:15:00,644.74,0,,349.6
2026/5/28 13:30:00,644.25,0,,348.61
2026/5/28 13:45:00,643.75,0,,352.41
2026/5/28 14:00:00,647.55,0,,355.73
2026/5/28 14:15:00,644.41,0,,361.02
2026/5/28 14:30:00,643.91,0,,160.56
2026/5/28 14:45:00,807.46,0,,197.64
2026/5/28 15:00:00,806.3,0,,197.64
2026/5/28 15:15:00,810.11,0,,197.48
2026/5/28 15:30:00,810.44,0,,197.48
2026/5/28 15:45:00,806.8,0,,197.31
2026/5/28 16:00:00,807.13,0,,196.98
2026/5/28 16:15:00,802.49,0,,197.31
2026/5/28 16:30:00,806.13,0,,197.31
2026/5/28 16:45:00,810.27,0,,197.15
2026/5/28 17:00:00,812.76,0,,197.15
2026/5/28 17:15:00,812.76,0,,197.15
2026/5/28 17:30:00,813.09,0,,197.31
2026/5/28 17:45:00,813.09,0,,197.31
2026/5/28 18:00:00,818.55,0,,197.31
2026/5/28 18:15:00,818.88,0,,197.15
2026/5/28 18:30:00,876.82,0,,197.48
2026/5/28 18:45:00,881.12,0,,197.64
2026/5/28 19:00:00,880.95,0,,197.48
2026/5/28 19:15:00,880.62,0,,197.48
2026/5/28 19:30:00,879.3,0,,197.81
2026/5/28 19:45:00,875.82,0,,197.31
2026/5/28 20:00:00,871.35,0,,197.31
2026/5/28 20:15:00,866.39,0,,197.31
2026/5/28 20:30:00,864.57,0,,197.64
2026/5/28 20:45:00,858.77,0,,197.97
2026/5/28 21:00:00,854.8,0,,197.81
2026/5/28 21:15:00,811.76,0,,197.64
2026/5/28 21:30:00,775.84,0,,198.31
2026/5/28 21:45:00,0,0,,0
2026/5/28 22:00:00,0,0,,0
2026/5/28 22:15:00,0,0,,3.81
2026/5/28 22:30:00,0,0,,3.97
2026/5/28 22:45:00,0,0,,0
2026/5/28 23:00:00,0,0,,3.81
2026/5/28 23:15:00,0,0,,3.97
2026/5/28 23:30:00,0,0,,3.81
2026/5/28 23:45:00,0,0,,3.97
2026/5/29 0:00:00,0,0,,3.97
2026/5/29 0:15:00,0,0,,3.97
2026/5/29 0:30:00,0,0,,3.81
2026/5/29 0:45:00,0,0,,3.81
2026/5/29 1:00:00,0,0,,3.97
2026/5/29 1:15:00,0,0,,3.97
2026/5/29 1:30:00,0,0,,3.97
2026/5/29 1:45:00,0,0,,3.97
2026/5/29 2:00:00,0,0,,4.14
2026/5/29 2:15:00,0,0,,3.97
2026/5/29 2:30:00,0,0,,3.97
2026/5/29 2:45:00,0,0,,3.97
2026/5/29 3:00:00,0,0,,3.97
2026/5/29 3:15:00,0,0,,4.14
2026/5/29 3:30:00,0,0,,3.97
2026/5/29 3:45:00,0,0,,3.97
2026/5/29 4:00:00,0,0,,4.14
2026/5/29 4:15:00,0,0,,4.14
2026/5/29 4:30:00,0,0,,3.97
2026/5/29 4:45:00,0,0,,3.97
2026/5/29 5:00:00,0,0,,3.97
2026/5/29 5:15:00,0,0,,4.14
2026/5/29 5:30:00,0,0,,3.97
2026/5/29 5:45:00,0,0,,3.97
2026/5/29 6:00:00,0,0,,3.97
2026/5/29 6:15:00,0,0,,3.97
2026/5/29 6:30:00,0,0,,3.97
2026/5/29 6:45:00,0,0,,3.97
2026/5/29 7:00:00,0,0,,3.81
2026/5/29 7:15:00,0,0,,3.81
2026/5/29 7:30:00,0,0,,0
2026/5/29 7:45:00,0,0,,0
2026/5/29 8:00:00,0,0,,0
2026/5/29 8:15:00,0,0,,0
2026/5/29 8:30:00,0,0,,0
2026/5/29 8:45:00,0,0,,0
2026/5/29 9:00:00,0,0,,0
2026/5/29 9:15:00,0,0,,0
2026/5/29 9:30:00,0,0,,0
2026/5/29 9:45:00,833.12,0,,113.55
2026/5/29 10:00:00,849.01,0,,113.22
2026/5/29 10:15:00,845.36,0,,113.22
2026/5/29 10:30:00,846.85,0,,113.06
2026/5/29 10:45:00,825.34,0,,113.06
2026/5/29 11:00:00,730.49,0,,205.09
2026/5/29 11:15:00,776.17,0,,204.93
2026/5/29 11:30:00,731.15,0,,205.26
2026/5/29 11:45:00,696.39,0,,204.6
2026/5/29 12:00:00,687.61,0,,204.43
2026/5/29 12:15:00,688.61,0,,204.76
2026/5/29 12:30:00,680.83,0,,204.43
2026/5/29 12:45:00,682.48,0,,204.76
2026/5/29 13:00:00,685.46,0,,204.93
2026/5/29 13:15:00,685.46,0,,204.76
2026/5/29 13:30:00,682.81,0,,204.93
2026/5/29 13:45:00,693.74,0,,204.6
2026/5/29 14:00:00,699.53,0,,204.93
2026/5/29 14:15:00,701.68,0,,204.76
2026/5/29 14:30:00,703.01,0,,204.76
2026/5/29 14:45:00,703.01,0,,204.43
2026/5/29 15:00:00,706.15,0,,204.76
2026/5/29 15:15:00,705.49,0,,204.43
2026/5/29 15:30:00,704.33,0,,204.43
2026/5/29 15:45:00,530.69,0,,204.6
2026/5/29 16:00:00,563.3,0,,204.6
2026/5/29 16:15:00,606.84,0,,204.6
2026/5/29 16:30:00,619.08,0,,204.76
2026/5/29 16:45:00,623.39,0,,204.43
2026/5/29 17:00:00,627.36,0,,204.76
2026/5/29 17:15:00,635.64,0,,204.76
2026/5/29 17:30:00,639.11,0,,204.43
2026/5/29 17:45:00,652.69,0,,204.93
2026/5/29 18:00:00,653.18,0,,204.6
2026/5/29 18:15:00,656.49,0,,204.93
2026/5/29 18:30:00,668.74,0,,204.93
2026/5/29 18:45:00,668.41,0,,204.26
2026/5/29 19:00:00,670.23,0,,204.6
2026/5/29 19:15:00,674.04,0,,204.93
2026/5/29 19:30:00,676.03,0,,204.26
2026/5/29 19:45:00,676.36,0,,204.76
2026/5/29 20:00:00,676.69,0,,204.93
2026/5/29 20:15:00,676.69,0,,204.26
2026/5/29 20:30:00,674.54,0,,204.6
2026/5/29 20:45:00,675.03,0,,204.6
2026/5/29 21:00:00,677.52,0,,204.76
2026/5/29 21:15:00,0,0,,124.15
2026/5/29 21:30:00,0,0,,124.31
2026/5/29 21:45:00,0,0,,0
2026/5/29 22:00:00,0,0,,0
2026/5/29 22:15:00,0,0,,3.97
2026/5/29 22:30:00,0,0,,3.81
2026/5/29 22:45:00,0,0,,3.97
2026/5/29 23:00:00,0,0,,3.97
2026/5/29 23:15:00,0,0,,3.97
2026/5/29 23:30:00,0,0,,4.14
2026/5/29 23:45:00,0,0,,3.81
2026/5/30 0:00:00,0,0,,3.97
2026/5/30 0:15:00,0,0,,3.97
2026/5/30 0:30:00,0,0,,3.97
2026/5/30 0:45:00,0,0,,3.97
2026/5/30 1:00:00,0,0,,3.97
2026/5/30 1:15:00,0,0,,3.97
2026/5/30 1:30:00,0,0,,3.97
2026/5/30 1:45:00,0,0,,3.97
2026/5/30 2:00:00,0,0,,4.14
2026/5/30 2:15:00,0,0,,3.97
2026/5/30 2:30:00,0,0,,4.14
2026/5/30 2:45:00,0,0,,3.97
2026/5/30 3:00:00,0,0,,4.14
2026/5/30 3:15:00,0,0,,4.14
2026/5/30 3:30:00,0,0,,0
2026/5/30 3:45:00,0,0,,0
2026/5/30 4:00:00,0,0,,0
2026/5/30 4:15:00,0,0,,0
2026/5/30 4:30:00,0,0,,3.81
2026/5/30 4:45:00,0,0,,0
2026/5/30 5:00:00,0,0,,0
2026/5/30 5:15:00,0,0,,3.81
2026/5/30 5:30:00,0,0,,0
2026/5/30 5:45:00,0,0,,0
2026/5/30 6:00:00,0,0,,3.64
2026/5/30 6:15:00,0,0,,0
2026/5/30 6:30:00,0,0,,3.81
2026/5/30 6:45:00,0,0,,0
2026/5/30 7:00:00,0,0,,0
2026/5/30 7:15:00,0,0,,0
2026/5/30 7:30:00,0,0,,0
2026/5/30 7:45:00,0,0,,0
2026/5/30 8:00:00,0,0,,0
2026/5/30 8:15:00,0,0,,0
2026/5/30 8:30:00,0,0,,0
2026/5/30 8:45:00,0,0,,0
2026/5/30 9:00:00,0,0,,105.44
2026/5/30 9:15:00,855.79,0,,105.44
2026/5/30 9:30:00,852.48,0,,104.95
2026/5/30 9:45:00,852.32,0,,104.78
2026/5/30 10:00:00,696.88,0,,105.11
2026/5/30 10:15:00,599.88,0,,104.78
2026/5/30 10:30:00,770.55,0,,197.97
2026/5/30 10:45:00,853.81,0,,198.14
2026/5/30 11:00:00,846.03,0,,197.81
2026/5/30 11:15:00,846.85,0,,197.48
2026/5/30 11:30:00,818.88,0,,197.48
2026/5/30 11:45:00,805.64,0,,269.15
2026/5/30 12:00:00,772.03,0,,197.64
2026/5/30 12:15:00,848.68,0,,194.5
2026/5/30 12:30:00,852.81,0,,194.5
2026/5/30 12:45:00,852.15,0,,195
2026/5/30 13:00:00,850.83,0,,194.5
2026/5/30 13:15:00,855.96,0,,194.83
2026/5/30 13:30:00,856.46,0,,194.66
2026/5/30 13:45:00,858.44,0,,195
2026/5/30 14:00:00,855.13,0,,194.5
2026/5/30 14:15:00,852.81,0,,399.92
2026/5/30 14:30:00,846.36,0,,536.65
2026/5/30 14:45:00,834.77,0,,518.94
2026/5/30 15:00:00,828.48,0,,497.09
2026/5/30 15:15:00,775.18,0,,468.62
2026/5/30 15:30:00,733.47,0,,460.34
2026/5/30 15:45:00,730.32,0,,455.21
2026/5/30 16:00:00,717.41,0,,453.88
2026/5/30 16:15:00,712.61,0,,446.27
2026/5/30 16:30:00,714.26,0,,458.85
2026/5/30 16:45:00,713.11,0,,448.92
2026/5/30 17:00:00,707.15,0,,443.95
2026/5/30 17:15:00,703.84,0,,446.93
2026/5/30 17:30:00,708.14,0,,460.67
2026/5/30 17:45:00,714.26,0,,468.62
2026/5/30 18:00:00,727.51,0,,476.89
2026/5/30 18:15:00,740.25,0,,478.38
2026/5/30 18:30:00,742.9,0,,489.31
2026/5/30 18:45:00,747.87,0,,482.03
2026/5/30 19:00:00,748.53,0,,485.5
2026/5/30 19:15:00,753.5,0,,490.3
2026/5/30 19:30:00,755.32,0,,481.36
2026/5/30 19:45:00,752.5,0,,485.34
2026/5/30 20:00:00,752.34,0,,488.65
2026/5/30 20:15:00,803.82,0,,197.48
2026/5/30 20:30:00,839.9,0,,197.97
2026/5/30 20:45:00,834.11,0,,197.81
2026/5/30 21:00:00,833.12,0,,197.64
2026/5/30 21:15:00,458.52,0,,197.64
2026/5/30 21:30:00,0,0,,123.98
2026/5/30 21:45:00,0,0,,124.31
2026/5/30 22:00:00,0,0,,0
2026/5/30 22:15:00,0,0,,0
2026/5/30 22:30:00,0,0,,0
2026/5/30 22:45:00,0,0,,0
2026/5/30 23:00:00,1.66,0,,0
2026/5/30 23:15:00,0,0,,0
2026/5/30 23:30:00,0,0,,0
2026/5/30 23:45:00,0,0,,0
2026/5/31 0:00:00,0,0,,0
2026/5/31 0:15:00,0,0,,0
2026/5/31 0:30:00,0,0,,0
2026/5/31 0:45:00,0,0,,0
2026/5/31 1:00:00,0,0,,0
2026/5/31 1:15:00,0,0,,0
2026/5/31 1:30:00,0,0,,0
2026/5/31 1:45:00,0,0,,0
2026/5/31 2:00:00,0,0,,0
2026/5/31 2:15:00,0,0,,0
2026/5/31 2:30:00,0,0,,0
2026/5/31 2:45:00,0,0,,0
2026/5/31 3:00:00,0,0,,0
2026/5/31 3:15:00,0,0,,0
2026/5/31 3:30:00,0,0,,0
2026/5/31 3:45:00,0,0,,0
2026/5/31 4:00:00,0,0,,0
2026/5/31 4:15:00,0,0,,0
2026/5/31 4:30:00,0,0,,0
2026/5/31 4:45:00,0,0,,0
2026/5/31 5:00:00,0,0,,0
2026/5/31 5:15:00,0,0,,0
2026/5/31 5:30:00,0,0,,0
2026/5/31 5:45:00,0,0,,0
2026/5/31 6:00:00,0,0,,0
2026/5/31 6:15:00,0,0,,0
2026/5/31 6:30:00,0,0,,0
2026/5/31 6:45:00,0,0,,0
2026/5/31 7:00:00,0,0,,0
2026/5/31 7:15:00,0,0,,0
2026/5/31 7:30:00,0,0,,0
2026/5/31 7:45:00,0,0,,0
2026/5/31 8:00:00,0,0,,0
2026/5/31 8:15:00,0,0,,0
2026/5/31 8:30:00,0,0,,0
2026/5/31 8:45:00,0,0,,0
2026/5/31 9:00:00,0,0,,113.22
2026/5/31 9:15:00,873.17,0,,113.06
2026/5/31 9:30:00,856.29,0,,113.06
2026/5/31 9:45:00,852.48,0,,113.22
2026/5/31 10:00:00,851.82,0,,204.43
2026/5/31 10:15:00,844.04,0,,204.6
2026/5/31 10:30:00,837.75,0,,412.01
2026/5/31 10:45:00,839.74,0,,453.55
2026/5/31 11:00:00,831.63,0,,439.81
2026/5/31 11:15:00,831.79,0,,445.44
2026/5/31 11:30:00,829.81,0,,432.53
2026/5/31 11:45:00,829.31,0,,435.84
2026/5/31 12:00:00,827.16,0,,437.66
2026/5/31 12:15:00,829.81,0,,430.88
2026/5/31 12:30:00,827.16,0,,432.7
2026/5/31 12:45:00,831.79,0,,431.54
2026/5/31 13:00:00,829.14,0,,437.66
2026/5/31 13:15:00,832.95,0,,431.7
2026/5/31 13:30:00,834.44,0,,434.19
2026/5/31 13:45:00,836.1,0,,434.19
2026/5/31 14:00:00,837.09,0,,437.5
2026/5/31 14:15:00,834.77,0,,440.31
2026/5/31 14:30:00,833.78,0,,441.14
2026/5/31 14:45:00,835.27,0,,445.44
2026/5/31 15:00:00,838.41,0,,435.84
2026/5/31 15:15:00,841.06,0,,200.95
2026/5/31 15:30:00,847.52,0,,200.95
2026/5/31 15:45:00,853.48,0,,200.95
2026/5/31 16:00:00,859.1,0,,201.12
2026/5/31 16:15:00,860.76,0,,201.12
2026/5/31 16:30:00,862.75,0,,201.45
2026/5/31 16:45:00,864.9,0,,200.95
2026/5/31 17:00:00,869.53,0,,201.45
2026/5/31 17:15:00,869.2,0,,469.11
2026/5/31 17:30:00,859.27,0,,468.45
2026/5/31 17:45:00,854.3,0,,460.51
2026/5/31 18:00:00,851.99,0,,449.42
2026/5/31 18:15:00,847.85,0,,459.51
2026/5/31 18:30:00,849.67,0,,448.26
2026/5/31 18:45:00,848.68,0,,448.59
2026/5/31 19:00:00,845.2,0,,458.52
2026/5/31 19:15:00,846.85,0,,448.09
2026/5/31 19:30:00,843.38,0,,446.11
2026/5/31 19:45:00,842.55,0,,445.11
2026/5/31 20:00:00,841.23,0,,445.11
2026/5/31 20:15:00,844.37,0,,441.47
2026/5/31 20:30:00,839.9,0,,445.44
2026/5/31 20:45:00,840.4,0,,438.33
2026/5/31 21:00:00,836.43,0,,442.13
2026/5/31 21:15:00,840.4,0,,204.76
2026/5/31 21:30:00,0,0,,123.98
2026/5/31 21:45:00,0,0,,0
2026/5/31 22:00:00,0,0,,0
2026/5/31 22:15:00,0,0,,0
2026/5/31 22:30:00,0,0,,0
2026/5/31 22:45:00,0,0,,0
2026/5/31 23:00:00,0,0,,0
2026/5/31 23:15:00,0,0,,0
2026/5/31 23:30:00,0,0,,0
2026/5/31 23:45:00,0,0,,0
2026/6/1 0:00:00,0,0,,0
2026/6/1 0:15:00,0,0,,0
2026/6/1 0:30:00,0,0,,0
2026/6/1 0:45:00,0,0,,3.81
2026/6/1 1:00:00,0,0,,0
2026/6/1 1:15:00,0,0,,0
2026/6/1 1:30:00,0,0,,0
2026/6/1 1:45:00,0,0,,3.97
2026/6/1 2:00:00,0,0,,3.81
2026/6/1 2:15:00,0,0,,3.97
2026/6/1 2:30:00,0,0,,3.81
2026/6/1 2:45:00,0,0,,3.97
2026/6/1 3:00:00,0,0,,3.97
2026/6/1 3:15:00,0,0,,3.97
2026/6/1 3:30:00,0,0,,3.97
2026/6/1 3:45:00,0,0,,3.81
2026/6/1 4:00:00,0,0,,3.97
2026/6/1 4:15:00,0,0,,3.81
2026/6/1 4:30:00,0,0,,3.97
2026/6/1 4:45:00,0,0,,4.14
2026/6/1 5:00:00,0,0,,3.97
2026/6/1 5:15:00,0,0,,3.97
2026/6/1 5:30:00,0,0,,0
2026/6/1 5:45:00,0,0,,3.81
2026/6/1 6:00:00,0,0,,0
2026/6/1 6:15:00,0,0,,0
2026/6/1 6:30:00,0,0,,0
2026/6/1 6:45:00,0,0,,0
2026/6/1 7:00:00,0,0,,0
2026/6/1 7:15:00,0,0,,0
2026/6/1 7:30:00,0,0,,0
2026/6/1 7:45:00,0,0,,0
2026/6/1 8:00:00,0,0,,0
2026/6/1 8:15:00,0,0,,0
2026/6/1 8:30:00,0,0,,0
2026/6/1 8:45:00,0,0,,0
2026/6/1 9:00:00,0,0,,0
2026/6/1 9:15:00,0,391.65,,105.28
2026/6/1 9:30:00,0,851.82,,104.95
2026/6/1 9:45:00,0,870.19,,105.11
2026/6/1 10:00:00,0,847.19,,104.95
2026/6/1 10:15:00,0,844.87,,105.11
2026/6/1 10:30:00,0,829.31,,254.92
2026/6/1 10:45:00,0,701.02,,344.47
2026/6/1 11:00:00,0,581.34,,430.55
2026/6/1 11:15:00,0,685.79,,449.25
2026/6/1 11:30:00,0,822.36,,491.96
2026/6/1 11:45:00,0,824.34,,490.63
2026/6/1 12:00:00,0,826.49,,483.68
2026/6/1 12:15:00,0,826,,488.48
2026/6/1 12:30:00,0,822.19,,492.95
2026/6/1 12:45:00,0,821.2,,488.48
2026/6/1 13:00:00,0,820.7,,494.61
2026/6/1 13:15:00,0,850.33,,491.13
2026/6/1 13:30:00,0,848.34,,501.72
2026/6/1 13:45:00,0,843.21,,477.39
2026/6/1 14:00:00,0,841.72,,466.13
2026/6/1 14:15:00,0,839.74,,462.99
2026/6/1 14:30:00,0,837.09,,465.47
2026/6/1 14:45:00,0,838.08,,465.64
2026/6/1 15:00:00,0,835.27,,453.22
2026/6/1 15:15:00,0,830.96,,451.24
2026/6/1 15:30:00,0,831.96,,449.25
2026/6/1 15:45:00,0,830.8,,450.24
2026/6/1 16:00:00,0,829.81,,440.97
2026/6/1 16:15:00,0,826,,448.75
2026/6/1 16:30:00,0,826.66,,447.59
2026/6/1 16:45:00,0,825.34,,434.19
2026/6/1 17:00:00,0,825.5,,434.52
2026/6/1 17:15:00,0,821.53,,435.18
2026/6/1 17:30:00,0,820.54,,417.47
2026/6/1 17:45:00,0,818.22,,430.88
2026/6/1 18:00:00,0,818.05,,423.76
2026/6/1 18:15:00,0,817.39,,422.6
2026/6/1 18:30:00,0,823.02,,444.45
2026/6/1 18:45:00,0,821.69,,426.24
2026/6/1 19:00:00,0,825.67,,426.41
2026/6/1 19:15:00,0,825,,431.87
2026/6/1 19:30:00,0,825.67,,430.05
2026/6/1 19:45:00,0,823.85,,427.4
2026/6/1 20:00:00,0,826,,427.07
2026/6/1 20:15:00,0,826,,428.89
2026/6/1 20:30:00,0,823.02,,422.1
2026/6/1 20:45:00,0,823.51,,198.31
2026/6/1 21:00:00,0,823.18,,198.31
2026/6/1 21:15:00,0,817.06,,198.14
2026/6/1 21:30:00,0,0,,124.48
2026/6/1 21:45:00,0,0,,3.97
2026/6/1 22:00:00,0,0,,3.97
2026/6/1 22:15:00,0,0,,3.97
2026/6/1 22:30:00,0,0,,0
2026/6/1 22:45:00,0,0,,0
2026/6/1 23:00:00,0,0,,0
2026/6/1 23:15:00,0,0,,3.81
2026/6/1 23:30:00,0,0,,3.97
2026/6/1 23:45:00,0,0,,3.97
2026/6/2 0:00:00,0,0,,3.64
2026/6/2 0:15:00,0,0,,0
2026/6/2 0:30:00,0,0,,0
2026/6/2 0:45:00,0,0,,0
2026/6/2 1:00:00,0,0,,0
2026/6/2 1:15:00,0,0,,0
2026/6/2 1:30:00,0,0,,0
2026/6/2 1:45:00,0,0,,0
2026/6/2 2:00:00,0,0,,0
2026/6/2 2:15:00,0,0,,0
2026/6/2 2:30:00,0,0,,0
2026/6/2 2:45:00,0,0,,0
2026/6/2 3:00:00,0,0,,0
2026/6/2 3:15:00,0,0,,0
2026/6/2 3:30:00,0,0,,0
2026/6/2 3:45:00,0,0,,0
2026/6/2 4:00:00,0,0,,0
2026/6/2 4:15:00,0,0,,0
2026/6/2 4:30:00,0,0,,0
2026/6/2 4:45:00,0,0,,0
2026/6/2 5:00:00,0,0,,0
2026/6/2 5:15:00,0,0,,0
2026/6/2 5:30:00,0,0,,0
2026/6/2 5:45:00,0,0,,0
2026/6/2 6:00:00,0,0,,0
2026/6/2 6:15:00,0,0,,0
2026/6/2 6:30:00,0,0,,0
2026/6/2 6:45:00,0,0,,0
2026/6/2 7:00:00,0,0,,0
2026/6/2 7:15:00,0,0,,0
2026/6/2 7:30:00,0,0,,3.64
2026/6/2 7:45:00,0,0,,0
2026/6/2 8:00:00,0,0,,0
2026/6/2 8:15:00,0,0,,0
2026/6/2 8:30:00,0,0,,0
2026/6/2 8:45:00,0,0,,0
2026/6/2 9:00:00,0,0,,0
2026/6/2 9:15:00,822.52,0,,113.39
2026/6/2 9:30:00,852.65,0,,112.89
2026/6/2 9:45:00,861.42,0,,113.22
2026/6/2 10:00:00,878.47,0,,205.26
2026/6/2 10:15:00,859.77,0,,522.75
2026/6/2 10:30:00,855.3,0,,533.51
2026/6/2 10:45:00,855.96,0,,503.38
2026/6/2 11:00:00,852.98,0,,490.96
2026/6/2 11:15:00,855.13,0,,477.72
2026/6/2 11:30:00,854.97,0,,480.04
2026/6/2 11:45:00,853.64,0,,481.03
2026/6/2 12:00:00,853.81,0,,470.11
2026/6/2 12:15:00,856.62,0,,462.49
2026/6/2 12:30:00,856.95,0,,477.22
2026/6/2 12:45:00,858.61,0,,463.82
2026/6/2 13:00:00,859.93,0,,467.79
2026/6/2 13:15:00,859.6,0,,468.78
2026/6/2 13:30:00,859.6,0,,471.93
2026/6/2 13:45:00,861.42,0,,469.94
2026/6/2 14:00:00,860.59,0,,472.09
2026/6/2 14:15:00,855.13,0,,466.13
2026/6/2 14:30:00,854.63,0,,465.47
2026/6/2 14:45:00,856.29,0,,460.67
2026/6/2 15:00:00,853.31,0,,465.47
2026/6/2 15:15:00,851.99,0,,455.71
2026/6/2 15:30:00,850.66,0,,460.01
2026/6/2 15:45:00,848.84,0,,449.25
2026/6/2 16:00:00,848.01,0,,451.24
2026/6/2 16:15:00,844.87,0,,456.04
2026/6/2 16:30:00,844.04,0,,446.77
2026/6/2 16:45:00,844.37,0,,446.44
2026/6/2 17:00:00,846.03,0,,444.95
2026/6/2 17:15:00,842.55,0,,451.9
2026/6/2 17:30:00,841.23,0,,448.09
2026/6/2 17:45:00,842.88,0,,446.93
2026/6/2 18:00:00,846.19,0,,452.4
2026/6/2 18:15:00,841.56,0,,458.85
2026/6/2 18:30:00,843.54,0,,450.74
2026/6/2 18:45:00,843.21,0,,451.73
2026/6/2 19:00:00,841.72,0,,439.98
2026/6/2 19:15:00,838.41,0,,442.13
2026/6/2 19:30:00,838.25,0,,442.63
2026/6/2 19:45:00,841.06,0,,441.97
2026/6/2 20:00:00,841.06,0,,440.81
2026/6/2 20:15:00,842.05,0,,450.08
2026/6/2 20:30:00,845.2,0,,204.76
2026/6/2 20:45:00,847.02,0,,204.76
2026/6/2 21:00:00,844.21,0,,204.76
2026/6/2 21:15:00,843.54,0,,204.26
2026/6/2 21:30:00,0,0,,124.15
2026/6/2 21:45:00,0,0,,3.81
2026/6/2 22:00:00,0,0,,3.97
2026/6/2 22:15:00,0,0,,4.14
2026/6/2 22:30:00,0,0,,0
2026/6/2 22:45:00,0,0,,0
2026/6/2 23:00:00,0,0,,0
2026/6/2 23:15:00,0,0,,3.97
2026/6/2 23:30:00,0,0,,0
2026/6/2 23:45:00,0,0,,3.97
2026/6/3 0:00:00,0,0,,3.97
2026/6/3 0:15:00,0,0,,0
2026/6/3 0:30:00,0,0,,3.97
2026/6/3 0:45:00,0,0,,3.81
2026/6/3 1:00:00,0,0,,3.81
2026/6/3 1:15:00,0,0,,3.97
2026/6/3 1:30:00,0,0,,3.97
2026/6/3 1:45:00,0,0,,3.97
2026/6/3 2:00:00,0,0,,3.97
2026/6/3 2:15:00,0,0,,4.14
2026/6/3 2:30:00,0,0,,3.97
2026/6/3 2:45:00,0,0,,3.97
2026/6/3 3:00:00,0,0,,4.14
2026/6/3 3:15:00,0,0,,4.14
2026/6/3 3:30:00,0,0,,3.97
2026/6/3 3:45:00,0,0,,4.14
2026/6/3 4:00:00,0,0,,4.14
2026/6/3 4:15:00,0,0,,4.14
2026/6/3 4:30:00,0,0,,3.97
2026/6/3 4:45:00,0,0,,3.97
2026/6/3 5:00:00,0,0,,4.14
2026/6/3 5:15:00,0,0,,4.14
2026/6/3 5:30:00,0,0,,3.97
2026/6/3 5:45:00,0,0,,4.14
2026/6/3 6:00:00,0,0,,3.81
2026/6/3 6:15:00,0,0,,4.14
2026/6/3 6:30:00,0,0,,3.97
2026/6/3 6:45:00,0,0,,3.97
2026/6/3 7:00:00,0,0,,3.97
2026/6/3 7:15:00,0,0,,0
2026/6/3 7:30:00,0,0,,0
2026/6/3 7:45:00,0,0,,0
2026/6/3 8:00:00,0,0,,0
2026/6/3 8:15:00,0,0,,0
2026/6/3 8:30:00,0,0,,0
2026/6/3 8:45:00,0,0,,3.81
2026/6/3 9:00:00,0,0,,105.61
2026/6/3 9:15:00,877.48,0,,105.28
2026/6/3 9:30:00,854.8,0,,105.28
2026/6/3 9:45:00,865.73,0,,105.44
2026/6/3 10:00:00,842.05,0,,105.11
2026/6/3 10:15:00,802,0,,105.11
2026/6/3 10:30:00,852.48,0,,198.8
2026/6/3 10:45:00,860.76,0,,198.31
2026/6/3 11:00:00,861.42,0,,198.14
2026/6/3 11:15:00,866.39,0,,198.64
2026/6/3 11:30:00,870.53,0,,198.31
2026/6/3 11:45:00,870.03,0,,198.14
2026/6/3 12:00:00,865.23,0,,197.48
2026/6/3 12:15:00,865.06,0,,197.97
2026/6/3 12:30:00,866.39,0,,197.48
2026/6/3 12:45:00,866.22,0,,197.48
2026/6/3 13:00:00,861.26,0,,197.97
2026/6/3 13:15:00,863.9,0,,197.64
2026/6/3 13:30:00,864.73,0,,197.48
2026/6/3 13:45:00,864.57,0,,197.81
2026/6/3 14:00:00,866.88,0,,197.64
2026/6/3 14:15:00,867.88,0,,197.64
2026/6/3 14:30:00,822.85,0,,229.76
2026/6/3 14:45:00,740.92,0,,217.67
2026/6/3 15:00:00,642.09,0,,123.65
2026/6/3 15:15:00,876.15,0,,198.14
2026/6/3 15:30:00,873.17,0,,198.14
2026/6/3 15:45:00,877.48,0,,197.81
2026/6/3 16:00:00,879.13,0,,197.97
2026/6/3 16:15:00,875.16,0,,197.64
2026/6/3 16:30:00,875.99,0,,197.81
2026/6/3 16:45:00,880.29,0,,197.97
2026/6/3 17:00:00,882.61,0,,197.97
2026/6/3 17:15:00,878.47,0,,197.97
2026/6/3 17:30:00,882.61,0,,198.31
2026/6/3 17:45:00,880.95,0,,197.97
2026/6/3 18:00:00,883.11,0,,198.14
2026/6/3 18:15:00,881.95,0,,198.14
2026/6/3 18:30:00,881.78,0,,198.14
2026/6/3 18:45:00,882.44,0,,197.81
2026/6/3 19:00:00,887.74,0,,197.97
2026/6/3 19:15:00,888.9,0,,197.64
2026/6/3 19:30:00,886.25,0,,198.31
2026/6/3 19:45:00,886.75,0,,198.14
2026/6/3 20:00:00,891.38,0,,197.97
2026/6/3 20:15:00,891.88,0,,197.81
2026/6/3 20:30:00,887.58,0,,198.47
2026/6/3 20:45:00,887.58,0,,197.97
2026/6/3 21:00:00,885.26,0,,197.97
2026/6/3 21:15:00,885.59,0,,198.8
2026/6/3 21:30:00,0,0,,105.44
2026/6/3 21:45:00,0,0,,3.81
2026/6/3 22:00:00,0,0,,3.97
2026/6/3 22:15:00,0,0,,4.14
2026/6/3 22:30:00,0,0,,3.97
2026/6/3 22:45:00,0,0,,4.14
2026/6/3 23:00:00,0,0,,3.81
2026/6/3 23:15:00,0,0,,3.81
2026/6/3 23:30:00,0,0,,3.81
2026/6/3 23:45:00,0,0,,0
2026/6/4 0:00:00,0,0,0,
2026/6/4 0:15:00,0,0,0,
2026/6/4 0:30:00,0,0,0,
2026/6/4 0:45:00,0,0,0,
2026/6/4 1:00:00,0,0,0,
2026/6/4 1:15:00,0,0,0,
2026/6/4 1:30:00,0,0,0,
2026/6/4 1:45:00,0,0,0,
2026/6/4 2:00:00,0,0,0,
2026/6/4 2:15:00,0,0,0,
2026/6/4 2:30:00,0,0,0,
2026/6/4 2:45:00,0,0,0,
2026/6/4 3:00:00,0,0,0,
2026/6/4 3:15:00,0,0,0,
2026/6/4 3:30:00,0,0,0,
2026/6/4 3:45:00,0,0,0,
2026/6/4 4:00:00,0,0,0,
2026/6/4 4:15:00,0,0,0,
2026/6/4 4:30:00,3.81,0,0,
2026/6/4 4:45:00,0,0,0,
2026/6/4 5:00:00,3.81,0,0,
2026/6/4 5:15:00,0,0,0,
2026/6/4 5:30:00,0,0,0,
2026/6/4 5:45:00,0,0,0,
2026/6/4 6:00:00,0,0,0,
2026/6/4 6:15:00,0,0,0,
2026/6/4 6:30:00,0,0,0,
2026/6/4 6:45:00,0,0,0,
2026/6/4 7:00:00,0,0,0,
2026/6/4 7:15:00,0,0,0,
2026/6/4 7:30:00,0,0,0,
2026/6/4 7:45:00,0,0,0,
2026/6/4 8:00:00,0,0,0,
2026/6/4 8:15:00,0,0,0,
2026/6/4 8:30:00,0,0,0,
2026/6/4 8:45:00,0,0,0,
2026/6/4 9:00:00,113.06,0,724.2,
2026/6/4 9:15:00,112.73,0,855.63,
2026/6/4 9:30:00,113.06,0,850.5,
2026/6/4 9:45:00,112.73,0,847.52,
2026/6/4 10:00:00,207.74,0,847.35,
2026/6/4 10:15:00,207.08,0,843.71,
2026/6/4 10:30:00,206.91,0,666.1,
2026/6/4 10:45:00,207.08,0,607,
2026/6/4 11:00:00,206.75,0,586.64,
2026/6/4 11:15:00,207.08,0,570.92,
2026/6/4 11:30:00,207.08,0,575.72,
2026/6/4 11:45:00,206.75,0,574.89,
2026/6/4 12:00:00,206.91,0,573.4,
2026/6/4 12:15:00,206.58,0,579.36,
2026/6/4 12:30:00,207.24,0,577.04,
2026/6/4 12:45:00,206.58,0,582.17,
2026/6/4 13:00:00,206.58,0,582.34,
2026/6/4 13:15:00,207.08,0,580.68,
2026/6/4 13:30:00,206.91,0,580.68,
2026/6/4 13:45:00,207.08,0,580.02,
2026/6/4 14:00:00,207.08,0,582.17,
2026/6/4 14:15:00,206.91,0,580.35,
2026/6/4 14:30:00,207.24,0,583,
2026/6/4 14:45:00,207.58,0,580.35,
2026/6/4 15:00:00,207.24,0,577.04,
2026/6/4 15:15:00,207.24,0,561.48,
2026/6/4 15:30:00,207.08,0,559.99,
2026/6/4 15:45:00,207.24,0,559.66,
2026/6/4 16:00:00,206.91,0,558,
2026/6/4 16:15:00,206.91,0,556.68,
2026/6/4 16:30:00,207.08,0,556.85,
2026/6/4 16:45:00,207.24,0,557.34,
2026/6/4 17:00:00,207.24,0,561.31,
2026/6/4 17:15:00,206.91,0,559.99,
2026/6/4 17:30:00,207.08,0,559.16,
2026/6/4 17:45:00,207.24,0,558.5,
2026/6/4 18:00:00,206.58,0,574.89,
2026/6/4 18:15:00,207.24,0,572.74,
2026/6/4 18:30:00,207.08,0,569.92,
2026/6/4 18:45:00,207.08,0,577.7,
2026/6/4 19:00:00,207.08,0,574.72,
2026/6/4 19:15:00,207.41,0,571.74,
2026/6/4 19:30:00,207.24,0,574.23,
2026/6/4 19:45:00,207.41,0,574.06,
2026/6/4 20:00:00,206.91,0,572.24,
2026/6/4 20:15:00,206.91,0,574.06,
2026/6/4 20:30:00,207.24,0,0,
2026/6/4 20:45:00,207.58,0,0,
2026/6/4 21:00:00,207.41,0,0,
2026/6/4 21:15:00,206.91,0,0,
2026/6/4 21:30:00,189.53,0,0,
2026/6/4 21:45:00,113.39,0,0,
2026/6/4 22:00:00,113.39,0,0,
2026/6/4 22:15:00,4.14,0,0,
2026/6/4 22:30:00,3.81,0,0,
2026/6/4 22:45:00,3.97,0,0,
2026/6/4 23:00:00,3.81,0,0,
2026/6/4 23:15:00,3.97,0,0,
2026/6/4 23:30:00,0,0,0,
2026/6/4 23:45:00,0,0,0,
2026/6/5 0:00:00,0,,0,0
2026/6/5 0:15:00,0,,0,0
2026/6/5 0:30:00,0,,0,0
2026/6/5 0:45:00,0,,0,0
2026/6/5 1:00:00,0,,0,0
2026/6/5 1:15:00,3.97,,0,0
2026/6/5 1:30:00,3.97,,0,0
2026/6/5 1:45:00,3.81,,0,0
2026/6/5 2:00:00,3.81,,0,0
2026/6/5 2:15:00,3.97,,0,0
2026/6/5 2:30:00,3.97,,0,0
2026/6/5 2:45:00,3.97,,0,0
2026/6/5 3:00:00,3.97,,0,0
2026/6/5 3:15:00,3.97,,0,0
2026/6/5 3:30:00,3.97,,0,0
2026/6/5 3:45:00,3.97,,0,0
2026/6/5 4:00:00,3.97,,0,0
2026/6/5 4:15:00,4.14,,0,0
2026/6/5 4:30:00,3.97,,0,0
2026/6/5 4:45:00,3.97,,0,0
2026/6/5 5:00:00,3.97,,0,0
2026/6/5 5:15:00,4.14,,0,0
2026/6/5 5:30:00,3.97,,0,0
2026/6/5 5:45:00,3.97,,0,0
2026/6/5 6:00:00,3.97,,0,0
2026/6/5 6:15:00,3.97,,0,0
2026/6/5 6:30:00,3.97,,0,0
2026/6/5 6:45:00,3.97,,0,0
2026/6/5 7:00:00,0,,0,0
2026/6/5 7:15:00,0,,0,0
2026/6/5 7:30:00,0,,0,0
2026/6/5 7:45:00,0,,0,0
2026/6/5 8:00:00,0,,0,0
2026/6/5 8:15:00,0,,0,0
2026/6/5 8:30:00,0,,0,0
2026/6/5 8:45:00,0,,0,0
2026/6/5 9:00:00,124.48,,0,0
2026/6/5 9:15:00,123.82,,0,0
2026/6/5 9:30:00,,,,
2026/6/5 9:45:00,,,,
2026/6/5 10:00:00,,,,
2026/6/5 10:15:00,,,,
2026/6/5 10:30:00,,,,
2026/6/5 10:45:00,,,,
2026/6/5 11:00:00,,,,
2026/6/5 11:15:00,,,,
2026/6/5 11:30:00,,,,
2026/6/5 11:45:00,,,,
2026/6/5 12:00:00,,,,
2026/6/5 12:15:00,,,,
2026/6/5 12:30:00,,,,
2026/6/5 12:45:00,,,,
2026/6/5 13:00:00,,,,
2026/6/5 13:15:00,,,,
2026/6/5 13:30:00,,,,
2026/6/5 13:45:00,,,,
2026/6/5 14:00:00,,,,
2026/6/5 14:15:00,,,,
2026/6/5 14:30:00,429.22,,0,
2026/6/5 14:45:00,419.95,,0,0
2026/6/5 15:00:00,424.09,,0,0
2026/6/5 15:15:00,421.44,,0,0
2026/6/5 15:30:00,422.27,,0,0
2026/6/5 15:45:00,425.74,,0,0
2026/6/5 16:00:00,415.81,,0,0
2026/6/5 16:15:00,407.7,,0,0
2026/6/5 16:30:00,413.99,,0,0
2026/6/5 16:45:00,412.83,,0,0
2026/6/5 17:00:00,416.64,,0,0
2026/6/5 17:15:00,417.96,,0,0
2026/6/5 17:30:00,424.92,,0,0
2026/6/5 17:45:00,456.7,,0,0
2026/6/5 18:00:00,461.5,,0,0
2026/6/5 18:15:00,555.02,,0,0
2026/6/5 18:30:00,557.67,,0,0
2026/6/5 18:45:00,554.2,,0,0
2026/6/5 19:00:00,551.55,,0,0
2026/6/5 19:15:00,547.91,,0,0
2026/6/5 19:30:00,540.13,,0,0
2026/6/5 19:45:00,502.72,,0,0
2026/6/5 20:00:00,520.43,,0,0
2026/6/5 20:15:00,541.12,,0,0
2026/6/5 20:30:00,523.9,,0,0
2026/6/5 20:45:00,173.15,,0,0
2026/6/5 21:00:00,173.48,,0,0
2026/6/5 21:15:00,173.64,,0,0
2026/6/5 21:30:00,75.65,,0,0
2026/6/5 21:45:00,0,,0,0
2026/6/5 22:00:00,3.81,,0,0
2026/6/5 22:15:00,3.81,,0,0
2026/6/5 22:30:00,3.97,,0,0
2026/6/5 22:45:00,3.97,,0,0
2026/6/5 23:00:00,3.97,,0,0
2026/6/5 23:15:00,3.97,,0,0
2026/6/5 23:30:00,3.97,,0,0
2026/6/5 23:45:00,3.97,,0,0
2026/6/6 0:00:00,3.97,,0,0
2026/6/6 0:15:00,3.97,,0,0
2026/6/6 0:30:00,3.97,,0,0
2026/6/6 0:45:00,3.97,,0,0
2026/6/6 1:00:00,4.14,,0,0
2026/6/6 1:15:00,4.14,,0,0
2026/6/6 1:30:00,0,,0,0
2026/6/6 1:45:00,0,,0,0
2026/6/6 2:00:00,3.81,,0,0
2026/6/6 2:15:00,0,,0,0
2026/6/6 2:30:00,3.81,,0,0
2026/6/6 2:45:00,3.81,,0,0
2026/6/6 3:00:00,3.81,,0,0
2026/6/6 3:15:00,3.97,,0,0
2026/6/6 3:30:00,3.97,,0,0
2026/6/6 3:45:00,0,,0,0
2026/6/6 4:00:00,0,,0,0
2026/6/6 4:15:00,0,,0,0
2026/6/6 4:30:00,0,,0,0
2026/6/6 4:45:00,0,,0,0
2026/6/6 5:00:00,0,,0,0
2026/6/6 5:15:00,0,,0,0
2026/6/6 5:30:00,0,,0,0
2026/6/6 5:45:00,0,,0,0
2026/6/6 6:00:00,0,,0,0
2026/6/6 6:15:00,0,,0,1.82
2026/6/6 6:30:00,0,,0,0
2026/6/6 6:45:00,0,,0,0
2026/6/6 7:00:00,0,,0,0
2026/6/6 7:15:00,0,,0,0
2026/6/6 7:30:00,0,,0,0
2026/6/6 7:45:00,0,,0,0
2026/6/6 8:00:00,0,,0,0
2026/6/6 8:15:00,0,,0,0
2026/6/6 8:30:00,0,,0,0
2026/6/6 8:45:00,0,,0,0
2026/6/6 9:00:00,113.39,,0,0
2026/6/6 9:15:00,112.89,,0,0
2026/6/6 9:30:00,113.39,,0,0
2026/6/6 9:45:00,406.54,,0,0
2026/6/6 10:00:00,498.08,,0,0
2026/6/6 10:15:00,508.51,,0,0
2026/6/6 10:30:00,495.43,,0,0
2026/6/6 10:45:00,489.14,,0,0
2026/6/6 11:00:00,483.85,,0,0
2026/6/6 11:15:00,475.4,,0,0
2026/6/6 11:30:00,489.64,,0,0
2026/6/6 11:45:00,492.12,,0,0
2026/6/6 12:00:00,490.63,,0,0
2026/6/6 12:15:00,500.9,,0,0
2026/6/6 12:30:00,508.18,,0,0
2026/6/6 12:45:00,507.52,,0,0
2026/6/6 13:00:00,507.68,,0,0
2026/6/6 13:15:00,528.37,,0,0
2026/6/6 13:30:00,520.76,,0,0
2026/6/6 13:45:00,529.04,,0,0
2026/6/6 14:00:00,538.64,,0,0
2026/6/6 14:15:00,530.69,,0,0
2026/6/6 14:30:00,526.88,,0,0
2026/6/6 14:45:00,528.04,,0,0
2026/6/6 15:00:00,521.09,,0,0
2026/6/6 15:15:00,520.43,,0,0
2026/6/6 15:30:00,518.94,,0,0
2026/6/6 15:45:00,517.45,,0,0
2026/6/6 16:00:00,508.01,,0,0
2026/6/6 16:15:00,507.35,,0,0
2026/6/6 16:30:00,512.32,,0,0
2026/6/6 16:45:00,508.34,,0,0
2026/6/6 17:00:00,514.63,,0,0
2026/6/6 17:15:00,507.35,,0,0
2026/6/6 17:30:00,509.67,,0,0
2026/6/6 17:45:00,521.09,,0,0
2026/6/6 18:00:00,520.1,,0,0
2026/6/6 18:15:00,522.25,,0,0
2026/6/6 18:30:00,521.92,,0,0
2026/6/6 18:45:00,525.23,,0,0
2026/6/6 19:00:00,526.72,,0,0
2026/6/6 19:15:00,529.53,,0,0
2026/6/6 19:30:00,538.97,,0,0
2026/6/6 19:45:00,555.52,,0,0
2026/6/6 20:00:00,534.66,,0,0
2026/6/6 20:15:00,540.79,,0,0
2026/6/6 20:30:00,537.15,,0,0
2026/6/6 20:45:00,525.73,,0,0
2026/6/6 21:00:00,519.6,,0,0
2026/6/6 21:15:00,189.37,,0,0
2026/6/6 21:30:00,189.7,,0,0
2026/6/6 21:45:00,3.97,,0,0
2026/6/6 22:00:00,0,,0,0
2026/6/6 22:15:00,0,,0,0
2026/6/6 22:30:00,3.81,,0,0
2026/6/6 22:45:00,0,,0,0
2026/6/6 23:00:00,3.97,,0,0
2026/6/6 23:15:00,3.81,,0,0
2026/6/6 23:30:00,3.97,,0,0
2026/6/6 23:45:00,3.97,,0,0
2026/6/7 0:00:00,3.97,,0,0
2026/6/7 0:15:00,3.81,,0,0
2026/6/7 0:30:00,3.97,,0,0
2026/6/7 0:45:00,3.97,,0,0
2026/6/7 1:00:00,3.97,,0,0
2026/6/7 1:15:00,3.97,,0,0
2026/6/7 1:30:00,3.97,,0,0
2026/6/7 1:45:00,4.14,,0,0
2026/6/7 2:00:00,3.97,,0,0
2026/6/7 2:15:00,3.97,,0,0
2026/6/7 2:30:00,3.97,,0,0
2026/6/7 2:45:00,3.97,,0,0
2026/6/7 3:00:00,3.97,,0,0
2026/6/7 3:15:00,3.97,,0,0
2026/6/7 3:30:00,3.97,,0,0
2026/6/7 3:45:00,3.97,,0,0
2026/6/7 4:00:00,3.97,,0,0
2026/6/7 4:15:00,4.14,,0,0
2026/6/7 4:30:00,3.97,,0,0
2026/6/7 4:45:00,3.97,,0,0
2026/6/7 5:00:00,3.97,,0,0
2026/6/7 5:15:00,3.97,,0,0
2026/6/7 5:30:00,3.81,,0,0
2026/6/7 5:45:00,3.97,,0,0
2026/6/7 6:00:00,3.97,,0,0
2026/6/7 6:15:00,4.14,,0,0
2026/6/7 6:30:00,3.97,,0,0
2026/6/7 6:45:00,3.97,,0,0
2026/6/7 7:00:00,4.14,,0,0
2026/6/7 7:15:00,3.97,,0,0
2026/6/7 7:30:00,3.97,,0,0
2026/6/7 7:45:00,3.97,,0,0
2026/6/7 8:00:00,3.97,,0,0
2026/6/7 8:15:00,3.97,,0,0
2026/6/7 8:30:00,3.81,,0,0
2026/6/7 8:45:00,0,,0,0
2026/6/7 9:00:00,0,,0,0
2026/6/7 9:15:00,124.64,,0,0
2026/6/7 9:30:00,124.15,,0,0
2026/6/7 9:45:00,124.31,,0,0
2026/6/7 10:00:00,123.82,,0,0
2026/6/7 10:15:00,124.31,,0,0
2026/6/7 10:30:00,486.33,,0,0
2026/6/7 10:45:00,532.18,,0,0
2026/6/7 11:00:00,511.32,,0,0
2026/6/7 11:15:00,478.05,,0,0
2026/6/7 11:30:00,543.27,,0,0
2026/6/7 11:45:00,516.46,,0,0
2026/6/7 12:00:00,511.99,,0,0
2026/6/7 12:15:00,502.39,,0,0
2026/6/7 12:30:00,501.23,,0,0
2026/6/7 12:45:00,498.58,,0,0
2026/6/7 13:00:00,486.99,,0,0
2026/6/7 13:15:00,492.78,,0,0
2026/6/7 13:30:00,481.36,,0,0
2026/6/7 13:45:00,480.37,,0,0
2026/6/7 14:00:00,489.47,,0,0
2026/6/7 14:15:00,486.16,,0,0
2026/6/7 14:30:00,484.18,,0,0
2026/6/7 14:45:00,482.19,,0,0
2026/6/7 15:00:00,475.57,,0,0
2026/6/7 15:15:00,471.6,,0,0
2026/6/7 15:30:00,459.51,,0,0
2026/6/7 15:45:00,455.54,,,0
2026/6/7 16:00:00,457.53,,0,0
2026/6/7 16:15:00,451.73,,0,0
2026/6/7 16:30:00,462.33,,,0
2026/6/7 16:45:00,462,,0,0
2026/6/7 17:00:00,457.36,,0,0
2026/6/7 17:15:00,454.22,,0,0
2026/6/7 17:30:00,461.5,,,0
2026/6/7 17:45:00,460.84,,0,0
2026/6/7 18:00:00,463.15,,,0
2026/6/7 18:15:00,475.07,,0,0
2026/6/7 18:30:00,205.59,,0,0
2026/6/7 18:45:00,205.75,,,0
2026/6/7 19:00:00,205.75,,0,0
2026/6/7 19:15:00,205.75,,,0
2026/6/7 19:30:00,205.92,,0,0
2026/6/7 19:45:00,206.09,,0,0
2026/6/7 20:00:00,205.75,,0,0
2026/6/7 20:15:00,205.59,,0,0
2026/6/7 20:30:00,206.25,,,0
2026/6/7 20:45:00,205.92,,,0
2026/6/7 21:00:00,205.92,,,0
2026/6/7 21:15:00,206.09,,,0
2026/6/7 21:30:00,3.81,,,0
2026/6/7 21:45:00,3.81,,,0
2026/6/7 22:00:00,3.97,,0,0
2026/6/7 22:15:00,3.97,,,0
2026/6/7 22:30:00,3.97,,0,0
2026/6/7 22:45:00,3.97,,0,
2026/6/7 23:00:00,3.97,,0,0
2026/6/7 23:15:00,,,,
2026/6/7 23:30:00,,,,
2026/6/7 23:45:00,,,,
2026/6/8 0:00:00,0,0,0,
2026/6/8 0:15:00,0,0,0,
2026/6/8 0:30:00,0,0,0,
2026/6/8 0:45:00,3.97,0,0,
2026/6/8 1:00:00,3.97,0,0,
2026/6/8 1:15:00,3.81,0,0,
2026/6/8 1:30:00,3.97,0,0,
2026/6/8 1:45:00,3.97,0,0,
2026/6/8 2:00:00,3.97,0,0,
2026/6/8 2:15:00,0,0,0,
2026/6/8 2:30:00,3.97,0,0,
2026/6/8 2:45:00,3.97,0,0,
2026/6/8 3:00:00,3.81,0,0,
2026/6/8 3:15:00,0,0,0,
2026/6/8 3:30:00,3.81,0,0,
2026/6/8 3:45:00,0,0,0,
2026/6/8 4:00:00,0,0,0,
2026/6/8 4:15:00,0,0,0,
2026/6/8 4:30:00,0,0,0,
2026/6/8 4:45:00,3.81,0,0,
2026/6/8 5:00:00,0,0,0,
2026/6/8 5:15:00,0,0,0,
2026/6/8 5:30:00,0,0,0,
2026/6/8 5:45:00,0,0,0,
2026/6/8 6:00:00,0,0,0,
2026/6/8 6:15:00,0,0,0,
2026/6/8 6:30:00,0,0,0,
2026/6/8 6:45:00,0,0,0,
2026/6/8 7:00:00,0,0,0,
2026/6/8 7:15:00,0,0,0,
2026/6/8 7:30:00,0,0,0,
2026/6/8 7:45:00,0,0,0,
2026/6/8 8:00:00,0,0,0,
2026/6/8 8:15:00,0,0,0,
2026/6/8 8:30:00,0,0,0,
2026/6/8 8:45:00,0,0,0,
2026/6/8 9:00:00,0,0,0,
2026/6/8 9:15:00,11.26,0,0,
2026/6/8 9:30:00,105.61,0,0,
2026/6/8 9:45:00,105.28,0,0,
2026/6/8 10:00:00,105.11,0,0,
2026/6/8 10:15:00,105.28,0,0,
2026/6/8 10:30:00,105.61,0,0,
2026/6/8 10:45:00,105.28,0,0,
2026/6/8 11:00:00,105.28,0,0,
2026/6/8 11:15:00,105.11,0,0,
2026/6/8 11:30:00,105.28,0,0,
2026/6/8 11:45:00,105.28,0,0,
2026/6/8 12:00:00,105.11,0,0,
2026/6/8 12:15:00,104.95,0,0,
2026/6/8 12:30:00,105.11,0,0,
2026/6/8 12:45:00,105.11,0,0,
2026/6/8 13:00:00,104.95,0,0,
2026/6/8 13:15:00,105.11,0,0,
2026/6/8 13:30:00,105.11,0,0,
2026/6/8 13:45:00,105.11,0,0,
2026/6/8 14:00:00,104.95,0,0,
2026/6/8 14:15:00,105.28,0,0,
2026/6/8 14:30:00,105.44,0,0,
2026/6/8 14:45:00,105.28,0,0,
2026/6/8 15:00:00,105.44,0,0,
2026/6/8 15:15:00,105.28,0,0,
2026/6/8 15:30:00,105.28,0,0,
2026/6/8 15:45:00,105.44,0,0,
2026/6/8 16:00:00,105.28,0,0,
2026/6/8 16:15:00,105.28,0,0,
2026/6/8 16:30:00,105.28,0,0,
2026/6/8 16:45:00,105.11,0,0,
2026/6/8 17:00:00,105.11,0,0,
2026/6/8 17:15:00,105.11,0,0,
2026/6/8 17:30:00,105.11,0,0,
2026/6/8 17:45:00,105.28,,0,
2026/6/8 18:00:00,105.28,,0,
2026/6/8 18:15:00,105.28,0,0,
2026/6/8 18:30:00,105.11,0,0,
2026/6/8 18:45:00,105.11,,0,
2026/6/8 19:00:00,105.61,0,0,
2026/6/8 19:15:00,105.28,0,0,
2026/6/8 19:30:00,105.11,,0,
2026/6/8 19:45:00,105.44,0,,
2026/6/8 20:00:00,105.28,0,0,
2026/6/8 20:15:00,105.44,,0,
2026/6/8 20:30:00,105.44,0,0,
2026/6/8 20:45:00,104.95,,0,
2026/6/8 21:00:00,105.28,0,0,
2026/6/8 21:15:00,105.44,,0,
2026/6/8 21:30:00,105.28,,0,
2026/6/8 21:45:00,0,0,0,
2026/6/8 22:00:00,0,0,0,
2026/6/8 22:15:00,0,,0,
2026/6/8 22:30:00,0,0,0,
2026/6/8 22:45:00,0,0,,
2026/6/8 23:00:00,0,0,,
2026/6/8 23:15:00,0,,0,
2026/6/8 23:30:00,0,0,0,
2026/6/8 23:45:00,,,,
2026/6/9 0:00:00,0,,0,0
2026/6/9 0:15:00,0,,0,0
2026/6/9 0:30:00,0,,0,0
2026/6/9 0:45:00,0,,0,0
2026/6/9 1:00:00,0,,0,0
2026/6/9 1:15:00,0,,0,0
2026/6/9 1:30:00,0,,0,0
2026/6/9 1:45:00,0,,0,0
2026/6/9 2:00:00,0,,0,0
2026/6/9 2:15:00,0,,0,0
2026/6/9 2:30:00,0,,0,0
2026/6/9 2:45:00,0,,0,0
2026/6/9 3:00:00,0,,0,0
2026/6/9 3:15:00,0,,0,0
2026/6/9 3:30:00,0,,0,0
2026/6/9 3:45:00,0,,0,0
2026/6/9 4:00:00,0,,0,0
2026/6/9 4:15:00,0,,0,0
2026/6/9 4:30:00,0,,0,0
2026/6/9 4:45:00,0,,0,0
2026/6/9 5:00:00,0,,0,0
2026/6/9 5:15:00,0,,0,0
2026/6/9 5:30:00,0,,0,0
2026/6/9 5:45:00,0,,0,0
2026/6/9 6:00:00,0,,0,0
2026/6/9 6:15:00,0,,0,0
2026/6/9 6:30:00,0,,0,0
2026/6/9 6:45:00,0,,0,0
2026/6/9 7:00:00,0,,0,0
2026/6/9 7:15:00,0,,0,0
2026/6/9 7:30:00,0,,0,0
2026/6/9 7:45:00,0,,0,0
2026/6/9 8:00:00,0,,0,0
2026/6/9 8:15:00,0,,0,0
2026/6/9 8:30:00,0,,0,0
2026/6/9 8:45:00,0,,0,0
2026/6/9 9:00:00,0,,0,0
2026/6/9 9:15:00,112.89,,0,0
2026/6/9 9:30:00,113.55,,0,0
2026/6/9 9:45:00,113.39,,0,0
2026/6/9 10:00:00,113.22,,0,0
2026/6/9 10:15:00,205.92,,0,0
2026/6/9 10:30:00,205.92,,0,0
2026/6/9 10:45:00,205.75,,0,0
2026/6/9 11:00:00,205.59,,0,0
2026/6/9 11:15:00,205.59,,0,0
2026/6/9 11:30:00,205.75,,0,0
2026/6/9 11:45:00,205.09,,0,0
2026/6/9 12:00:00,205.09,,0,0
2026/6/9 12:15:00,205.26,,0,0
2026/6/9 12:30:00,205.26,,0,0
2026/6/9 12:45:00,205.42,,0,0
2026/6/9 13:00:00,205.26,,0,0
2026/6/9 13:15:00,205.59,,0,0
2026/6/9 13:30:00,205.26,,0,0
2026/6/9 13:45:00,205.26,,0,0
2026/6/9 14:00:00,205.26,,0,0
2026/6/9 14:15:00,205.09,,0,0
2026/6/9 14:30:00,204.93,,0,0
2026/6/9 14:45:00,205.42,,0,0
2026/6/9 15:00:00,205.09,,0,0
2026/6/9 15:15:00,205.26,,0,0
2026/6/9 15:30:00,205.26,,0,0
2026/6/9 15:45:00,205.42,,0,0
2026/6/9 16:00:00,205.42,,0,0
2026/6/9 16:15:00,205.09,,0,0
2026/6/9 16:30:00,205.26,,0,0
2026/6/9 16:45:00,204.93,,0,0
2026/6/9 17:00:00,205.59,,0,0
2026/6/9 17:15:00,205.42,,0,0
2026/6/9 17:30:00,204.93,,0,0
2026/6/9 17:45:00,205.42,,0,0
2026/6/9 18:00:00,205.42,,0,0
2026/6/9 18:15:00,205.42,,0,0
2026/6/9 18:30:00,205.42,,0,0
2026/6/9 18:45:00,205.42,,0,0
2026/6/9 19:00:00,205.09,,0,0
2026/6/9 19:15:00,205.09,,0,0
2026/6/9 19:30:00,205.42,,,0
2026/6/9 19:45:00,205.09,,,0
2026/6/9 20:00:00,205.26,,0,0
2026/6/9 20:15:00,205.26,,0,0
2026/6/9 20:30:00,204.93,,0,0
2026/6/9 20:45:00,205.26,,,0
2026/6/9 21:00:00,205.59,,,0
2026/6/9 21:15:00,205.26,,0,0
2026/6/9 21:30:00,124.31,,0,0
2026/6/9 21:45:00,0,,0,0
2026/6/9 22:00:00,0,,,0
2026/6/9 22:15:00,0,,0,0
2026/6/9 22:30:00,0,,0,0
2026/6/9 22:45:00,0,,0,0
2026/6/9 23:00:00,0,,,0
2026/6/9 23:15:00,0,,,0
2026/6/9 23:30:00,0,,,0
2026/6/9 23:45:00,,,,
2026/6/10 0:00:00,0,,0,0
2026/6/10 0:15:00,0,,0,0
2026/6/10 0:30:00,0,,0,0
2026/6/10 0:45:00,0,,0,0
2026/6/10 1:00:00,0,,0,0
2026/6/10 1:15:00,0,,0,0
2026/6/10 1:30:00,0,,0,0
2026/6/10 1:45:00,0,,0,0
2026/6/10 2:00:00,0,,0,0
2026/6/10 2:15:00,3.81,,0,0
2026/6/10 2:30:00,3.81,,0,0
2026/6/10 2:45:00,3.97,,0,0
2026/6/10 3:00:00,3.81,,0,0
2026/6/10 3:15:00,3.97,,0,0
2026/6/10 3:30:00,3.81,,0,0
2026/6/10 3:45:00,3.81,,0,0
2026/6/10 4:00:00,3.97,,0,0
2026/6/10 4:15:00,3.81,,0,0
2026/6/10 4:30:00,3.97,,0,0
2026/6/10 4:45:00,3.97,,0,0
2026/6/10 5:00:00,3.97,,0,0
2026/6/10 5:15:00,0,,0,0
2026/6/10 5:30:00,0,,0,0
2026/6/10 5:45:00,0,,0,0
2026/6/10 6:00:00,0,,0,0
2026/6/10 6:15:00,0,,0,0
2026/6/10 6:30:00,0,,0,0
2026/6/10 6:45:00,0,,0,0
2026/6/10 7:00:00,0,,0,0
2026/6/10 7:15:00,0,,0,0
2026/6/10 7:30:00,0,,0,0
2026/6/10 7:45:00,0,,0,0
2026/6/10 8:00:00,0,,0,0
2026/6/10 8:15:00,0,,0,0
2026/6/10 8:30:00,0,,0,0
2026/6/10 8:45:00,0,,0,0
2026/6/10 9:00:00,105.77,,0,0
2026/6/10 9:15:00,105.28,,0,0
2026/6/10 9:30:00,105.61,,0,0
2026/6/10 9:45:00,418.3,,0,0
2026/6/10 10:00:00,398.1,,0,0
2026/6/10 10:15:00,373.11,,0,0
2026/6/10 10:30:00,357.88,,0,0
2026/6/10 10:45:00,357.05,,0,0
2026/6/10 11:00:00,395.12,,0,0
2026/6/10 11:15:00,435.68,,0,0
2026/6/10 11:30:00,409.69,,0,0
2026/6/10 11:45:00,392.47,,0,0
2026/6/10 12:00:00,390.65,,0,0
2026/6/10 12:15:00,387.51,,0,0
2026/6/10 12:30:00,393.3,,0,0
2026/6/10 12:45:00,401.25,,0,0
2026/6/10 13:00:00,479.54,,0,0
2026/6/10 13:15:00,467.13,,0,0
2026/6/10 13:30:00,460.34,,0,0
2026/6/10 13:45:00,459.68,,0,0
2026/6/10 14:00:00,457.03,,0,0
2026/6/10 14:15:00,459.02,,0,0
2026/6/10 14:30:00,464.64,,0,0
2026/6/10 14:45:00,451.07,,0,0
2026/6/10 15:00:00,455.71,,0,0
2026/6/10 15:15:00,449.42,,0,0
2026/6/10 15:30:00,445.61,,0,0
2026/6/10 15:45:00,198.64,,0,0
2026/6/10 16:00:00,198.8,,0,0
2026/6/10 16:15:00,198.31,,0,0
2026/6/10 16:30:00,198.8,,0,0
2026/6/10 16:45:00,198.8,,0,0
2026/6/10 17:00:00,198.47,,0,0
2026/6/10 17:15:00,198.31,,0,0
2026/6/10 17:30:00,198.64,,0,0
2026/6/10 17:45:00,198.31,,0,0
2026/6/10 18:00:00,198.64,,0,0
2026/6/10 18:15:00,198.47,,0,0
2026/6/10 18:30:00,198.64,,0,0
2026/6/10 18:45:00,198.47,,0,0
2026/6/10 19:00:00,198.97,,0,0
2026/6/10 19:15:00,198.8,,0,0
2026/6/10 19:30:00,198.97,,0,0
2026/6/10 19:45:00,198.97,,0,0
2026/6/10 20:00:00,198.8,,0,0
2026/6/10 20:15:00,199.13,,0,0
2026/6/10 20:30:00,198.8,,0,0
2026/6/10 20:45:00,199.63,,0,0
2026/6/10 21:00:00,199.63,,0,0
2026/6/10 21:15:00,199.3,,0,0
2026/6/10 21:30:00,198.97,,0,0
2026/6/10 21:45:00,124.64,,0,0
2026/6/10 22:00:00,124.64,,0,0
2026/6/10 22:15:00,0,,0,0
2026/6/10 22:30:00,0,,0,0
2026/6/10 22:45:00,0,,,
2026/6/10 23:00:00,0,,0,0
2026/6/10 23:15:00,0,,0,0
2026/6/10 23:30:00,0,,0,0
2026/6/10 23:45:00,0,,,
2026/6/11 0:00:00,0,,0,0
2026/6/11 0:15:00,0,,0,0
2026/6/11 0:30:00,0,,0,0
2026/6/11 0:45:00,0,,0,0
2026/6/11 1:00:00,0,,0,0
2026/6/11 1:15:00,0,,0,0
2026/6/11 1:30:00,3.81,,0,0
2026/6/11 1:45:00,3.81,,0,0
2026/6/11 2:00:00,3.97,,0,0
2026/6/11 2:15:00,0,,0,0
2026/6/11 2:30:00,0,,0,0
2026/6/11 2:45:00,3.97,,0,0
2026/6/11 3:00:00,3.81,,0,0
2026/6/11 3:15:00,0,,0,0
2026/6/11 3:30:00,0,,0,0
2026/6/11 3:45:00,0,,0,0
2026/6/11 4:00:00,3.97,,0,0
2026/6/11 4:15:00,3.97,,0,0
2026/6/11 4:30:00,3.97,,0,0
2026/6/11 4:45:00,3.97,,0,0
2026/6/11 5:00:00,3.81,,0,0
2026/6/11 5:15:00,0,,0,0
2026/6/11 5:30:00,0,,0,0
2026/6/11 5:45:00,0,,0,0
2026/6/11 6:00:00,0,,0,0
2026/6/11 6:15:00,0,,0,0
2026/6/11 6:30:00,0,,0,0
2026/6/11 6:45:00,0,,0,0
2026/6/11 7:00:00,0,,0,0
2026/6/11 7:15:00,0,,0,0
2026/6/11 7:30:00,0,,0,0
2026/6/11 7:45:00,0,,0,0
2026/6/11 8:00:00,0,,0,0
2026/6/11 8:15:00,0,,0,0
2026/6/11 8:30:00,0,,0,0
2026/6/11 8:45:00,0,,0,0
2026/6/11 9:00:00,0,,0,0
2026/6/11 9:15:00,113.06,,0,0
2026/6/11 9:30:00,113.55,,0,0
2026/6/11 9:45:00,112.89,,0,0
2026/6/11 10:00:00,318.65,,0,0
2026/6/11 10:15:00,414.65,,0,0
2026/6/11 10:30:00,504.37,,0,0
2026/6/11 10:45:00,476.23,,0,0
2026/6/11 11:00:00,454.55,,0,0
2026/6/11 11:15:00,453.06,,0,0
2026/6/11 11:30:00,442.63,,0,0
2026/6/11 11:45:00,450.08,,0,0
2026/6/11 12:00:00,449.42,,0,0
2026/6/11 12:15:00,444.95,,0,0
2026/6/11 12:30:00,457.69,,0,0
2026/6/11 12:45:00,449.91,,0,0
2026/6/11 13:00:00,447.76,,0,0
2026/6/11 13:15:00,449.42,,0,0
2026/6/11 13:30:00,447.76,,0,0
2026/6/11 13:45:00,449.08,,0,0
2026/6/11 14:00:00,453.06,,0,0
2026/6/11 14:15:00,202.94,,0,0
2026/6/11 14:30:00,203.11,,0,0
2026/6/11 14:45:00,202.94,,0,0
2026/6/11 15:00:00,202.78,,0,0
2026/6/11 15:15:00,202.78,,0,0
2026/6/11 15:30:00,202.94,,0,0
2026/6/11 15:45:00,202.61,,0,0
2026/6/11 16:00:00,202.44,,0,0
2026/6/11 16:15:00,202.94,,0,0
2026/6/11 16:30:00,202.61,,0,0
2026/6/11 16:45:00,202.61,,0,0
2026/6/11 17:00:00,202.44,,0,0
2026/6/11 17:15:00,203.11,,0,0
2026/6/11 17:30:00,202.78,,0,0
2026/6/11 17:45:00,203.11,,0,0
2026/6/11 18:00:00,203.44,,0,0
2026/6/11 18:15:00,202.78,,0,0
2026/6/11 18:30:00,203.11,,0,0
2026/6/11 18:45:00,202.94,,0,0
2026/6/11 19:00:00,202.78,,0,0
2026/6/11 19:15:00,202.78,,0,0
2026/6/11 19:30:00,202.78,,0,0
2026/6/11 19:45:00,203.44,,0,0
2026/6/11 20:00:00,204.93,,0,0
2026/6/11 20:15:00,205.09,,0,0
2026/6/11 20:30:00,205.75,,0,0
2026/6/11 20:45:00,205.75,,0,0
2026/6/11 21:00:00,205.42,,0,0
2026/6/11 21:15:00,205.09,,0,0
2026/6/11 21:30:00,124.31,,0,0
2026/6/11 21:45:00,0,,0,0
2026/6/11 22:00:00,3.97,,0,0
2026/6/11 22:15:00,0,,0,0
2026/6/11 22:30:00,0,,0,0
2026/6/11 22:45:00,0,,0,0
2026/6/11 23:00:00,0,,0,0
2026/6/11 23:15:00,0,,0,0
2026/6/11 23:30:00,0,,0,0
2026/6/11 23:45:00,0,,0,0
2026/6/12 0:00:00,0,0,,0
2026/6/12 0:15:00,0,0,,0
2026/6/12 0:30:00,0,0,,0
2026/6/12 0:45:00,0,0,,0
2026/6/12 1:00:00,0,0,,0
2026/6/12 1:15:00,0,0,,0
2026/6/12 1:30:00,0,0,,0
2026/6/12 1:45:00,0,0,,0
2026/6/12 2:00:00,0,0,,0
2026/6/12 2:15:00,0,0,,0
2026/6/12 2:30:00,0,0,,0
2026/6/12 2:45:00,0,0,,0
2026/6/12 3:00:00,0,0,,0
2026/6/12 3:15:00,0,0,,0
2026/6/12 3:30:00,0,0,,0
2026/6/12 3:45:00,0,0,,0
2026/6/12 4:00:00,0,0,,0
2026/6/12 4:15:00,0,0,,0
2026/6/12 4:30:00,0,0,,0
2026/6/12 4:45:00,0,0,,0
2026/6/12 5:00:00,0,0,,0
2026/6/12 5:15:00,0,0,,3.31
2026/6/12 5:30:00,0,0,,0
2026/6/12 5:45:00,0,0,,0
2026/6/12 6:00:00,0,0,,0
2026/6/12 6:15:00,0,0,,0
2026/6/12 6:30:00,0,0,,0
2026/6/12 6:45:00,0,0,,0
2026/6/12 7:00:00,0,0,,0
2026/6/12 7:15:00,0,0,,0
2026/6/12 7:30:00,0,0,,0
2026/6/12 7:45:00,0,0,,0
2026/6/12 8:00:00,0,0,,0
2026/6/12 8:15:00,0,0,,0
2026/6/12 8:30:00,0,0,,0
2026/6/12 8:45:00,0,0,,0
2026/6/12 9:00:00,0,0,,0
2026/6/12 9:15:00,0,850.99,,108.42
2026/6/12 9:30:00,0,596.24,,108.26
2026/6/12 9:45:00,0,845.53,,106.93
2026/6/12 10:00:00,0,823.51,,508.18
2026/6/12 10:15:00,0,841.56,,588.46
2026/6/12 10:30:00,0,839.24,,567.11
2026/6/12 10:45:00,0,810.93,,544.6
2026/6/12 11:00:00,0,738.76,,510.17
2026/6/12 11:15:00,0,702.18,,513.81
2026/6/12 11:30:00,0,698.7,,502.55
2026/6/12 11:45:00,0,701.19,,503.54
2026/6/12 12:00:00,0,705.66,,507.02
2026/6/12 12:15:00,0,698.7,,505.36
2026/6/12 12:30:00,0,696.88,,496.59
2026/6/12 12:45:00,0,685.3,,499.41
2026/6/12 13:00:00,0,678.34,,494.94
2026/6/12 13:15:00,0,682.15,,488.81
2026/6/12 13:30:00,0,691.92,,498.41
2026/6/12 13:45:00,0,683.64,,493.78
2026/6/12 14:00:00,0,681.32,,496.59
2026/6/12 14:15:00,0,663.94,,488.48
2026/6/12 14:30:00,0,634.48,,486.16
2026/6/12 14:45:00,0,632.99,,483.51
2026/6/12 15:00:00,0,616.44,,478.55
2026/6/12 15:15:00,0,613.62,,467.46
2026/6/12 15:30:00,0,624.55,,470.93
2026/6/12 15:45:00,0,607.5,,467.62
2026/6/12 16:00:00,0,601.21,,458.69
2026/6/12 16:15:00,0,587.96,,458.19
2026/6/12 16:30:00,0,589.79,,468.95
2026/6/12 16:45:00,0,601.21,,458.02
2026/6/12 17:00:00,0,595.41,,456.2
2026/6/12 17:15:00,0,588.96,,465.47
2026/6/12 17:30:00,0,595.91,,459.35
2026/6/12 17:45:00,0,597.07,,461.66
2026/6/12 18:00:00,0,597.23,,450.74
2026/6/12 18:15:00,0,600.54,,452.4
2026/6/12 18:30:00,0,610.31,,460.51
2026/6/12 18:45:00,0,604.68,,466.8
2026/6/12 19:00:00,0,631.33,,195.82
2026/6/12 19:15:00,0,696.55,,195.99
2026/6/12 19:30:00,0,700.69,,195.66
2026/6/12 19:45:00,0,707.97,,195.82
2026/6/12 20:00:00,0,708.97,,195.82
2026/6/12 20:15:00,0,715.26,,195.66
2026/6/12 20:30:00,0,712.28,,195.82
2026/6/12 20:45:00,0,691.59,,195.82
2026/6/12 21:00:00,0,668.91,,195.82
2026/6/12 21:15:00,0,658.48,,196.15
2026/6/12 21:30:00,0,0,,115.87
2026/6/12 21:45:00,0,0,,0
2026/6/12 22:00:00,0,0,,0
2026/6/12 22:15:00,0,0,,0
2026/6/12 22:30:00,0,0,,0
2026/6/12 22:45:00,0,0,,0
2026/6/12 23:00:00,0,0,,0
2026/6/12 23:15:00,0,0,,0
2026/6/12 23:30:00,0,0,,0
2026/6/12 23:45:00,0,0,,0
2026/6/13 0:00:00,,,,
2026/6/13 0:15:00,,,,
2026/6/13 0:30:00,,,,
2026/6/13 0:45:00,,,,
2026/6/13 1:00:00,,,,
2026/6/13 1:15:00,,,,
2026/6/13 1:30:00,,,,
2026/6/13 1:45:00,,,,
2026/6/13 2:00:00,,,,
2026/6/13 2:15:00,,,,
2026/6/13 2:30:00,,,,
2026/6/13 2:45:00,,,,
2026/6/13 3:00:00,,,,
2026/6/13 3:15:00,,,,
2026/6/13 3:30:00,,,,
2026/6/13 3:45:00,,,,
2026/6/13 4:00:00,,,,
2026/6/13 4:15:00,,,,
2026/6/13 4:30:00,,,,
2026/6/13 4:45:00,,,,
2026/6/13 5:00:00,,,,
2026/6/13 5:15:00,,,,
2026/6/13 5:30:00,,,,
2026/6/13 5:45:00,,,,
2026/6/13 6:00:00,,,,
2026/6/13 6:15:00,,,,
2026/6/13 6:30:00,,,,
2026/6/13 6:45:00,,,,
2026/6/13 7:00:00,,,,
2026/6/13 7:15:00,,,,
2026/6/13 7:30:00,,,,
2026/6/13 7:45:00,,,,
2026/6/13 8:00:00,,,,
2026/6/13 8:15:00,,,,
2026/6/13 8:30:00,,,,
2026/6/13 8:45:00,,,,
2026/6/13 9:00:00,,,,
2026/6/13 9:15:00,,,,
2026/6/13 9:30:00,,,,
2026/6/13 9:45:00,,,,
2026/6/13 10:00:00,,,,
2026/6/13 10:15:00,,,,
2026/6/13 10:30:00,,,,
2026/6/13 10:45:00,,,,
2026/6/13 11:00:00,,,,
2026/6/13 11:15:00,,,,
2026/6/13 11:30:00,,,,
2026/6/13 11:45:00,,,,
2026/6/13 12:00:00,,,,
2026/6/13 12:15:00,,,,
2026/6/13 12:30:00,,,,
2026/6/13 12:45:00,,,,
2026/6/13 13:00:00,,,,
2026/6/13 13:15:00,,,,
2026/6/13 13:30:00,,,,
2026/6/13 13:45:00,,,,
2026/6/13 14:00:00,,,,
2026/6/13 14:15:00,,,,
2026/6/13 14:30:00,,,,
2026/6/13 14:45:00,,,,
2026/6/13 15:00:00,,,,
2026/6/13 15:15:00,,,,
2026/6/13 15:30:00,,,,
2026/6/13 15:45:00,,,,
2026/6/13 16:00:00,,,,
2026/6/13 16:15:00,,,,
2026/6/13 16:30:00,,,,
2026/6/13 16:45:00,,,,
2026/6/13 17:00:00,,,,
2026/6/13 17:15:00,,,,
2026/6/13 17:30:00,,,,
2026/6/13 17:45:00,,,,
2026/6/13 18:00:00,,,,
2026/6/13 18:15:00,,,,
2026/6/13 18:30:00,,,,
2026/6/13 18:45:00,,,,
2026/6/13 19:00:00,,,,
2026/6/13 19:15:00,,,,
2026/6/13 19:30:00,,,,
2026/6/13 19:45:00,,,,
2026/6/13 20:00:00,,,,
2026/6/13 20:15:00,,,,
2026/6/13 20:30:00,,,,
2026/6/13 20:45:00,,,,
2026/6/13 21:00:00,,,,
2026/6/13 21:15:00,,,,
2026/6/13 21:30:00,,,,
2026/6/13 21:45:00,,,,
2026/6/13 22:00:00,,,,
2026/6/13 22:15:00,,,,
2026/6/13 22:30:00,,,,
2026/6/13 22:45:00,,,,
2026/6/13 23:00:00,,,,
2026/6/13 23:15:00,,,,
2026/6/13 23:30:00,,,,
2026/6/13 23:45:00,,,,
2026/6/14 0:00:00,,,,
2026/6/14 0:15:00,,,,
2026/6/14 0:30:00,,,,
2026/6/14 0:45:00,,,,
2026/6/14 1:00:00,,,,
2026/6/14 1:15:00,,,,
2026/6/14 1:30:00,,,,
2026/6/14 1:45:00,,,,
2026/6/14 2:00:00,,,,
2026/6/14 2:15:00,,,,
2026/6/14 2:30:00,,,,
2026/6/14 2:45:00,,,,
2026/6/14 3:00:00,,,,
2026/6/14 3:15:00,,,,
2026/6/14 3:30:00,,,,
2026/6/14 3:45:00,,,,
2026/6/14 4:00:00,,,,
2026/6/14 4:15:00,,,,
2026/6/14 4:30:00,,,,
2026/6/14 4:45:00,,,,
2026/6/14 5:00:00,,,,
2026/6/14 5:15:00,,,,
2026/6/14 5:30:00,,,,
2026/6/14 5:45:00,,,,
2026/6/14 6:00:00,,,,
2026/6/14 6:15:00,,,,
2026/6/14 6:30:00,,,,
2026/6/14 6:45:00,,,,
2026/6/14 7:00:00,,,,
2026/6/14 7:15:00,,,,
2026/6/14 7:30:00,,,,
2026/6/14 7:45:00,,,,
2026/6/14 8:00:00,,,,
2026/6/14 8:15:00,,,,
2026/6/14 8:30:00,,,,
2026/6/14 8:45:00,,,,
2026/6/14 9:00:00,,,,
2026/6/14 9:15:00,,,,
2026/6/14 9:30:00,,,,
2026/6/14 9:45:00,,,,
2026/6/14 10:00:00,,,,
2026/6/14 10:15:00,,,,
2026/6/14 10:30:00,,,,
2026/6/14 10:45:00,,,,
2026/6/14 11:00:00,,,,
2026/6/14 11:15:00,,,,
2026/6/14 11:30:00,,,,
2026/6/14 11:45:00,,,,
2026/6/14 12:00:00,,,,
2026/6/14 12:15:00,,,,
2026/6/14 12:30:00,,,,
2026/6/14 12:45:00,,,,
2026/6/14 13:00:00,,,,
2026/6/14 13:15:00,,,,
2026/6/14 13:30:00,,,,
2026/6/14 13:45:00,,,,
2026/6/14 14:00:00,,,,
2026/6/14 14:15:00,,,,
2026/6/14 14:30:00,,,,
2026/6/14 14:45:00,,,,
2026/6/14 15:00:00,,,,
2026/6/14 15:15:00,,,,
2026/6/14 15:30:00,,,,
2026/6/14 15:45:00,,,,
2026/6/14 16:00:00,,,,
2026/6/14 16:15:00,,,,
2026/6/14 16:30:00,,,,
2026/6/14 16:45:00,,,,
2026/6/14 17:00:00,,,,
2026/6/14 17:15:00,,,,
2026/6/14 17:30:00,,,,
2026/6/14 17:45:00,,,,
2026/6/14 18:00:00,,,,
2026/6/14 18:15:00,,,,
2026/6/14 18:30:00,,,,
2026/6/14 18:45:00,,,,
2026/6/14 19:00:00,,,,
2026/6/14 19:15:00,,,,
2026/6/14 19:30:00,,,,
2026/6/14 19:45:00,,,,
2026/6/14 20:00:00,,,,
2026/6/14 20:15:00,,,,
2026/6/14 20:30:00,,,,
2026/6/14 20:45:00,,,,
2026/6/14 21:00:00,,,,
2026/6/14 21:15:00,,,,
2026/6/14 21:30:00,,,,
2026/6/14 21:45:00,,,,
2026/6/14 22:00:00,,,,
2026/6/14 22:15:00,,,,
2026/6/14 22:30:00,,,,
2026/6/14 22:45:00,,,,
2026/6/14 23:00:00,,,,
2026/6/14 23:15:00,,,,
2026/6/14 23:30:00,,,,
2026/6/14 23:45:00,,,,
2026/6/15 0:00:00,,,,
2026/6/15 0:15:00,,,,
2026/6/15 0:30:00,,,,
2026/6/15 0:45:00,,,,
2026/6/15 1:00:00,,,,
2026/6/15 1:15:00,,,,
2026/6/15 1:30:00,,,,
2026/6/15 1:45:00,,,,
2026/6/15 2:00:00,,,,
2026/6/15 2:15:00,,,,
2026/6/15 2:30:00,,,,
2026/6/15 2:45:00,,,,
2026/6/15 3:00:00,,,,
2026/6/15 3:15:00,,,,
2026/6/15 3:30:00,,,,
2026/6/15 3:45:00,,,,
2026/6/15 4:00:00,,,,
2026/6/15 4:15:00,,,,
2026/6/15 4:30:00,,,,
2026/6/15 4:45:00,,,,
2026/6/15 5:00:00,,,,
2026/6/15 5:15:00,,,,
2026/6/15 5:30:00,,,,
2026/6/15 5:45:00,,,,
2026/6/15 6:00:00,,,,
2026/6/15 6:15:00,,,,
2026/6/15 6:30:00,,,,
2026/6/15 6:45:00,,,,
2026/6/15 7:00:00,,,,
2026/6/15 7:15:00,,,,
2026/6/15 7:30:00,,,,
2026/6/15 7:45:00,,,,
2026/6/15 8:00:00,,,,
2026/6/15 8:15:00,,,,
2026/6/15 8:30:00,,,,
2026/6/15 8:45:00,,,,
2026/6/15 9:00:00,,,,
2026/6/15 9:15:00,,,,
2026/6/15 9:30:00,0,863.24,,408.03
2026/6/15 9:45:00,0,869.37,,581.67
2026/6/15 10:00:00,0,852.15,,580.52
2026/6/15 10:15:00,0,847.19,,543.27
2026/6/15 10:30:00,0,823.51,,527.05
2026/6/15 10:45:00,0,731.98,,536.65
2026/6/15 11:00:00,0,666.92,,521.26
2026/6/15 11:15:00,0,659.97,,520.1
2026/6/15 11:30:00,0,646.89,,514.3
2026/6/15 11:45:00,0,648.38,,508.68
2026/6/15 12:00:00,0,661.13,,514.14
2026/6/15 12:15:00,0,647.06,,510.33
2026/6/15 12:30:00,0,625.04,,501.06
2026/6/15 12:45:00,0,618.42,,499.41
2026/6/15 13:00:00,0,602.2,,492.62
2026/6/15 13:15:00,0,606.01,,490.96
2026/6/15 13:30:00,0,599.05,,493.78
2026/6/15 13:45:00,0,605.51,,488.48
2026/6/15 14:00:00,0,601.87,,485.5
2026/6/15 14:15:00,0,592.93,,485.17
2026/6/15 14:30:00,0,586.81,,476.23
2026/6/15 14:45:00,0,591.94,,478.38
2026/6/15 15:00:00,0,583,,480.2
2026/6/15 15:15:00,0,581.84,,475.74
2026/6/15 15:30:00,0,571.25,,475.57
2026/6/15 15:45:00,0,574.56,,465.14
2026/6/15 16:00:00,0,563.96,,473.42
2026/6/15 16:15:00,0,569.92,,466.96
2026/6/15 16:30:00,0,568.76,,468.95
2026/6/15 16:45:00,0,572.4,,470.11
2026/6/15 17:00:00,0,576.05,,475.74
2026/6/15 17:15:00,0,577.87,,473.25
2026/6/15 17:30:00,0,567.77,,473.25
2026/6/15 17:45:00,0,572.4,,475.4
2026/6/15 18:00:00,0,575.55,,475.07
2026/6/15 18:15:00,0,576.71,,473.25
2026/6/15 18:30:00,0,583,,476.56
2026/6/15 18:45:00,0,576.21,,475.4
2026/6/15 19:00:00,0,582.83,,482.52
2026/6/15 19:15:00,0,577.7,,474.25
2026/6/15 19:30:00,0,580.35,,476.89
2026/6/15 19:45:00,0,571.58,,475.74
2026/6/15 20:00:00,0,574.89,,470.93
2026/6/15 20:15:00,0,578.86,,480.04
2026/6/15 20:30:00,0,583.16,,486.16
2026/6/15 20:45:00,0,586.31,,483.85
2026/6/15 21:00:00,0,578.7,,473.58
2026/6/15 21:15:00,0,594.75,,125.97
2026/6/15 21:30:00,0,0,,126.3
2026/6/15 21:45:00,0,0,,0
2026/6/15 22:00:00,0,0,,0
2026/6/15 22:15:00,0,0,,3.97
2026/6/15 22:30:00,0,0,,3.97
2026/6/15 22:45:00,0,0,,3.97
2026/6/15 23:00:00,0,0,,3.81
2026/6/15 23:15:00,0,0,,3.97
2026/6/15 23:30:00,0,0,,3.81
2026/6/15 23:45:00,0,0,,3.97
2026/6/16 0:00:00,3.97,,0,0
2026/6/16 0:15:00,3.97,,0,0
2026/6/16 0:30:00,3.97,,0,0
2026/6/16 0:45:00,3.81,,0,0
2026/6/16 1:00:00,4.14,,0,0
2026/6/16 1:15:00,3.97,,0,0
2026/6/16 1:30:00,4.14,,0,0
2026/6/16 1:45:00,3.97,,0,0
2026/6/16 2:00:00,4.14,,0,0
2026/6/16 2:15:00,3.97,,0,0
2026/6/16 2:30:00,4.14,,0,0
2026/6/16 2:45:00,3.81,,0,0
2026/6/16 3:00:00,3.97,,0,0
2026/6/16 3:15:00,3.97,,0,0
2026/6/16 3:30:00,4.14,,0,0
2026/6/16 3:45:00,4.14,,0,0
2026/6/16 4:00:00,3.64,,0,0
2026/6/16 4:15:00,0,,0,0
2026/6/16 4:30:00,0,,0,0
2026/6/16 4:45:00,0,,0,0
2026/6/16 5:00:00,0,,0,0
2026/6/16 5:15:00,0,,0,0
2026/6/16 5:30:00,3.81,,0,0
2026/6/16 5:45:00,0,,0,0
2026/6/16 6:00:00,0,,0,0
2026/6/16 6:15:00,0,,0,0
2026/6/16 6:30:00,0,,0,0
2026/6/16 6:45:00,0,,0,0
2026/6/16 7:00:00,0,,0,0
2026/6/16 7:15:00,0,,0,0
2026/6/16 7:30:00,0,,0,0
2026/6/16 7:45:00,0,,0,0
2026/6/16 8:00:00,0,,0,0
2026/6/16 8:15:00,0,,0,0
2026/6/16 8:30:00,0,,0,0
2026/6/16 8:45:00,0,,0,0
2026/6/16 9:00:00,107.1,,0,0
2026/6/16 9:15:00,106.77,,0,845.86
2026/6/16 9:30:00,106.93,,0,840.56
2026/6/16 9:45:00,152.29,,0,833.12
2026/6/16 10:00:00,496.76,,0,749.03
2026/6/16 10:15:00,566.61,,0,833.12
2026/6/16 10:30:00,550.72,,0,830.96
2026/6/16 10:45:00,525.89,,0,823.68
2026/6/16 11:00:00,514.63,,0,827.82
2026/6/16 11:15:00,509.17,,0,827.49
2026/6/16 11:30:00,501.06,,0,828.81
2026/6/16 11:45:00,479.54,,0,824.18
2026/6/16 12:00:00,479.87,,0,816.73
2026/6/16 12:15:00,478.71,,0,795.54
2026/6/16 12:30:00,469.61,,0,789.08
2026/6/16 12:45:00,481.2,,0,793.88
2026/6/16 13:00:00,485.17,,0,805.47
2026/6/16 13:15:00,481.86,,0,814.91
2026/6/16 13:30:00,482.03,,0,823.02
2026/6/16 13:45:00,486.16,,0,818.55
2026/6/16 14:00:00,480.54,,0,818.71
2026/6/16 14:15:00,483.02,,0,819.21
2026/6/16 14:30:00,485.17,,0,812.59
2026/6/16 14:45:00,472.09,,0,800.34
2026/6/16 15:00:00,470.27,,0,776.01
2026/6/16 15:15:00,463.82,,0,745.22
2026/6/16 15:30:00,465.14,,0,749.36
2026/6/16 15:45:00,462,,0,746.54
2026/6/16 16:00:00,469.28,,0,750.52
2026/6/16 16:15:00,469.94,,0,751.84
2026/6/16 16:30:00,466.3,,0,745.55
2026/6/16 16:45:00,465.14,,0,740.75
2026/6/16 17:00:00,465.8,,0,743.23
2026/6/16 17:15:00,467.79,,0,754.49
2026/6/16 17:30:00,469.11,,0,752.67
2026/6/16 17:45:00,476.4,,0,757.3
2026/6/16 18:00:00,467.96,,0,752.5
2026/6/16 18:15:00,462.33,,0,751.51
2026/6/16 18:30:00,463.15,,0,749.85
2026/6/16 18:45:00,475.74,,0,753.5
2026/6/16 19:00:00,471.1,,0,766.41
2026/6/16 19:15:00,468.62,,0,775.18
2026/6/16 19:30:00,472.92,,0,773.36
2026/6/16 19:45:00,474.58,,0,772.86
2026/6/16 20:00:00,468.45,,0,768.72
2026/6/16 20:15:00,468.78,,0,760.78
2026/6/16 20:30:00,477.56,,0,753.83
2026/6/16 20:45:00,464.64,,0,740.58
2026/6/16 21:00:00,455.21,,0,714.76
2026/6/16 21:15:00,453.88,,0,707.31
2026/6/16 21:30:00,445.61,,0,678.68
2026/6/16 21:45:00,233.07,,0,534.83
2026/6/16 22:00:00,198.64,,0,0
2026/6/16 22:15:00,3.97,,0,0
2026/6/16 22:30:00,0,,0,0
2026/6/16 22:45:00,0,,0,0
2026/6/16 23:00:00,3.97,,0,0
2026/6/16 23:15:00,3.81,,0,0
2026/6/16 23:30:00,3.81,,0,0
2026/6/16 23:45:00,0,,0,0
2026/6/17 0:00:00,0,0,,3.81
2026/6/17 0:15:00,0,0,,3.81
2026/6/17 0:30:00,0,0,,3.81
2026/6/17 0:45:00,0,0,,3.81
2026/6/17 1:00:00,0,0,,3.97
2026/6/17 1:15:00,0,0,,3.81
2026/6/17 1:30:00,0,0,,3.97
2026/6/17 1:45:00,0,0,,4.14
2026/6/17 2:00:00,0,0,,3.97
2026/6/17 2:15:00,0,0,,3.97
2026/6/17 2:30:00,0,0,,3.97
2026/6/17 2:45:00,0,0,,3.97
2026/6/17 3:00:00,0,0,,4.14
2026/6/17 3:15:00,0,0,,3.97
2026/6/17 3:30:00,0,0,,3.97
2026/6/17 3:45:00,0,0,,3.97
2026/6/17 4:00:00,0,0,,4.14
2026/6/17 4:15:00,0,0,,3.97
2026/6/17 4:30:00,0,0,,4.14
2026/6/17 4:45:00,0,0,,3.97
2026/6/17 5:00:00,0,0,,3.97
2026/6/17 5:15:00,0,0,,3.97
2026/6/17 5:30:00,0,0,,4.14
2026/6/17 5:45:00,0,0,,0
2026/6/17 6:00:00,0,0,,0
2026/6/17 6:15:00,0,0,,0
2026/6/17 6:30:00,0,0,,0
2026/6/17 6:45:00,0,0,,0
2026/6/17 7:00:00,0,0,,0
2026/6/17 7:15:00,0,0,,0
2026/6/17 7:30:00,0,0,,0
2026/6/17 7:45:00,0,0,,0
2026/6/17 8:00:00,0,0,,0
2026/6/17 8:15:00,0,0,,0
2026/6/17 8:30:00,0,0,,0
2026/6/17 8:45:00,0,0,,0
2026/6/17 9:00:00,0,0,,0
2026/6/17 9:15:00,835.6,0,,86.9
2026/6/17 9:30:00,859.6,0,,87.07
2026/6/17 9:45:00,789.08,0,,87.07
2026/6/17 10:00:00,775.84,0,,87.07
2026/6/17 10:15:00,701.19,0,,86.74
2026/6/17 10:30:00,685.79,0,,427.23
2026/6/17 10:45:00,853.31,0,,554.69
2026/6/17 11:00:00,844.37,0,,544.93
2026/6/17 11:15:00,844.7,0,,528.87
2026/6/17 11:30:00,839.9,0,,510.5
2026/6/17 11:45:00,835.6,0,,506.19
2026/6/17 12:00:00,834.94,0,,503.05
2026/6/17 12:15:00,835.43,0,,508.18
2026/6/17 12:30:00,837.25,0,,507.19
2026/6/17 12:45:00,835.43,0,,499.41
2026/6/17 13:00:00,834.61,0,,500.07
2026/6/17 13:15:00,835.1,0,,511.32
2026/6/17 13:30:00,832.29,0,,495.76
2026/6/17 13:45:00,834.11,0,,493.28
2026/6/17 14:00:00,829.81,0,,491.46
2026/6/17 14:15:00,822.69,0,,487.98
2026/6/17 14:30:00,804.98,0,,478.38
2026/6/17 14:45:00,793.22,0,,480.7
2026/6/17 15:00:00,777.99,0,,478.05
2026/6/17 15:15:00,761.28,0,,468.62
2026/6/17 15:30:00,752.34,0,,467.79
2026/6/17 15:45:00,748.53,0,,472.92
2026/6/17 16:00:00,748.86,0,,473.09
2026/6/17 16:15:00,747.54,0,,481.03
2026/6/17 16:30:00,749.36,0,,471.43
2026/6/17 16:45:00,748.86,0,,483.18
2026/6/17 17:00:00,751.84,0,,492.62
2026/6/17 17:15:00,757.96,0,,491.13
2026/6/17 17:30:00,770.88,0,,505.53
2026/6/17 17:45:00,763.92,0,,488.65
2026/6/17 18:00:00,765.74,0,,491.13
2026/6/17 18:15:00,765.91,0,,491.29
2026/6/17 18:30:00,767.23,0,,487.98
2026/6/17 18:45:00,765.74,0,,487.32
2026/6/17 19:00:00,766.9,0,,483.51
2026/6/17 19:15:00,764.42,0,,488.98
2026/6/17 19:30:00,765.91,0,,504.7
2026/6/17 19:45:00,765.25,0,,497.09
2026/6/17 20:00:00,767.23,0,,491.96
2026/6/17 20:15:00,765.41,0,,500.56
2026/6/17 20:30:00,769.22,0,,499.24
2026/6/17 20:45:00,787.76,0,,165.53
2026/6/17 21:00:00,847.68,0,,165.37
2026/6/17 21:15:00,846.85,0,,165.37
2026/6/17 21:30:00,0,0,,105.11
2026/6/17 21:45:00,0,0,,3.97
2026/6/17 22:00:00,0,0,,3.97
2026/6/17 22:15:00,0,0,,3.97
2026/6/17 22:30:00,0,0,,4.14
2026/6/17 22:45:00,0,0,,3.97
2026/6/17 23:00:00,0,0,,4.14
2026/6/17 23:15:00,0,0,,4.14
2026/6/17 23:30:00,0,0,,4.14
2026/6/17 23:45:00,0,0,,4.14
2026/6/18 0:00:00,0,0,,3.97
2026/6/18 0:15:00,0,0,,3.97
2026/6/18 0:30:00,0,0,,3.97
2026/6/18 0:45:00,0,0,,4.14
2026/6/18 1:00:00,0,0,,3.97
2026/6/18 1:15:00,0,0,,3.81
2026/6/18 1:30:00,0,0,,3.97
2026/6/18 1:45:00,0,0,,4.14
2026/6/18 2:00:00,0,0,,3.97
2026/6/18 2:15:00,0,0,,4.14
2026/6/18 2:30:00,0,0,,3.97
2026/6/18 2:45:00,0,0,,3.97
2026/6/18 3:00:00,0,0,,3.81
2026/6/18 3:15:00,0,0,,4.14
2026/6/18 3:30:00,0,0,,3.97
2026/6/18 3:45:00,0,0,,3.97
2026/6/18 4:00:00,0,0,,4.14
2026/6/18 4:15:00,0,0,,3.97
2026/6/18 4:30:00,0,0,,3.97
2026/6/18 4:45:00,0,0,,3.97
2026/6/18 5:00:00,0,0,,4.3
2026/6/18 5:15:00,0,0,,4.14
2026/6/18 5:30:00,0,0,,3.97
2026/6/18 5:45:00,0,0,,3.97
2026/6/18 6:00:00,0,0,,3.81
2026/6/18 6:15:00,0,0,,3.97
2026/6/18 6:30:00,0,0,,3.97
2026/6/18 6:45:00,0,0,,3.97
2026/6/18 7:00:00,0,0,,3.81
2026/6/18 7:15:00,0,0,,3.81
2026/6/18 7:30:00,0,0,,3.81
2026/6/18 7:45:00,0,0,,3.81
2026/6/18 8:00:00,0,0,,0
2026/6/18 8:15:00,0,0,,0
2026/6/18 8:30:00,0,0,,0
2026/6/18 8:45:00,0,0,,0
2026/6/18 9:00:00,0,0,,0
2026/6/18 9:15:00,852.15,0,,124.31
2026/6/18 9:30:00,857.12,0,,123.98
2026/6/18 9:45:00,861.92,0,,123.82
2026/6/18 10:00:00,854.63,0,,123.98
2026/6/18 10:15:00,856.46,0,,391.48
2026/6/18 10:30:00,864.07,0,,546.25
2026/6/18 10:45:00,858.11,0,,539.3
2026/6/18 11:00:00,844.54,0,,520.26
2026/6/18 11:15:00,786.1,0,,503.21
2026/6/18 11:30:00,855.79,0,,562.8
2026/6/18 11:45:00,857.78,0,,546.58
2026/6/18 12:00:00,864.57,0,,551.05
2026/6/18 12:15:00,862.41,0,,549.89
2026/6/18 12:30:00,863.9,0,,558.33
2026/6/18 12:45:00,863.57,0,,544.1
2026/6/18 13:00:00,862.91,0,,557.67
2026/6/18 13:15:00,864.57,0,,543.93
2026/6/18 13:30:00,862.75,0,,546.42
2026/6/18 13:45:00,866.72,0,,549.23
2026/6/18 14:00:00,863.9,0,,539.79
2026/6/18 14:15:00,863.74,0,,549.23
2026/6/18 14:30:00,859.1,0,,538.97
2026/6/18 14:45:00,860.59,0,,550.89
2026/6/18 15:00:00,859.6,0,,539.46
2026/6/18 15:15:00,857.12,0,,528.54
2026/6/18 15:30:00,855.46,0,,544.6
2026/6/18 15:45:00,853.97,0,,534.5
2026/6/18 16:00:00,857.78,0,,536.82
2026/6/18 16:15:00,855.79,0,,525.06
2026/6/18 16:30:00,858.28,0,,537.31
2026/6/18 16:45:00,856.46,0,,529.04
2026/6/18 17:00:00,862.41,0,,541.29
2026/6/18 17:15:00,858.28,0,,540.62
2026/6/18 17:30:00,858.77,0,,551.22
2026/6/18 17:45:00,862.41,0,,550.39
2026/6/18 18:00:00,864.07,0,,554.69
2026/6/18 18:15:00,861.92,0,,548.9
2026/6/18 18:30:00,867.38,0,,552.38
2026/6/18 18:45:00,868.21,0,,558.33
2026/6/18 19:00:00,868.54,0,,557.84
2026/6/18 19:15:00,866.72,0,,566.94
2026/6/18 19:30:00,868.54,0,,564.13
2026/6/18 19:45:00,871.68,0,,569.09
2026/6/18 20:00:00,874.17,0,,572.4
2026/6/18 20:15:00,874.33,0,,579.19
2026/6/18 20:30:00,872.68,0,,579.19
2026/6/18 20:45:00,867.05,0,,581.67
2026/6/18 21:00:00,866.39,0,,574.06
2026/6/18 21:15:00,866.39,0,,562.14
2026/6/18 21:30:00,0,0,,105.61
2026/6/18 21:45:00,0,0,,3.97
2026/6/18 22:00:00,0,0,,0
2026/6/18 22:15:00,0,0,,0
2026/6/18 22:30:00,0,0,,3.97
2026/6/18 22:45:00,0,0,,0
2026/6/18 23:00:00,0,0,,3.81
2026/6/18 23:15:00,0,0,,3.97
2026/6/18 23:30:00,0,0,,3.97
2026/6/18 23:45:00,0,0,,3.81
2026/6/19 0:00:00,3.97,0,0,
2026/6/19 0:15:00,3.97,0,0,
2026/6/19 0:30:00,3.97,0,0,
2026/6/19 0:45:00,3.97,0,0,
2026/6/19 1:00:00,3.97,0,0,
2026/6/19 1:15:00,3.97,0,0,
2026/6/19 1:30:00,3.97,0,0,
2026/6/19 1:45:00,3.97,0,0,
2026/6/19 2:00:00,3.97,0,0,
2026/6/19 2:15:00,4.14,0,0,
2026/6/19 2:30:00,3.97,0,0,
2026/6/19 2:45:00,3.81,0,0,
2026/6/19 3:00:00,3.97,0,0,
2026/6/19 3:15:00,3.64,0,0,
2026/6/19 3:30:00,3.81,0,0,
2026/6/19 3:45:00,0,0,0,
2026/6/19 4:00:00,0,0,0,
2026/6/19 4:15:00,3.81,0,0,
2026/6/19 4:30:00,3.97,0,0,
2026/6/19 4:45:00,3.81,0,0,
2026/6/19 5:00:00,0,0,0,
2026/6/19 5:15:00,0,0,0,
2026/6/19 5:30:00,0,0,0,
2026/6/19 5:45:00,0,0,0,
2026/6/19 6:00:00,0,0,0,
2026/6/19 6:15:00,3.81,0,0,
2026/6/19 6:30:00,0,0,0,
2026/6/19 6:45:00,0,0,0,
2026/6/19 7:00:00,0,0,0,
2026/6/19 7:15:00,0,0,0,
2026/6/19 7:30:00,0,0,0,
2026/6/19 7:45:00,0,0,0,
2026/6/19 8:00:00,0,0,0,
2026/6/19 8:15:00,0,0,0,
2026/6/19 8:30:00,0,0,0,
2026/6/19 8:45:00,0,0,0,
2026/6/19 9:00:00,0,0,0,
2026/6/19 9:15:00,0,0,0,
2026/6/19 9:30:00,87.23,868.54,0,
2026/6/19 9:45:00,87.23,857.78,0,
2026/6/19 10:00:00,87.07,851.99,0,
2026/6/19 10:15:00,547.24,852.48,0,
2026/6/19 10:30:00,200.95,853.64,430.38,
2026/6/19 10:45:00,200.79,852.65,836.92,
2026/6/19 11:00:00,200.46,639.28,643.75,
2026/6/19 11:15:00,200.62,575.05,575.22,
2026/6/19 11:30:00,200.29,571.08,581.51,
2026/6/19 11:45:00,200.95,573.56,572.24,
2026/6/19 12:00:00,200.62,574.39,571.25,
2026/6/19 12:15:00,200.13,606.5,629.18,
2026/6/19 12:30:00,200.46,602.37,603.69,
2026/6/19 12:45:00,200.46,594.42,586.97,
2026/6/19 13:00:00,200.29,593.43,586.97,
2026/6/19 13:15:00,200.29,588.96,578.86,
2026/6/19 13:30:00,200.29,588.63,570.75,
2026/6/19 13:45:00,200.29,582.83,582.67,
2026/6/19 14:00:00,199.96,582.5,579.36,
2026/6/19 14:15:00,199.96,581.34,578.36,
2026/6/19 14:30:00,199.96,584.49,583.5,
2026/6/19 14:45:00,200.46,583.5,583.5,
2026/6/19 15:00:00,200.13,582.67,580.35,
2026/6/19 15:15:00,200.29,581.84,577.87,
2026/6/19 15:30:00,200.46,583.16,578.7,
2026/6/19 15:45:00,199.96,582.01,571.41,
2026/6/19 16:00:00,199.96,581.51,576.71,
2026/6/19 16:15:00,200.13,580.35,564.29,
2026/6/19 16:30:00,200.46,577.87,567.27,
2026/6/19 16:45:00,200.13,579.19,568.6,
2026/6/19 17:00:00,200.46,580.18,577.37,
2026/6/19 17:15:00,200.13,580.85,591.94,
2026/6/19 17:30:00,200.13,580.68,587.8,
2026/6/19 17:45:00,199.96,583.33,594.59,
2026/6/19 18:00:00,225.29,623.88,650.7,
2026/6/19 18:15:00,224.96,623.06,637.96,
2026/6/19 18:30:00,225.12,621.9,634.64,
2026/6/19 18:45:00,225.45,621.73,634.31,
2026/6/19 19:00:00,225.62,619.58,625.21,
2026/6/19 19:15:00,225.29,618.59,617.43,
2026/6/19 19:30:00,225.95,617.76,616.77,
2026/6/19 19:45:00,225.12,618.26,607.5,
2026/6/19 20:00:00,225.45,617.59,626.53,
2026/6/19 20:15:00,225.45,616.27,599.39,
2026/6/19 20:30:00,225.29,607.17,601.37,
2026/6/19 20:45:00,127.62,437.33,0,
2026/6/19 21:00:00,127.62,491.63,0,
2026/6/19 21:15:00,127.62,554.2,0,
2026/6/19 21:30:00,218.5,722.71,0,
2026/6/19 21:45:00,218.33,829.14,0,
2026/6/19 22:00:00,218.17,718.73,0,
2026/6/19 22:15:00,0,0,0,
2026/6/19 22:30:00,0,0,0,
2026/6/19 22:45:00,0,0,0,
2026/6/19 23:00:00,0,0,0,
2026/6/19 23:15:00,0,0,0,
2026/6/19 23:30:00,0,0,0,
2026/6/19 23:45:00,0,0,0,
2026/6/20 0:00:00,,0,0,0
2026/6/20 0:15:00,,0,0,0
2026/6/20 0:30:00,,0,0,0
2026/6/20 0:45:00,,0,0,0
2026/6/20 1:00:00,,3.97,0,0
2026/6/20 1:15:00,,0,0,0
2026/6/20 1:30:00,,3.97,0,0
2026/6/20 1:45:00,,3.97,0,0
2026/6/20 2:00:00,,3.81,0,0
2026/6/20 2:15:00,,3.81,0,0
2026/6/20 2:30:00,,4.14,0,0
2026/6/20 2:45:00,,3.97,0,0
2026/6/20 3:00:00,,3.97,0,0
2026/6/20 3:15:00,,3.81,0,0
2026/6/20 3:30:00,,4.14,0,0
2026/6/20 3:45:00,,4.14,0,0
2026/6/20 4:00:00,,3.97,0,0
2026/6/20 4:15:00,,3.97,0,0
2026/6/20 4:30:00,,3.97,0,0
2026/6/20 4:45:00,,3.97,0,0
2026/6/20 5:00:00,,3.97,0,0
2026/6/20 5:15:00,,3.81,0,0
2026/6/20 5:30:00,,3.97,0,0
2026/6/20 5:45:00,,3.97,0,0
2026/6/20 6:00:00,,3.81,0,0
2026/6/20 6:15:00,,3.97,0,0
2026/6/20 6:30:00,,3.97,0,0
2026/6/20 6:45:00,,3.97,0,0
2026/6/20 7:00:00,,3.97,0,0
2026/6/20 7:15:00,,3.81,0,0
2026/6/20 7:30:00,,3.97,0,0
2026/6/20 7:45:00,,3.97,0,0
2026/6/20 8:00:00,,3.81,0,0
2026/6/20 8:15:00,,0,0,0
2026/6/20 8:30:00,,0,0,0
2026/6/20 8:45:00,,0,0,0
2026/6/20 9:00:00,,0,0,0
2026/6/20 9:15:00,,0,0,0
2026/6/20 9:30:00,,113.06,690.76,0
2026/6/20 9:45:00,,113.06,865.23,0
2026/6/20 10:00:00,,207.08,863.08,727.18
2026/6/20 10:15:00,,206.75,849.83,834.77
2026/6/20 10:30:00,,207.08,682.48,705.49
2026/6/20 10:45:00,,206.91,574.23,564.13
2026/6/20 11:00:00,,207.24,560.65,553.53
2026/6/20 11:15:00,,206.58,547.24,553.2
2026/6/20 11:30:00,,207.24,546.42,551.38
2026/6/20 11:45:00,,206.75,547.08,537.48
2026/6/20 12:00:00,,207.08,546.75,548.24
2026/6/20 12:15:00,,207.24,548.4,550.06
2026/6/20 12:30:00,,206.75,550.22,549.56
2026/6/20 12:45:00,,206.58,550.39,546.58
2026/6/20 13:00:00,,206.75,551.71,559.49
2026/6/20 13:15:00,,207.08,550.72,567.6
2026/6/20 13:30:00,,206.91,552.71,573.56
2026/6/20 13:45:00,,207.08,551.55,573.73
2026/6/20 14:00:00,,207.24,552.38,569.42
2026/6/20 14:15:00,,207.24,550.39,564.79
2026/6/20 14:30:00,,207.41,549.56,566.78
2026/6/20 14:45:00,,207.08,551.88,561.31
2026/6/20 15:00:00,,207.24,552.38,563.8
2026/6/20 15:15:00,,207.08,550.06,551.38
2026/6/20 15:30:00,,207.08,550.89,552.71
2026/6/20 15:45:00,,206.91,548.4,559
2026/6/20 16:00:00,,207.08,549.89,560.82
2026/6/20 16:15:00,,206.91,548.9,556.02
2026/6/20 16:30:00,,207.41,550.55,555.85
2026/6/20 16:45:00,,206.75,548.4,559.66
2026/6/20 17:00:00,,206.91,548.4,554.53
2026/6/20 17:15:00,,207.08,551.05,550.39
2026/6/20 17:30:00,,206.75,551.55,557.01
2026/6/20 17:45:00,,207.08,551.71,560.82
2026/6/20 18:00:00,,206.91,553.2,568.93
2026/6/20 18:15:00,,206.58,552.71,572.24
2026/6/20 18:30:00,,206.91,554.86,574.23
2026/6/20 18:45:00,,206.91,559.66,584.16
2026/6/20 19:00:00,,207.08,562.14,580.02
2026/6/20 19:15:00,,207.41,561.15,586.14
2026/6/20 19:30:00,,207.24,522.08,535.66
2026/6/20 19:45:00,,207.08,532.35,549.4
2026/6/20 20:00:00,,207.24,550.06,570.75
2026/6/20 20:15:00,,207.08,552.87,574.89
2026/6/20 20:30:00,,207.24,550.06,567.11
2026/6/20 20:45:00,,207.74,547.74,555.36
2026/6/20 21:00:00,,105.28,0,589.95
2026/6/20 21:15:00,,105.11,0,815.07
2026/6/20 21:30:00,,105.44,0,0
2026/6/20 21:45:00,,105.11,0,0
2026/6/20 22:00:00,,0,0,0
2026/6/20 22:15:00,,3.97,0,0
2026/6/20 22:30:00,,3.81,0,0
2026/6/20 22:45:00,,3.64,0,0
2026/6/20 23:00:00,,0,0,0
2026/6/20 23:15:00,,0,0,0
2026/6/20 23:30:00,,0,0,0
2026/6/20 23:45:00,,0,0,0
2026/6/21 0:00:00,0,0,,0
2026/6/21 0:15:00,0,0,,0
2026/6/21 0:30:00,0,0,,0
2026/6/21 0:45:00,0,0,,0
2026/6/21 1:00:00,0,0,,0
2026/6/21 1:15:00,0,0,,0
2026/6/21 1:30:00,0,0,,0
2026/6/21 1:45:00,0,0,,0
2026/6/21 2:00:00,0,0,,0
2026/6/21 2:15:00,0,0,,0
2026/6/21 2:30:00,0,0,,0
2026/6/21 2:45:00,0,0,,0
2026/6/21 3:00:00,0,0,,3.81
2026/6/21 3:15:00,0,0,,3.81
2026/6/21 3:30:00,0,0,,3.97
2026/6/21 3:45:00,0,0,,3.81
2026/6/21 4:00:00,0,0,,3.97
2026/6/21 4:15:00,0,0,,3.97
2026/6/21 4:30:00,0,0,,3.81
2026/6/21 4:45:00,0,0,,3.81
2026/6/21 5:00:00,0,0,,3.81
2026/6/21 5:15:00,0,0,,3.81
2026/6/21 5:30:00,0,0,,3.81
2026/6/21 5:45:00,0,0,,0
2026/6/21 6:00:00,0,0,,0
2026/6/21 6:15:00,0,0,,0
2026/6/21 6:30:00,0,0,,3.97
2026/6/21 6:45:00,0,0,,3.64
2026/6/21 7:00:00,0,0,,0
2026/6/21 7:15:00,0,0,,0
2026/6/21 7:30:00,0,0,,0
2026/6/21 7:45:00,0,0,,0
2026/6/21 8:00:00,0,0,,0
2026/6/21 8:15:00,0,0,,0
2026/6/21 8:30:00,0,0,,0
2026/6/21 8:45:00,0,0,,0
2026/6/21 9:00:00,0,0,,0
2026/6/21 9:15:00,847.35,0,,123.82
2026/6/21 9:30:00,860.26,0,,123.82
2026/6/21 9:45:00,862.08,0,,123.65
2026/6/21 10:00:00,859.93,0,,320.3
2026/6/21 10:15:00,863.41,0,,535.16
2026/6/21 10:30:00,858.94,0,,538.64
2026/6/21 10:45:00,862.75,0,,539.13
2026/6/21 11:00:00,856.62,0,,538.8
2026/6/21 11:15:00,853.64,0,,540.95
2026/6/21 11:30:00,848.84,0,,531.35
2026/6/21 11:45:00,850.17,0,,524.57
2026/6/21 12:00:00,828.65,0,,514.3
2026/6/21 12:15:00,800.84,0,,513.97
2026/6/21 12:30:00,786.44,0,,505.2
2026/6/21 12:45:00,785.94,0,,503.54
2026/6/21 13:00:00,787.43,0,,513.14
2026/6/21 13:15:00,787.76,0,,508.18
2026/6/21 13:30:00,788.92,0,,512.65
2026/6/21 13:45:00,790.41,0,,516.12
2026/6/21 14:00:00,792.4,0,,516.29
2026/6/21 14:15:00,790.08,0,,507.52
2026/6/21 14:30:00,791.57,0,,511.16
2026/6/21 14:45:00,786.93,0,,516.46
2026/6/21 15:00:00,786.93,0,,506.36
2026/6/21 15:15:00,787.93,0,,513.14
2026/6/21 15:30:00,788.26,0,,505.86
2026/6/21 15:45:00,785.94,0,,505.86
2026/6/21 16:00:00,790.91,0,,514.8
2026/6/21 16:15:00,788.59,0,,506.03
2026/6/21 16:30:00,789.08,0,,514.47
2026/6/21 16:45:00,866.55,0,,566.45
2026/6/21 17:00:00,872.51,0,,565.12
2026/6/21 17:15:00,872.68,0,,572.57
2026/6/21 17:30:00,874.17,0,,586.14
2026/6/21 17:45:00,879.46,0,,597.07
2026/6/21 18:00:00,882.61,0,,603.52
2026/6/21 18:15:00,878.97,0,,596.57
2026/6/21 18:30:00,882.28,0,,607.17
2026/6/21 18:45:00,884.43,0,,597.07
2026/6/21 19:00:00,886.09,0,,599.72
2026/6/21 19:15:00,887.41,0,,606.01
2026/6/21 19:30:00,887.58,0,,612.13
2026/6/21 19:45:00,886.25,0,,606.67
2026/6/21 20:00:00,883.93,0,,609.81
2026/6/21 20:15:00,887.08,0,,607.17
2026/6/21 20:30:00,884.1,0,,601.87
2026/6/21 20:45:00,880.46,0,,603.86
2026/6/21 21:00:00,880.46,0,,586.81
2026/6/21 21:15:00,876.98,0,,198.14
2026/6/21 21:30:00,860.43,0,,197.81
2026/6/21 21:45:00,0,0,,105.11
2026/6/21 22:00:00,0,0,,105.11
2026/6/21 22:15:00,0,0,,0
2026/6/21 22:30:00,0,0,,0
2026/6/21 22:45:00,0,0,,0
2026/6/21 23:00:00,0,0,,0
2026/6/21 23:15:00,0,0,,0
2026/6/21 23:30:00,0,0,,0
2026/6/21 23:45:00,0,0,,0
2026/6/22 0:00:00,,0,0,0
2026/6/22 0:15:00,,0,0,0
2026/6/22 0:30:00,,0,0,0
2026/6/22 0:45:00,,0,0,0
2026/6/22 1:00:00,,0,0,0
2026/6/22 1:15:00,,0,0,0
2026/6/22 1:30:00,,0,0,0
2026/6/22 1:45:00,,3.97,0,0
2026/6/22 2:00:00,,3.81,0,0
2026/6/22 2:15:00,,3.81,0,0
2026/6/22 2:30:00,,3.81,0,0
2026/6/22 2:45:00,,3.81,0,0
2026/6/22 3:00:00,,3.81,0,0
2026/6/22 3:15:00,,3.81,0,0
2026/6/22 3:30:00,,3.97,0,0
2026/6/22 3:45:00,,3.97,0,0
2026/6/22 4:00:00,,3.81,0,0
2026/6/22 4:15:00,,3.97,0,0
2026/6/22 4:30:00,,3.97,0,0
2026/6/22 4:45:00,,3.81,0,0
2026/6/22 5:00:00,,3.97,0,0
2026/6/22 5:15:00,,3.97,0,0
2026/6/22 5:30:00,,3.81,0,0
2026/6/22 5:45:00,,0,0,0
2026/6/22 6:00:00,,0,0,0
2026/6/22 6:15:00,,3.97,0,0
2026/6/22 6:30:00,,3.97,0,0
2026/6/22 6:45:00,,0,0,0
2026/6/22 7:00:00,,0,0,0
2026/6/22 7:15:00,,0,0,0
2026/6/22 7:30:00,,0,0,0
2026/6/22 7:45:00,,0,0,0
2026/6/22 8:00:00,,0,0,0
2026/6/22 8:15:00,,0,0,0
2026/6/22 8:30:00,,0,0,0
2026/6/22 8:45:00,,0,0,0
2026/6/22 9:00:00,,0,0,0
2026/6/22 9:15:00,,113.39,636.13,0
2026/6/22 9:30:00,,112.89,857.61,0
2026/6/22 9:45:00,,112.73,856.12,0
2026/6/22 10:00:00,,527.05,853.97,0
2026/6/22 10:15:00,,524.57,853.48,0
2026/6/22 10:30:00,,523.74,857.78,0
2026/6/22 10:45:00,,525.06,849.5,0
2026/6/22 11:00:00,,503.71,775.01,0
2026/6/22 11:15:00,,556.18,856.95,0
2026/6/22 11:30:00,,543.27,857.78,0
2026/6/22 11:45:00,,531.02,857.95,0
2026/6/22 12:00:00,,540.62,855.46,0
2026/6/22 12:15:00,,527.38,854.97,0
2026/6/22 12:30:00,,528.87,857.95,0
2026/6/22 12:45:00,,541.62,857.95,0
2026/6/22 13:00:00,,529.37,856.12,0
2026/6/22 13:15:00,,532.51,856.29,0
2026/6/22 13:30:00,,531.19,851.99,0
2026/6/22 13:45:00,,522.41,853.31,0
2026/6/22 14:00:00,,520.26,851.66,0
2026/6/22 14:15:00,,510.5,849.01,0
2026/6/22 14:30:00,,510.99,833.61,0
2026/6/22 14:45:00,,503.54,818.38,0
2026/6/22 15:00:00,,495.6,791.57,0
2026/6/22 15:15:00,,487.65,784.12,0
2026/6/22 15:30:00,,486.33,776.5,0
2026/6/22 15:45:00,,486.49,768.56,0
2026/6/22 16:00:00,,404.89,564.62,0
2026/6/22 16:15:00,,430.71,571.91,0
2026/6/22 16:30:00,,439.98,587.63,0
2026/6/22 16:45:00,,448.92,610.64,0
2026/6/22 17:00:00,,450.74,610.81,0
2026/6/22 17:15:00,,445.28,610.97,0
2026/6/22 17:30:00,,447.59,614.62,0
2026/6/22 17:45:00,,444.12,614.12,0
2026/6/22 18:00:00,,450.41,614.12,0
2026/6/22 18:15:00,,446.11,613.95,0
2026/6/22 18:30:00,,459.68,619.42,0
2026/6/22 18:45:00,,462.16,630.34,0
2026/6/22 19:00:00,,457.03,631.17,0
2026/6/22 19:15:00,,461,631.33,0
2026/6/22 19:30:00,,460.01,634.31,0
2026/6/22 19:45:00,,459.84,637.96,0
2026/6/22 20:00:00,,459.68,637.62,0
2026/6/22 20:15:00,,459.18,636.3,0
2026/6/22 20:30:00,,465.31,623.72,0
2026/6/22 20:45:00,,461.17,637.96,0
2026/6/22 21:00:00,,113.06,642.09,0
2026/6/22 21:15:00,,113.39,691.92,0
2026/6/22 21:30:00,,113.22,691.92,0
2026/6/22 21:45:00,,113.72,611.14,0
2026/6/22 22:00:00,,113.55,0,0
2026/6/22 22:15:00,,0,0,0
2026/6/22 22:30:00,,0,0,0
2026/6/22 22:45:00,,0,0,0
2026/6/22 23:00:00,,0,0,0
2026/6/22 23:15:00,,0,0,0
2026/6/22 23:30:00,,3.97,0,0
2026/6/22 23:45:00,,0,0,0
2026/6/23 0:00:00,0,0,,0
2026/6/23 0:15:00,0,0,,0
2026/6/23 0:30:00,0,0,,0
2026/6/23 0:45:00,0,0,,3.81
2026/6/23 1:00:00,0,0,,0
2026/6/23 1:15:00,0,0,,0
2026/6/23 1:30:00,0,0,,0
2026/6/23 1:45:00,0,0,,3.97
2026/6/23 2:00:00,0,0,,4.14
2026/6/23 2:15:00,0,0,,3.97
2026/6/23 2:30:00,0,0,,3.97
2026/6/23 2:45:00,0,0,,3.81
2026/6/23 3:00:00,0,0,,3.97
2026/6/23 3:15:00,0,0,,3.81
2026/6/23 3:30:00,0,0,,3.97
2026/6/23 3:45:00,0,0,,3.97
2026/6/23 4:00:00,0,0,,3.97
2026/6/23 4:15:00,0,0,,3.81
2026/6/23 4:30:00,0,0,,3.97
2026/6/23 4:45:00,0,0,,3.81
2026/6/23 5:00:00,0,0,,3.81
2026/6/23 5:15:00,0,0,,3.81
2026/6/23 5:30:00,0,0,,3.97
2026/6/23 5:45:00,0,0,,3.97
2026/6/23 6:00:00,0,0,,3.81
2026/6/23 6:15:00,0,0,,3.81
2026/6/23 6:30:00,0,0,,3.97
2026/6/23 6:45:00,0,0,,4.14
2026/6/23 7:00:00,0,0,,0
2026/6/23 7:15:00,0,0,,0
2026/6/23 7:30:00,0,0,,0
2026/6/23 7:45:00,0,0,,0
2026/6/23 8:00:00,0,0,,0
2026/6/23 8:15:00,0,0,,0
2026/6/23 8:30:00,0,0,,0
2026/6/23 8:45:00,0,0,,0
2026/6/23 9:00:00,0,0,,0
2026/6/23 9:15:00,0,0,,0
2026/6/23 9:30:00,0,837.58,,105.11
2026/6/23 9:45:00,0,843.88,,105.28
2026/6/23 10:00:00,0,850.5,,162.55
2026/6/23 10:15:00,0,835.27,,485.17
2026/6/23 10:30:00,0,834.94,,525.06
2026/6/23 10:45:00,0,786.93,,528.7
2026/6/23 11:00:00,0,714.43,,490.3
2026/6/23 11:15:00,0,673.38,,161.89
2026/6/23 11:30:00,0,831.96,,165.7
2026/6/23 11:45:00,0,838.25,,165.86
2026/6/23 12:00:00,0,837.58,,165.86
2026/6/23 12:15:00,0,842.88,,165.53
2026/6/23 12:30:00,0,840.56,,165.7
2026/6/23 12:45:00,0,839.57,,165.7
2026/6/23 13:00:00,0,837.92,,165.53
2026/6/23 13:15:00,0,839.41,,165.7
2026/6/23 13:30:00,0,839.57,,165.7
2026/6/23 13:45:00,0,841.72,,165.53
2026/6/23 14:00:00,0,839.24,,165.53
2026/6/23 14:15:00,0,841.72,,165.7
2026/6/23 14:30:00,0,837.09,,425.25
2026/6/23 14:45:00,0,835.93,,498.74
2026/6/23 15:00:00,0,831.63,,485.34
2026/6/23 15:15:00,0,817.22,,471.76
2026/6/23 15:30:00,0,766.24,,458.19
2026/6/23 15:45:00,0,728.83,,455.37
2026/6/23 16:00:00,0,721.71,,465.64
2026/6/23 16:15:00,0,740.58,,463.82
2026/6/23 16:30:00,0,740.09,,458.19
2026/6/23 16:45:00,0,741.25,,459.18
2026/6/23 17:00:00,0,743.89,,462.16
2026/6/23 17:15:00,0,745.38,,472.92
2026/6/23 17:30:00,0,757.14,,464.81
2026/6/23 17:45:00,0,753.83,,463.82
2026/6/23 18:00:00,0,753.16,,463.49
2026/6/23 18:15:00,0,743.4,,459.68
2026/6/23 18:30:00,0,745.22,,451.73
2026/6/23 18:45:00,0,740.25,,462.66
2026/6/23 19:00:00,0,743.07,,463.15
2026/6/23 19:15:00,0,739.26,,463.15
2026/6/23 19:30:00,0,749.52,,461.17
2026/6/23 19:45:00,0,748.53,,462.16
2026/6/23 20:00:00,0,748.2,,456.04
2026/6/23 20:15:00,0,746.71,,465.31
2026/6/23 20:30:00,0,738.93,,455.37
2026/6/23 20:45:00,0,761.44,,165.53
2026/6/23 21:00:00,0,798.85,,165.86
2026/6/23 21:15:00,0,806.63,,166.03
2026/6/23 21:30:00,0,0,,88.06
2026/6/23 21:45:00,0,0,,87.57
2026/6/23 22:00:00,0,0,,0
2026/6/23 22:15:00,0,0,,0
2026/6/23 22:30:00,0,0,,3.97
2026/6/23 22:45:00,0,0,,3.97
2026/6/23 23:00:00,0,0,,0
2026/6/23 23:15:00,0,0,,0
2026/6/23 23:30:00,0,0,,0
2026/6/23 23:45:00,0,0,,0
2026/6/24 0:00:00,0,0,,0
2026/6/24 0:15:00,0,0,,0
2026/6/24 0:30:00,0,0,,0
2026/6/24 0:45:00,0,0,,0
2026/6/24 1:00:00,0,0,,0
2026/6/24 1:15:00,0,0,,0
2026/6/24 1:30:00,0,0,,0
2026/6/24 1:45:00,0,0,,3.81
2026/6/24 2:00:00,0,0,,3.81
2026/6/24 2:15:00,0,0,,3.97
2026/6/24 2:30:00,0,0,,3.97
2026/6/24 2:45:00,0,0,,3.97
2026/6/24 3:00:00,0,0,,3.81
2026/6/24 3:15:00,0,0,,3.81
2026/6/24 3:30:00,0,0,,3.97
2026/6/24 3:45:00,0,0,,3.97
2026/6/24 4:00:00,0,0,,3.81
2026/6/24 4:15:00,0,0,,3.97
2026/6/24 4:30:00,0,0,,3.97
2026/6/24 4:45:00,0,0,,4.14
2026/6/24 5:00:00,0,0,,3.81
2026/6/24 5:15:00,0,0,,3.97
2026/6/24 5:30:00,0,0,,0
2026/6/24 5:45:00,0,0,,3.97
2026/6/24 6:00:00,0,0,,0
2026/6/24 6:15:00,0,0,,0
2026/6/24 6:30:00,0,0,,0
2026/6/24 6:45:00,0,0,,0
2026/6/24 7:00:00,0,0,,0
2026/6/24 7:15:00,0,0,,0
2026/6/24 7:30:00,0,0,,0
2026/6/24 7:45:00,0,0,,0
2026/6/24 8:00:00,0,0,,0
2026/6/24 8:15:00,0,0,,0
2026/6/24 8:30:00,0,0,,0
2026/6/24 8:45:00,0,0,,0
2026/6/24 9:00:00,0,0,,0
2026/6/24 9:15:00,457.86,0,,124.48
2026/6/24 9:30:00,853.81,0,,123.98
2026/6/24 9:45:00,854.14,0,,123.98
2026/6/24 10:00:00,851.32,0,,395.62
2026/6/24 10:15:00,849.34,0,,540.29
2026/6/24 10:30:00,850.33,0,,538.97
2026/6/24 10:45:00,769.39,0,,508.34
2026/6/24 11:00:00,689.6,0,,470.11
2026/6/24 11:15:00,668.74,0,,465.47
2026/6/24 11:30:00,666.1,0,,465.64
2026/6/24 11:45:00,665.93,0,,453.39
2026/6/24 12:00:00,662.29,0,,451.24
2026/6/24 12:15:00,665.6,0,,456.37
2026/6/24 12:30:00,668.08,0,,460.51
2026/6/24 12:45:00,664.94,0,,463.32
2026/6/24 13:00:00,760.94,0,,510.5
2026/6/24 13:15:00,785.11,0,,500.23
2026/6/24 13:30:00,785.11,0,,506.36
2026/6/24 13:45:00,784.28,0,,497.09
2026/6/24 14:00:00,784.28,0,,498.58
2026/6/24 14:15:00,782.13,0,,493.61
2026/6/24 14:30:00,775.68,0,,483.02
2026/6/24 14:45:00,755.98,0,,480.7
2026/6/24 15:00:00,752.83,0,,473.58
2026/6/24 15:15:00,731.48,0,,474.74
2026/6/24 15:30:00,725.69,0,,472.09
2026/6/24 15:45:00,725.36,0,,461.66
2026/6/24 16:00:00,719.56,0,,475.24
2026/6/24 16:15:00,,,,
2026/6/24 16:30:00,,,,
2026/6/24 16:45:00,,,,
2026/6/24 17:00:00,,,,
2026/6/24 17:15:00,,,,
2026/6/24 17:30:00,,,,
2026/6/24 17:45:00,,,,
2026/6/24 18:00:00,,,,
2026/6/24 18:15:00,,,,
2026/6/24 18:30:00,,,,
2026/6/24 18:45:00,,,,
2026/6/24 19:00:00,,,,
2026/6/24 19:15:00,,,,
2026/6/24 19:30:00,,,,
2026/6/24 19:45:00,,,,
2026/6/24 20:00:00,,,,
2026/6/24 20:15:00,,,,
2026/6/24 20:30:00,,,,
2026/6/24 20:45:00,,,,
2026/6/24 21:00:00,,,,
2026/6/24 21:15:00,,,,
2026/6/24 21:30:00,,,,
2026/6/24 21:45:00,,,,
2026/6/24 22:00:00,,,,
2026/6/24 22:15:00,,,,
2026/6/24 22:30:00,,,,
2026/6/24 22:45:00,,,,
2026/6/24 23:00:00,,,,
2026/6/24 23:15:00,,,,
2026/6/24 23:30:00,,,,
2026/6/24 23:45:00,,,,
2026/6/25 0:00:00,,,,
2026/6/25 0:15:00,,,,
2026/6/25 0:30:00,,,,
2026/6/25 0:45:00,,,,
2026/6/25 1:00:00,,,,
2026/6/25 1:15:00,,,,
2026/6/25 1:30:00,,,,
2026/6/25 1:45:00,,,,
2026/6/25 2:00:00,,,,
2026/6/25 2:15:00,,,,
2026/6/25 2:30:00,,,,
2026/6/25 2:45:00,,,,
2026/6/25 3:00:00,,,,
2026/6/25 3:15:00,,,,
2026/6/25 3:30:00,,,,
2026/6/25 3:45:00,,,,
2026/6/25 4:00:00,,,,
2026/6/25 4:15:00,,,,
2026/6/25 4:30:00,,,,
2026/6/25 4:45:00,,,,
2026/6/25 5:00:00,,,,
2026/6/25 5:15:00,,,,
2026/6/25 5:30:00,,,,
2026/6/25 5:45:00,,,,
2026/6/25 6:00:00,,,,
2026/6/25 6:15:00,,,,
2026/6/25 6:30:00,,,,
2026/6/25 6:45:00,,,,
2026/6/25 7:00:00,,,,
2026/6/25 7:15:00,,,,
2026/6/25 7:30:00,,,,
2026/6/25 7:45:00,,,,
2026/6/25 8:00:00,,,,
2026/6/25 8:15:00,,,,
2026/6/25 8:30:00,,,,
2026/6/25 8:45:00,,,,
2026/6/25 9:00:00,,,,
2026/6/25 9:15:00,,,,
2026/6/25 9:30:00,,,,
2026/6/25 9:45:00,,,,
2026/6/25 10:00:00,,,,
2026/6/25 10:15:00,,,,
2026/6/25 10:30:00,,,,
2026/6/25 10:45:00,,,,
2026/6/25 11:00:00,456.86,,631.5,0
2026/6/25 11:15:00,459.84,,631.5,0
2026/6/25 11:30:00,464.48,,633.15,0
2026/6/25 11:45:00,462.99,,637.13,0
2026/6/25 12:00:00,473.25,,639.44,0
2026/6/25 12:15:00,476.23,,645.24,0
2026/6/25 12:30:00,478.71,,642.09,0
2026/6/25 12:45:00,473.25,,645.24,0
2026/6/25 13:00:00,477.22,,643.25,0
2026/6/25 13:15:00,552.21,,855.96,0
2026/6/25 13:30:00,539.46,,851.99,0
2026/6/25 13:45:00,528.87,,848.68,0
2026/6/25 14:00:00,520.43,,850,0
2026/6/25 14:15:00,516.29,,844.04,0
2026/6/25 14:30:00,510.99,,841.23,0
2026/6/25 14:45:00,500.9,,830.96,0
2026/6/25 15:00:00,497.75,,815.57,0
2026/6/25 15:15:00,494.94,,808.45,0
2026/6/25 15:30:00,501.89,,804.31,0
2026/6/25 15:45:00,500.9,,800.51,0
2026/6/25 16:00:00,509.17,,799.51,0
2026/6/25 16:15:00,502.88,,798.02,0
2026/6/25 16:30:00,506.03,,799.68,0
2026/6/25 16:45:00,504.21,,803.32,0
2026/6/25 17:00:00,499.41,,801.66,0
2026/6/25 17:15:00,504.37,,798.52,0
2026/6/25 17:30:00,509.01,,802.99,0
2026/6/25 17:45:00,505.36,,801.17,0
2026/6/25 18:00:00,512.48,,804.15,0
2026/6/25 18:15:00,511.49,,802.99,0
2026/6/25 18:30:00,522.75,,804.15,0
2026/6/25 18:45:00,519.43,,804.31,0
2026/6/25 19:00:00,519.77,,804.81,0
2026/6/25 19:15:00,512.81,,804.98,0
2026/6/25 19:30:00,510,,801.66,0
2026/6/25 19:45:00,506.85,,802,0
2026/6/25 20:00:00,506.69,,802,0
2026/6/25 20:15:00,507.85,,801.17,0
2026/6/25 20:30:00,509.83,,801.17,0
2026/6/25 20:45:00,497.09,,799.02,0
2026/6/25 21:00:00,492.45,,779.65,0
2026/6/25 21:15:00,478.22,,741.74,0
2026/6/25 21:30:00,470.93,,722.21,0
2026/6/25 21:45:00,198.31,,550.72,0
2026/6/25 22:00:00,198.8,,0,0
2026/6/25 22:15:00,124.31,,0,0
2026/6/25 22:30:00,124.15,,0,0
2026/6/25 22:45:00,124.64,,0,0
2026/6/25 23:00:00,124.31,,0,0
2026/6/25 23:15:00,124.31,,0,0
2026/6/25 23:30:00,124.15,,0,0
2026/6/25 23:45:00,124.31,,0,0
2026/6/26 0:00:00,0,0,,124.48
2026/6/26 0:15:00,0,0,,124.48
2026/6/26 0:30:00,0,0,,124.15
2026/6/26 0:45:00,0,0,,124.15
2026/6/26 1:00:00,0,0,,124.31
2026/6/26 1:15:00,0,0,,124.64
2026/6/26 1:30:00,0,0,,124.31
2026/6/26 1:45:00,0,0,,124.31
2026/6/26 2:00:00,0,0,,124.64
2026/6/26 2:15:00,0,0,,124.31
2026/6/26 2:30:00,0,0,,123.82
2026/6/26 2:45:00,0,0,,123.82
2026/6/26 3:00:00,0,0,,123.82
2026/6/26 3:15:00,0,0,,123.98
2026/6/26 3:30:00,0,0,,123.98
2026/6/26 3:45:00,0,0,,123.98
2026/6/26 4:00:00,0,0,,124.15
2026/6/26 4:15:00,0,0,,123.98
2026/6/26 4:30:00,0,0,,124.31
2026/6/26 4:45:00,0,0,,123.98
2026/6/26 5:00:00,0,0,,124.15
2026/6/26 5:15:00,0,0,,123.98
2026/6/26 5:30:00,0,0,,123.98
2026/6/26 5:45:00,0,0,,123.98
2026/6/26 6:00:00,0,0,,124.15
2026/6/26 6:15:00,0,0,,123.82
2026/6/26 6:30:00,0,0,,123.49
2026/6/26 6:45:00,0,0,,123.65
2026/6/26 7:00:00,0,0,,123.32
2026/6/26 7:15:00,0,0,,123.82
2026/6/26 7:30:00,0,0,,123.65
2026/6/26 7:45:00,0,0,,123.65
2026/6/26 8:00:00,0,0,,123.49
2026/6/26 8:15:00,0,0,,123.49
2026/6/26 8:30:00,0,0,,123.65
2026/6/26 8:45:00,0,0,,123.65
2026/6/26 9:00:00,0,0,,123.32
2026/6/26 9:15:00,851.66,0,,86.9
2026/6/26 9:30:00,857.28,0,,87.07
2026/6/26 9:45:00,850.99,0,,493.94
2026/6/26 10:00:00,849.01,0,,495.43
2026/6/26 10:15:00,855.3,0,,567.27
2026/6/26 10:30:00,852.15,0,,562.97
2026/6/26 10:45:00,853.31,0,,549.89
2026/6/26 11:00:00,849.17,0,,529.04
2026/6/26 11:15:00,841.23,0,,517.95
2026/6/26 11:30:00,837.75,0,,497.92
2026/6/26 11:45:00,830.96,0,,486.33
2026/6/26 12:00:00,821.53,0,,469.11
2026/6/26 12:15:00,791.07,0,,463.49
2026/6/26 12:30:00,780.31,0,,458.85
2026/6/26 12:45:00,779.65,0,,464.48
2026/6/26 13:00:00,778.99,0,,464.64
2026/6/26 13:15:00,777.33,0,,473.91
2026/6/26 13:30:00,775.18,0,,465.97
2026/6/26 13:45:00,777.17,0,,458.85
2026/6/26 14:00:00,765.41,0,,456.53
2026/6/26 14:15:00,741.58,0,,459.02
2026/6/26 14:30:00,737.11,0,,446.44
2026/6/26 14:45:00,731.65,0,,452.4
2026/6/26 15:00:00,721.38,0,,444.12
2026/6/26 15:15:00,715.75,0,,434.85
2026/6/26 15:30:00,715.09,0,,446.6
2026/6/26 15:45:00,711.12,0,,444.78
2026/6/26 16:00:00,710.13,0,,440.15
2026/6/26 16:15:00,712.61,0,,438.82
2026/6/26 16:30:00,712.44,0,,441.14
2026/6/26 16:45:00,713.44,0,,448.26
2026/6/26 17:00:00,713.11,0,,449.08
2026/6/26 17:15:00,709.96,0,,448.92
2026/6/26 17:30:00,714.26,0,,447.1
2026/6/26 17:45:00,714.43,0,,457.53
2026/6/26 18:00:00,717.74,0,,470.6
2026/6/26 18:15:00,721.55,0,,471.1
2026/6/26 18:30:00,732.31,0,,471.43
2026/6/26 18:45:00,755.48,0,,474.91
2026/6/26 19:00:00,758.96,0,,473.42
2026/6/26 19:15:00,751.01,0,,475.07
2026/6/26 19:30:00,757.47,0,,479.38
2026/6/26 19:45:00,758.96,0,,472.42
2026/6/26 20:00:00,757.63,0,,479.05
2026/6/26 20:15:00,759.79,0,,478.05
2026/6/26 20:30:00,762.77,0,,201.29
2026/6/26 20:45:00,824.18,0,,165.53
2026/6/26 21:00:00,837.75,0,,165.37
2026/6/26 21:15:00,796.2,0,,165.7
2026/6/26 21:30:00,0,0,,105.44
2026/6/26 21:45:00,0,0,,0
2026/6/26 22:00:00,0,0,,3.81
2026/6/26 22:15:00,0,0,,3.97
2026/6/26 22:30:00,0,0,,3.81
2026/6/26 22:45:00,0,0,,3.81
2026/6/26 23:00:00,0,0,,3.97
2026/6/26 23:15:00,0,0,,4.14
2026/6/26 23:30:00,0,0,,3.97
2026/6/26 23:45:00,0,0,,3.97
2026/6/27 0:00:00,3.97,0,0,
2026/6/27 0:15:00,3.97,0,0,
2026/6/27 0:30:00,3.81,0,0,
2026/6/27 0:45:00,3.97,0,0,
2026/6/27 1:00:00,3.97,0,0,
2026/6/27 1:15:00,3.97,0,0,
2026/6/27 1:30:00,4.14,0,0,
2026/6/27 1:45:00,0,0,0,
2026/6/27 2:00:00,3.81,0,0,
2026/6/27 2:15:00,4.14,0,0,
2026/6/27 2:30:00,3.97,0,0,
2026/6/27 2:45:00,3.97,0,0,
2026/6/27 3:00:00,3.81,0,0,
2026/6/27 3:15:00,3.97,0,0,
2026/6/27 3:30:00,3.81,0,0,
2026/6/27 3:45:00,3.97,0,0,
2026/6/27 4:00:00,3.81,0,0,
2026/6/27 4:15:00,3.81,0,0,
2026/6/27 4:30:00,3.97,0,0,
2026/6/27 4:45:00,3.97,0,0,
2026/6/27 5:00:00,3.97,0,0,
2026/6/27 5:15:00,3.97,0,0,
2026/6/27 5:30:00,3.97,0,0,
2026/6/27 5:45:00,3.97,0,0,
2026/6/27 6:00:00,4.14,0,0,
2026/6/27 6:15:00,3.81,0,0,
2026/6/27 6:30:00,3.81,0,0,
2026/6/27 6:45:00,0,0,0,
2026/6/27 7:00:00,0,0,0,
2026/6/27 7:15:00,0,0,0,
2026/6/27 7:30:00,0,0,0,
2026/6/27 7:45:00,0,0,0,
2026/6/27 8:00:00,0,0,0,
2026/6/27 8:15:00,0,0,0,
2026/6/27 8:30:00,0,0,0,
2026/6/27 8:45:00,0,0,0,
2026/6/27 9:00:00,0,0,0,
2026/6/27 9:15:00,0,0,0,
2026/6/27 9:30:00,123.98,0,840.07,
2026/6/27 9:45:00,200.29,0,847.85,
2026/6/27 10:00:00,200.62,860.76,848.34,
2026/6/27 10:15:00,200.46,840.73,827.49,
2026/6/27 10:30:00,200.13,610.64,611.47,
2026/6/27 10:45:00,200.29,546.42,543.77,
2026/6/27 11:00:00,200.13,532.51,532.02,
2026/6/27 11:15:00,200.29,522.25,510.5,
2026/6/27 11:30:00,200.62,523.57,509.83,
2026/6/27 11:45:00,200.46,521.59,511.49,
2026/6/27 12:00:00,200.29,521.09,512.65,
2026/6/27 12:15:00,200.29,524.4,517.61,
2026/6/27 12:30:00,199.96,523.24,520.76,
2026/6/27 12:45:00,200.46,526.39,523.74,
2026/6/27 13:00:00,200.13,525.23,524.57,
2026/6/27 13:15:00,200.46,525.39,528.21,
2026/6/27 13:30:00,200.29,524.73,535.99,
2026/6/27 13:45:00,200.29,525.89,534,
2026/6/27 14:00:00,409.19,716.75,0,
2026/6/27 14:15:00,547.58,852.65,0,
2026/6/27 14:30:00,536.82,847.52,0,
2026/6/27 14:45:00,528.7,841.89,0,
2026/6/27 15:00:00,519.6,842.39,0,
2026/6/27 15:15:00,519.77,836.76,0,
2026/6/27 15:30:00,503.71,837.42,0,
2026/6/27 15:45:00,507.19,831.96,0,
2026/6/27 16:00:00,508.34,828.48,0,
2026/6/27 16:15:00,498.25,822.69,0,
2026/6/27 16:30:00,499.07,822.03,0,
2026/6/27 16:45:00,504.04,818.55,0,
2026/6/27 17:00:00,499.41,821.36,0,
2026/6/27 17:15:00,511.16,819.05,0,
2026/6/27 17:30:00,502.72,824.84,0,
2026/6/27 17:45:00,514.97,823.02,0,
2026/6/27 18:00:00,519.27,825.83,0,
2026/6/27 18:15:00,516.95,824.51,0,
2026/6/27 18:30:00,512.65,826.83,0,
2026/6/27 18:45:00,513.81,825.34,0,
2026/6/27 19:00:00,507.68,825,0,
2026/6/27 19:15:00,508.01,821.69,0,
2026/6/27 19:30:00,504.54,824.84,0,
2026/6/27 19:45:00,507.52,820.2,0,
2026/6/27 20:00:00,511.32,823.68,0,
2026/6/27 20:15:00,503.88,823.51,0,
2026/6/27 20:30:00,508.51,820.04,0,
2026/6/27 20:45:00,499.24,818.71,0,
2026/6/27 21:00:00,498.74,802.66,0,
2026/6/27 21:15:00,182.75,803.15,0,
2026/6/27 21:30:00,182.91,0,0,
2026/6/27 21:45:00,124.15,0,0,
2026/6/27 22:00:00,3.97,0,0,
2026/6/27 22:15:00,3.97,0,0,
2026/6/27 22:30:00,3.81,0,0,
2026/6/27 22:45:00,0,0,0,
2026/6/27 23:00:00,3.81,0,0,
2026/6/27 23:15:00,3.97,0,0,
2026/6/27 23:30:00,3.97,0,0,
2026/6/27 23:45:00,3.81,0,0,
2026/6/28 0:00:00,0,0,,3.97
2026/6/28 0:15:00,0,0,,0
2026/6/28 0:30:00,0,0,,3.97
2026/6/28 0:45:00,0,0,,3.81
2026/6/28 1:00:00,0,0,,3.97
2026/6/28 1:15:00,0,0,,3.97
2026/6/28 1:30:00,0,0,,3.97
2026/6/28 1:45:00,0,0,,4.14
2026/6/28 2:00:00,0,0,,4.14
2026/6/28 2:15:00,0,0,,3.97
2026/6/28 2:30:00,0,0,,4.14
2026/6/28 2:45:00,0,0,,3.97
2026/6/28 3:00:00,0,0,,3.97
2026/6/28 3:15:00,0,0,,3.81
2026/6/28 3:30:00,0,0,,0
2026/6/28 3:45:00,0,0,,0
2026/6/28 4:00:00,0,0,,3.81
2026/6/28 4:15:00,0,0,,3.97
2026/6/28 4:30:00,0,0,,3.81
2026/6/28 4:45:00,0,0,,3.97
2026/6/28 5:00:00,0,0,,0
2026/6/28 5:15:00,0,0,,0
2026/6/28 5:30:00,0,0,,0
2026/6/28 5:45:00,0,0,,0
2026/6/28 6:00:00,0,0,,0
2026/6/28 6:15:00,0,0,,0
2026/6/28 6:30:00,0,0,,3.81
2026/6/28 6:45:00,0,0,,0
2026/6/28 7:00:00,0,0,,0
2026/6/28 7:15:00,0,0,,0
2026/6/28 7:30:00,0,0,,0
2026/6/28 7:45:00,0,0,,0
2026/6/28 8:00:00,0,0,,0
2026/6/28 8:15:00,0,0,,0
2026/6/28 8:30:00,0,0,,0
2026/6/28 8:45:00,0,0,,0
2026/6/28 9:00:00,0,0,,0
2026/6/28 9:15:00,0,0,,0
2026/6/28 9:30:00,0,395.12,,162.05
2026/6/28 9:45:00,443.13,851.99,,182.91
2026/6/28 10:00:00,851.49,850.66,,182.25
2026/6/28 10:15:00,834.94,821.86,,182.08
2026/6/28 10:30:00,627.69,634.64,,182.25
2026/6/28 10:45:00,564.46,0,,286.2
2026/6/28 11:00:00,746.21,0,,572.57
2026/6/28 11:15:00,849.83,0,,522.08
2026/6/28 11:30:00,854.97,0,,513.97
2026/6/28 11:45:00,850.33,0,,514.14
2026/6/28 12:00:00,850.17,0,,513.48
2026/6/28 12:15:00,854.47,0,,509.17
2026/6/28 12:30:00,853.48,0,,505.86
2026/6/28 12:45:00,856.62,0,,512.65
2026/6/28 13:00:00,856.79,0,,518.28
2026/6/28 13:15:00,854.63,0,,519.93
2026/6/28 13:30:00,855.79,0,,506.19
2026/6/28 13:45:00,858.44,0,,522.08
2026/6/28 14:00:00,860.1,0,,557.67
2026/6/28 14:15:00,858.44,0,,552.38
2026/6/28 14:30:00,859.43,0,,552.04
2026/6/28 14:45:00,854.97,0,,546.91
2026/6/28 15:00:00,856.12,0,,545.59
2026/6/28 15:15:00,849.17,0,,537.81
2026/6/28 15:30:00,852.15,0,,530.19
2026/6/28 15:45:00,845.86,0,,526.39
2026/6/28 16:00:00,848.51,0,,528.37
2026/6/28 16:15:00,845.03,0,,515.96
2026/6/28 16:30:00,843.21,0,,516.95
2026/6/28 16:45:00,840.73,0,,514.47
2026/6/28 17:00:00,844.04,0,,521.75
2026/6/28 17:15:00,841.06,1.49,,510.33
2026/6/28 17:30:00,838.25,0,,505.2
2026/6/28 17:45:00,838.74,0,,512.15
2026/6/28 18:00:00,842.88,0,,516.29
2026/6/28 18:15:00,840.4,0,,513.97
2026/6/28 18:30:00,843.21,0,,512.32
2026/6/28 18:45:00,841.89,0,,517.28
2026/6/28 19:00:00,842.88,0,,518.61
2026/6/28 19:15:00,847.85,0,,518.44
2026/6/28 19:30:00,848.68,0,,517.28
2026/6/28 19:45:00,848.68,0,,522.91
2026/6/28 20:00:00,850,0,,528.04
2026/6/28 20:15:00,847.02,0,,525.23
2026/6/28 20:30:00,850.17,0,,539.46
2026/6/28 20:45:00,848.18,0,,526.22
2026/6/28 21:00:00,843.21,0,,511.99
2026/6/28 21:15:00,839.57,0,,182.25
2026/6/28 21:30:00,841.56,0,,182.41
2026/6/28 21:45:00,697.88,0,,182.75
2026/6/28 22:00:00,575.22,0,,182.25
2026/6/28 22:15:00,0,0,,0
2026/6/28 22:30:00,0,0,,0
2026/6/28 22:45:00,0,0,,0
2026/6/28 23:00:00,0,0,,0
2026/6/28 23:15:00,0,0,,0
2026/6/28 23:30:00,0,0,,0
2026/6/28 23:45:00,0,0,,0
2026/6/29 0:00:00,0,,0,0
2026/6/29 0:15:00,0,,0,0
2026/6/29 0:30:00,0,,0,0
2026/6/29 0:45:00,0,,0,0
2026/6/29 1:00:00,0,,0,0
2026/6/29 1:15:00,0,,0,0
2026/6/29 1:30:00,0,,0,0
2026/6/29 1:45:00,0,,0,0
2026/6/29 2:00:00,0,,0,3.81
2026/6/29 2:15:00,0,,0,3.97
2026/6/29 2:30:00,0,,0,3.81
2026/6/29 2:45:00,0,,0,3.97
2026/6/29 3:00:00,0,,0,3.97
2026/6/29 3:15:00,0,,0,3.81
2026/6/29 3:30:00,0,,0,3.97
2026/6/29 3:45:00,0,,0,3.97
2026/6/29 4:00:00,0,,0,3.81
2026/6/29 4:15:00,0,,0,3.81
2026/6/29 4:30:00,0,,0,3.81
2026/6/29 4:45:00,0,,0,3.81
2026/6/29 5:00:00,0,,0,3.97
2026/6/29 5:15:00,0,,0,0
2026/6/29 5:30:00,0,,0,3.97
2026/6/29 5:45:00,0,,0,0
2026/6/29 6:00:00,0,,0,0
2026/6/29 6:15:00,0,,1.99,0
2026/6/29 6:30:00,0,,0,3.81
2026/6/29 6:45:00,0,,0,0
2026/6/29 7:00:00,0,,0,0
2026/6/29 7:15:00,0,,0,0
2026/6/29 7:30:00,0,,0,0
2026/6/29 7:45:00,0,,0,0
2026/6/29 8:00:00,0,,0,0
2026/6/29 8:15:00,0,,0,0
2026/6/29 8:30:00,0,,0,0
2026/6/29 8:45:00,0,,0,0
2026/6/29 9:00:00,0,,0,104.45
2026/6/29 9:15:00,0,,852.15,104.95
2026/6/29 9:30:00,0,,854.14,105.11
2026/6/29 9:45:00,0,,846.03,523.24
2026/6/29 10:00:00,0,,861.42,583.66
2026/6/29 10:15:00,0,,847.68,544.43
2026/6/29 10:30:00,0,,848.68,543.77
2026/6/29 10:45:00,0,,845.2,539.63
2026/6/29 11:00:00,0,,842.72,527.05
2026/6/29 11:15:00,0,,840.73,525.23
2026/6/29 11:30:00,0,,841.89,541.12
2026/6/29 11:45:00,0,,845.7,532.02
2026/6/29 12:00:00,0,,840.9,522.91
2026/6/29 12:15:00,0,,841.56,529.37
2026/6/29 12:30:00,0,,845.7,527.55
2026/6/29 12:45:00,0,,845.36,528.37
2026/6/29 13:00:00,0,,845.36,524.9
2026/6/29 13:15:00,0,,841.89,530.03
2026/6/29 13:30:00,0,,844.7,531.52
2026/6/29 13:45:00,0,,846.03,521.75
2026/6/29 14:00:00,0,,846.36,526.88
2026/6/29 14:15:00,0,,846.03,524.73
2026/6/29 14:30:00,0,,843.05,528.37
2026/6/29 14:45:00,0,,844.04,522.41
2026/6/29 15:00:00,0,,843.88,519.43
2026/6/29 15:15:00,0,,841.72,519.6
2026/6/29 15:30:00,0,,840.07,514.8
2026/6/29 15:45:00,0,,840.23,511.32
2026/6/29 16:00:00,0,,841.72,510.83
2026/6/29 16:15:00,0,,838.41,519.43
2026/6/29 16:30:00,0,,838.25,507.52
2026/6/29 16:45:00,0,,839.74,510
2026/6/29 17:00:00,0,,839.9,503.54
2026/6/29 17:15:00,0,,840.23,504.54
2026/6/29 17:30:00,0,,839.57,509.17
2026/6/29 17:45:00,0,,835.43,500.9
2026/6/29 18:00:00,0,,836.92,498.58
2026/6/29 18:15:00,0,,839.57,517.28
2026/6/29 18:30:00,0,,845.2,531.19
2026/6/29 18:45:00,0,,844.21,518.44
2026/6/29 19:00:00,0,,845.53,529.04
2026/6/29 19:15:00,0,,849.83,533.84
2026/6/29 19:30:00,0,,849.34,541.12
2026/6/29 19:45:00,0,,852.15,536.32
2026/6/29 20:00:00,0,,849.17,547.24
2026/6/29 20:15:00,0,,849.67,549.23
2026/6/29 20:30:00,0,,854.3,551.22
2026/6/29 20:45:00,0,,853.14,165.37
2026/6/29 21:00:00,0,,866.22,165.2
2026/6/29 21:15:00,0,,867.21,165.37
2026/6/29 21:30:00,0,,0,87.57
2026/6/29 21:45:00,0,,0,3.81
2026/6/29 22:00:00,0,,0,3.81
2026/6/29 22:15:00,0,,0,4.14
2026/6/29 22:30:00,0,,0,3.97
2026/6/29 22:45:00,0,,0,3.97
2026/6/29 23:00:00,0,,0,3.97
2026/6/29 23:15:00,0,,0,4.14
2026/6/29 23:30:00,0,,0,3.97
2026/6/29 23:45:00,0,,0,4.14
2026/7/1 0:00:00,0,0,,0
2026/7/1 0:15:00,0,0,,0
2026/7/1 0:30:00,0,0,,0
2026/7/1 0:45:00,0,0,,0
2026/7/1 1:00:00,0,0,,0
2026/7/1 1:15:00,0,0,,0
2026/7/1 1:30:00,0,0,,0
2026/7/1 1:45:00,0,0,,0
2026/7/1 2:00:00,0,0,,0
2026/7/1 2:15:00,0,0,,0
2026/7/1 2:30:00,0,0,,0
2026/7/1 2:45:00,0,0,,0
2026/7/1 3:00:00,0,0,,0
2026/7/1 3:15:00,0,0,,0
2026/7/1 3:30:00,0,0,,0
2026/7/1 3:45:00,0,0,,0
2026/7/1 4:00:00,0,0,,0
2026/7/1 4:15:00,0,0,,0
2026/7/1 4:30:00,0,0,,0
2026/7/1 4:45:00,0,0,,0
2026/7/1 5:00:00,0,0,,0
2026/7/1 5:15:00,0,0,,0
2026/7/1 5:30:00,0,0,,0
2026/7/1 5:45:00,0,0,,0
2026/7/1 6:00:00,0,0,,0
2026/7/1 6:15:00,0,0,,0
2026/7/1 6:30:00,0,0,,0
2026/7/1 6:45:00,0,0,,0
2026/7/1 7:00:00,0,0,,0
2026/7/1 7:15:00,0,0,,0
2026/7/1 7:30:00,0,0,,0
2026/7/1 7:45:00,0,0,,0
2026/7/1 8:00:00,0,0,,0
2026/7/1 8:15:00,0,0,,0
2026/7/1 8:30:00,0,0,,0
2026/7/1 8:45:00,0,0,,0
2026/7/1 9:00:00,0,0,,0
2026/7/1 9:15:00,858.44,0,,105.11
2026/7/1 9:30:00,847.52,0,,105.77
2026/7/1 9:45:00,853.64,0,,504.37
2026/7/1 10:00:00,856.29,0,,502.39
2026/7/1 10:15:00,861.75,0,,565.78
2026/7/1 10:30:00,853.14,0,,549.73
2026/7/1 10:45:00,852.48,0,,525.39
2026/7/1 11:00:00,850.66,0,,557.34
2026/7/1 11:15:00,849.17,0,,546.58
2026/7/1 11:30:00,847.52,0,,542.44
2026/7/1 11:45:00,845.2,0,,526.88
2026/7/1 12:00:00,846.03,0,,545.09
2026/7/1 12:15:00,843.88,0,,531.68
2026/7/1 12:30:00,848.18,0,,522.75
2026/7/1 12:45:00,845.03,0,,541.29
2026/7/1 13:00:00,846.36,0,,528.04
2026/7/1 13:15:00,849.34,0,,542.44
2026/7/1 13:30:00,847.35,0,,529.53
2026/7/1 13:45:00,852.48,0,,544.93
2026/7/1 14:00:00,856.95,0,,559.66
2026/7/1 14:15:00,857.61,0,,563.8
2026/7/1 14:30:00,858.61,0,,560.32
2026/7/1 14:45:00,856.62,0,,575.22
2026/7/1 15:00:00,858.11,0,,566.45
2026/7/1 15:15:00,859.1,0,,572.4
2026/7/1 15:30:00,854.63,0,,568.43
2026/7/1 15:45:00,856.95,0,,567.6
2026/7/1 16:00:00,856.46,0,,553.37
2026/7/1 16:15:00,854.47,0,,552.38
2026/7/1 16:30:00,853.97,0,,563.8
2026/7/1 16:45:00,853.81,0,,565.12
2026/7/1 17:00:00,861.09,0,,568.27
2026/7/1 17:15:00,856.95,0,,577.04
2026/7/1 17:30:00,862.58,0,,578.03
2026/7/1 17:45:00,863.74,0,,576.38
2026/7/1 18:00:00,861.09,0,,572.9
2026/7/1 18:15:00,856.62,0,,559.33
2026/7/1 18:30:00,856.29,0,,553.37
2026/7/1 18:45:00,852.98,0,,542.28
2026/7/1 19:00:00,854.14,0,,540.79
2026/7/1 19:15:00,856.12,0,,547.74
2026/7/1 19:30:00,856.62,0,,541.62
2026/7/1 19:45:00,853.64,0,,552.38
2026/7/1 20:00:00,855.3,0,,540.79
2026/7/1 20:15:00,857.12,0,,554.03
2026/7/1 20:30:00,853.64,0,,548.4
2026/7/1 20:45:00,852.65,0,,551.55
2026/7/1 21:00:00,856.12,0,,197.64
2026/7/1 21:15:00,862.41,0,,197.64
2026/7/1 21:30:00,0,0,,124.15
2026/7/1 21:45:00,0,0,,0
2026/7/1 22:00:00,0,0,,0
2026/7/1 22:15:00,0,0,,0
2026/7/1 22:30:00,0,0,,0
2026/7/1 22:45:00,0,0,,0
2026/7/1 23:00:00,0,0,,0
2026/7/1 23:15:00,0,0,,3.81
2026/7/1 23:30:00,0,0,,3.81
2026/7/1 23:45:00,0,0,,3.81
2026/7/2 0:00:00,0,0,,3.81
2026/7/2 0:15:00,0,0,,3.81
2026/7/2 0:30:00,0,0,,3.81
2026/7/2 0:45:00,0,0,,3.97
2026/7/2 1:00:00,0,0,,3.97
2026/7/2 1:15:00,0,0,,3.97
2026/7/2 1:30:00,0,0,,3.81
2026/7/2 1:45:00,0,0,,3.97
2026/7/2 2:00:00,0,0,,3.97
2026/7/2 2:15:00,0,0,,3.97
2026/7/2 2:30:00,0,0,,3.97
2026/7/2 2:45:00,0,0,,3.97
2026/7/2 3:00:00,0,0,,3.81
2026/7/2 3:15:00,0,0,,3.97
2026/7/2 3:30:00,0,0,,3.97
2026/7/2 3:45:00,0,0,,3.97
2026/7/2 4:00:00,0,0,,3.97
2026/7/2 4:15:00,0,0,,3.97
2026/7/2 4:30:00,0,0,,3.97
2026/7/2 4:45:00,0,0,,4.14
2026/7/2 5:00:00,0,0,,4.14
2026/7/2 5:15:00,0,0,,3.97
2026/7/2 5:30:00,0,0,,3.97
2026/7/2 5:45:00,0,0,,3.97
2026/7/2 6:00:00,0,0,,3.97
2026/7/2 6:15:00,0,0,,3.97
2026/7/2 6:30:00,0,0,,3.81
2026/7/2 6:45:00,0,0,,3.97
2026/7/2 7:00:00,0,0,,3.97
2026/7/2 7:15:00,0,0,,0
2026/7/2 7:30:00,0,0,,0
2026/7/2 7:45:00,0,0,,0
2026/7/2 8:00:00,0,0,,0
2026/7/2 8:15:00,0,0,,0
2026/7/2 8:30:00,0,0,,0
2026/7/2 8:45:00,0,0,,0
2026/7/2 9:00:00,0,0,,0
2026/7/2 9:15:00,656,0,,87.23
2026/7/2 9:30:00,856.62,0,,86.9
2026/7/2 9:45:00,859.1,0,,87.07
2026/7/2 10:00:00,877.81,0,,462.49
2026/7/2 10:15:00,865.06,0,,627.86
2026/7/2 10:30:00,855.96,0,,631.17
2026/7/2 10:45:00,852.15,0,,610.64
2026/7/2 11:00:00,856.29,0,,609.15
2026/7/2 11:15:00,853.14,0,,622.23
2026/7/2 11:30:00,853.81,0,,622.4
2026/7/2 11:45:00,854.47,0,,622.56
2026/7/2 12:00:00,851.99,0,,622.73
2026/7/2 12:15:00,851.32,0,,623.88
2026/7/2 12:30:00,848.51,0,,622.23
2026/7/2 12:45:00,856.29,0,,623.22
2026/7/2 13:00:00,854.63,0,,621.73
2026/7/2 13:15:00,853.48,0,,622.73
2026/7/2 13:30:00,847.85,0,,621.4
2026/7/2 13:45:00,852.48,0,,621.9
2026/7/2 14:00:00,855.3,0,,621.57
2026/7/2 14:15:00,853.14,0,,620.74
2026/7/2 14:30:00,856.46,0,,620.91
2026/7/2 14:45:00,859.27,0,,621.07
2026/7/2 15:00:00,861.59,0,,623.22
2026/7/2 15:15:00,857.78,0,,612.96
2026/7/2 15:30:00,860.1,0,,621.73
2026/7/2 15:45:00,855.13,0,,615.11
2026/7/2 16:00:00,856.12,0,,613.79
2026/7/2 16:15:00,858.28,0,,620.91
2026/7/2 16:30:00,858.28,0,,609.81
2026/7/2 16:45:00,850.33,0,,613.13
2026/7/2 17:00:00,858.77,0,,622.4
2026/7/2 17:15:00,860.26,0,,634.31
2026/7/2 17:30:00,858.94,0,,624.38
2026/7/2 17:45:00,862.41,0,,621.9
2026/7/2 18:00:00,858.77,0,,622.89
2026/7/2 18:15:00,859.1,0,,617.1
2026/7/2 18:30:00,859.43,0,,617.76
2026/7/2 18:45:00,859.6,0,,612.13
2026/7/2 19:00:00,864.73,0,,609.48
2026/7/2 19:15:00,866.06,0,,602.37
2026/7/2 19:30:00,865.73,0,,592.77
2026/7/2 19:45:00,863.74,0,,591.61
2026/7/2 20:00:00,867.05,0,,587.14
2026/7/2 20:15:00,868.7,0,,583.5
2026/7/2 20:30:00,868.21,0,,583.5
2026/7/2 20:45:00,872.02,0,,183.24
2026/7/2 21:00:00,871.85,0,,183.24
2026/7/2 21:15:00,805.47,0,,182.75
2026/7/2 21:30:00,0,0,,124.48
2026/7/2 21:45:00,864.57,0,,198.47
2026/7/2 22:00:00,868.37,0,,173.81
2026/7/2 22:15:00,0,0,,75.98
2026/7/2 22:30:00,0,0,,3.97
2026/7/2 22:45:00,0,0,,3.81
2026/7/2 23:00:00,0,0,,3.97
2026/7/2 23:15:00,0,0,,3.97
2026/7/2 23:30:00,0,0,,4.14
2026/7/2 23:45:00,0,0,,4.3
2026/7/3 0:00:00,0,0,,3.97
2026/7/3 0:15:00,0,0,,3.81
2026/7/3 0:30:00,0,0,,0
2026/7/3 0:45:00,0,0,,3.97
2026/7/3 1:00:00,0,0,,3.97
2026/7/3 1:15:00,0,0,,3.97
2026/7/3 1:30:00,0,0,,3.81
2026/7/3 1:45:00,0,0,,3.97
2026/7/3 2:00:00,0,0,,3.97
2026/7/3 2:15:00,0,0,,3.97
2026/7/3 2:30:00,0,0,,3.97
2026/7/3 2:45:00,0,0,,3.97
2026/7/3 3:00:00,0,0,,4.14
2026/7/3 3:15:00,0,0,,3.97
2026/7/3 3:30:00,0,0,,3.97
2026/7/3 3:45:00,0,0,,4.14
2026/7/3 4:00:00,0,0,,3.97
2026/7/3 4:15:00,0,0,,4.14
2026/7/3 4:30:00,0,0,,4.14
2026/7/3 4:45:00,0,0,,4.14
2026/7/3 5:00:00,0,0,,3.97
2026/7/3 5:15:00,0,0,,3.97
2026/7/3 5:30:00,0,0,,3.97
2026/7/3 5:45:00,0,0,,3.97
2026/7/3 6:00:00,0,0,,3.81
2026/7/3 6:15:00,0,0,,3.97
2026/7/3 6:30:00,0,0,,4.14
2026/7/3 6:45:00,0,0,,3.81
2026/7/3 7:00:00,0,0,,0
2026/7/3 7:15:00,0,0,,0
2026/7/3 7:30:00,0,0,,0
2026/7/3 7:45:00,0,0,,0
2026/7/3 8:00:00,0,0,,0
2026/7/3 8:15:00,0,0,,0
2026/7/3 8:30:00,0,0,,0
2026/7/3 8:45:00,0,0,,0
2026/7/3 9:00:00,0,0,,0
2026/7/3 9:15:00,848.68,0,,87.57
2026/7/3 9:30:00,856.79,0,,144.01
2026/7/3 9:45:00,855.63,0,,500.23
2026/7/3 10:00:00,799.51,0,,500.4
2026/7/3 10:15:00,854.63,0,,569.26
2026/7/3 10:30:00,855.46,0,,563.8
2026/7/3 10:45:00,855.46,0,,562.31
2026/7/3 11:00:00,856.29,0,,558.33
2026/7/3 11:15:00,856.46,0,,550.39
2026/7/3 11:30:00,852.81,0,,551.38
2026/7/3 11:45:00,855.3,0,,549.56
2026/7/3 12:00:00,856.12,0,,552.04
2026/7/3 12:15:00,858.44,0,,551.38
2026/7/3 12:30:00,858.44,0,,548.4
2026/7/3 12:45:00,859.1,0,,548.4
2026/7/3 13:00:00,859.6,0,,547.91
2026/7/3 13:15:00,862.08,0,,561.81
2026/7/3 13:30:00,862.91,0,,552.38
2026/7/3 13:45:00,859.93,0,,558.83
2026/7/3 14:00:00,861.75,0,,550.55
2026/7/3 14:15:00,863.9,0,,549.56
2026/7/3 14:30:00,863.24,0,,553.53
2026/7/3 14:45:00,860.43,0,,553.2
2026/7/3 15:00:00,859.6,0,,549.73
2026/7/3 15:15:00,858.28,0,,543.27
2026/7/3 15:30:00,858.77,0,,537.97
2026/7/3 15:45:00,855.63,0,,541.78
2026/7/3 16:00:00,859.27,0,,534.33
2026/7/3 16:15:00,856.79,0,,541.78
2026/7/3 16:30:00,856.12,0,,544.1
2026/7/3 16:45:00,857.12,0,,532.68
2026/7/3 17:00:00,860.59,0,,536.82
2026/7/3 17:15:00,855.96,0,,537.48
2026/7/3 17:30:00,857.78,0,,529.37
2026/7/3 17:45:00,856.46,0,,533.51
2026/7/3 18:00:00,857.45,0,,537.97
2026/7/3 18:15:00,856.29,0,,542.11
2026/7/3 18:30:00,858.77,0,,543.27
2026/7/3 18:45:00,861.26,0,,539.3
2026/7/3 19:00:00,860.1,0,,548.4
2026/7/3 19:15:00,862.75,0,,548.4
2026/7/3 19:30:00,859.93,0,,551.38
2026/7/3 19:45:00,865.39,0,,555.69
2026/7/3 20:00:00,864.57,0,,558.17
2026/7/3 20:15:00,862.91,0,,555.36
2026/7/3 20:30:00,864.57,0,,555.69
2026/7/3 20:45:00,864.9,0,,558.67
2026/7/3 21:00:00,866.22,0,,561.65
2026/7/3 21:15:00,866.88,0,,559.33
2026/7/3 21:30:00,863.24,0,,557.18
2026/7/3 21:45:00,843.71,0,,183.24
2026/7/3 22:00:00,0,0,,3.97
2026/7/3 22:15:00,0,0,,3.81
2026/7/3 22:30:00,0,0,,3.97
2026/7/3 22:45:00,0,0,,3.97
2026/7/3 23:00:00,0,0,,3.97
2026/7/3 23:15:00,0,0,,3.97
2026/7/3 23:30:00,0,0,,3.97
2026/7/3 23:45:00,0,0,,3.97
2026/7/4 0:00:00,0,0,,3.97
2026/7/4 0:15:00,0,0,,0
2026/7/4 0:30:00,0,0,,0
2026/7/4 0:45:00,0,0,,3.81
2026/7/4 1:00:00,0,0,,3.97
2026/7/4 1:15:00,0,0,,3.81
2026/7/4 1:30:00,0,0,,3.97
2026/7/4 1:45:00,0,0,,3.97
2026/7/4 2:00:00,0,0,,3.97
2026/7/4 2:15:00,0,0,,3.97
2026/7/4 2:30:00,0,0,,3.97
2026/7/4 2:45:00,0,0,,4.14
2026/7/4 3:00:00,0,0,,3.97
2026/7/4 3:15:00,0,0,,3.97
2026/7/4 3:30:00,0,0,,0
2026/7/4 3:45:00,0,0,,0
2026/7/4 4:00:00,0,0,,0
2026/7/4 4:15:00,0,0,,0
2026/7/4 4:30:00,0,0,,0
2026/7/4 4:45:00,0,0,,0
2026/7/4 5:00:00,0,0,,0
2026/7/4 5:15:00,0,0,,0
2026/7/4 5:30:00,0,0,,0
2026/7/4 5:45:00,0,0,,0
2026/7/4 6:00:00,0,0,,0
2026/7/4 6:15:00,0,0,,0
2026/7/4 6:30:00,0,0,,0
2026/7/4 6:45:00,0,0,,0
2026/7/4 7:00:00,0,0,,0
2026/7/4 7:15:00,0,0,,0
2026/7/4 7:30:00,0,0,,0
2026/7/4 7:45:00,0,0,,0
2026/7/4 8:00:00,0,0,,0
2026/7/4 8:15:00,0,0,,0
2026/7/4 8:30:00,0,0,,0
2026/7/4 8:45:00,0,0,,0
2026/7/4 9:00:00,0,0,,0
2026/7/4 9:15:00,856.62,0,,75.65
2026/7/4 9:30:00,846.36,0,,267.33
2026/7/4 9:45:00,854.97,0,,500.07
2026/7/4 10:00:00,884.26,0,,569.92
2026/7/4 10:15:00,869.53,0,,574.06
2026/7/4 10:30:00,869.86,0,,565.62
2026/7/4 10:45:00,866.55,0,,554.03
2026/7/4 11:00:00,869.53,0,,551.22
2026/7/4 11:15:00,868.87,0,,551.55
2026/7/4 11:30:00,872.68,0,,553.53
2026/7/4 11:45:00,874.33,0,,556.85
2026/7/4 12:00:00,872.02,0,,560.82
2026/7/4 12:15:00,870.69,0,,560.49
2026/7/4 12:30:00,875.99,0,,569.76
2026/7/4 12:45:00,875.49,0,,565.78
2026/7/4 13:00:00,872.84,0,,561.65
2026/7/4 13:15:00,876.48,0,,559.66
2026/7/4 13:30:00,873.51,0,,555.85
2026/7/4 13:45:00,876.32,0,,555.19
2026/7/4 14:00:00,879.8,0,,554.86
2026/7/4 14:15:00,880.79,0,,554.36
2026/7/4 14:30:00,880.62,0,,555.36
2026/7/4 14:45:00,877.64,0,,556.02
2026/7/4 15:00:00,878.31,0,,554.53
2026/7/4 15:15:00,875.16,0,,554.36
2026/7/4 15:30:00,876.48,0,,555.19
2026/7/4 15:45:00,869.86,0,,544.6
2026/7/4 16:00:00,868.7,0,,536.15
2026/7/4 16:15:00,862.91,0,,523.24
2026/7/4 16:30:00,863.74,0,,521.09
2026/7/4 16:45:00,864.73,0,,513.64
2026/7/4 17:00:00,864.57,0,,520.43
2026/7/4 17:15:00,861.59,0,,526.06
2026/7/4 17:30:00,866.06,0,,519.43
2026/7/4 17:45:00,866.55,0,,520.59
2026/7/4 18:00:00,867.71,0,,538.64
2026/7/4 18:15:00,867.88,0,,535.82
2026/7/4 18:30:00,869.2,0,,555.02
2026/7/4 18:45:00,870.19,0,,544.43
2026/7/4 19:00:00,873.84,0,,554.69
2026/7/4 19:15:00,873.34,0,,548.57
2026/7/4 19:30:00,875.33,0,,546.75
2026/7/4 19:45:00,874.5,0,,554.69
2026/7/4 20:00:00,874.99,0,,554.86
2026/7/4 20:15:00,874.17,0,,541.45
2026/7/4 20:30:00,872.35,0,,536.32
2026/7/4 20:45:00,869.04,0,,175.63
2026/7/4 21:00:00,875.99,0,,140.04
2026/7/4 21:15:00,879.13,0,,139.71
2026/7/4 21:30:00,0,0,,87.73
2026/7/4 21:45:00,0,0,,3.81
2026/7/4 22:00:00,0,0,,3.97
2026/7/4 22:15:00,0,0,,4.14
2026/7/4 22:30:00,0,0,,4.14
2026/7/4 22:45:00,0,0,,4.14
2026/7/4 23:00:00,0,0,,0
2026/7/4 23:15:00,0,0,,3.81
2026/7/4 23:30:00,0,0,,3.81
2026/7/4 23:45:00,0,0,,0
2026/7/5 0:00:00,0,0,,0
2026/7/5 0:15:00,0,0,,0
2026/7/5 0:30:00,0,0,,0
2026/7/5 0:45:00,0,0,,0
2026/7/5 1:00:00,0,0,,0
2026/7/5 1:15:00,0,0,,3.81
2026/7/5 1:30:00,0,0,,3.81
2026/7/5 1:45:00,0,0,,3.97
2026/7/5 2:00:00,0,0,,3.81
2026/7/5 2:15:00,0,0,,3.97
2026/7/5 2:30:00,0,0,,3.81
2026/7/5 2:45:00,0,0,,3.81
2026/7/5 3:00:00,0,0,,3.97
2026/7/5 3:15:00,0,0,,3.97
2026/7/5 3:30:00,0,0,,3.97
2026/7/5 3:45:00,0,0,,3.97
2026/7/5 4:00:00,0,0,,3.97
2026/7/5 4:15:00,0,0,,3.97
2026/7/5 4:30:00,0,0,,3.97
2026/7/5 4:45:00,0,0,,3.97
2026/7/5 5:00:00,0,0,,4.14
2026/7/5 5:15:00,0,0,,3.97
2026/7/5 5:30:00,0,0,,3.97
2026/7/5 5:45:00,0,0,,3.97
2026/7/5 6:00:00,0,0,,3.97
2026/7/5 6:15:00,0,0,,3.97
2026/7/5 6:30:00,0,0,,3.97
2026/7/5 6:45:00,0,0,,3.97
2026/7/5 7:00:00,0,0,,3.81
2026/7/5 7:15:00,0,0,,3.97
2026/7/5 7:30:00,0,0,,3.81
2026/7/5 7:45:00,0,0,,0
2026/7/5 8:00:00,0,0,,0
2026/7/5 8:15:00,0,0,,0
2026/7/5 8:30:00,0,0,,0
2026/7/5 8:45:00,0,0,,0
2026/7/5 9:00:00,0,0,,0
2026/7/5 9:15:00,682.48,0,,124.48
2026/7/5 9:30:00,848.18,0,,123.82
2026/7/5 9:45:00,846.85,0,,123.82
2026/7/5 10:00:00,857.12,0,,123.98
2026/7/5 10:15:00,848.34,0,,619.42
2026/7/5 10:30:00,849.67,0,,616.27
2026/7/5 10:45:00,844.37,0,,614.62
2026/7/5 11:00:00,852.65,0,,613.79
2026/7/5 11:15:00,859.1,0,,612.63
2026/7/5 11:30:00,852.48,0,,611.3
2026/7/5 11:45:00,859.6,0,,611.3
2026/7/5 12:00:00,856.79,696.55,,250.12
2026/7/5 12:15:00,848.84,830.3,,249.95
2026/7/5 12:30:00,715.75,720.06,,249.45
2026/7/5 12:45:00,659.31,659.64,,249.79
2026/7/5 13:00:00,649.04,634.64,,249.45
2026/7/5 13:15:00,648.05,648.55,,249.79
2026/7/5 13:30:00,648.88,632.49,,249.79
2026/7/5 13:45:00,649.04,636.8,,249.95
2026/7/5 14:00:00,651.53,640.11,,249.45
2026/7/5 14:15:00,648.88,634.98,,249.79
2026/7/5 14:30:00,648.38,635.14,,248.96
2026/7/5 14:45:00,648.38,636.63,,249.12
2026/7/5 15:00:00,650.7,633.65,,249.29
2026/7/5 15:15:00,646.89,623.22,,249.12
2026/7/5 15:30:00,641.1,626.04,,249.29
2026/7/5 15:45:00,636.13,620.41,,249.62
2026/7/5 16:00:00,631,617.59,,249.62
2026/7/5 16:15:00,628.68,618.26,,248.96
2026/7/5 16:30:00,628.85,626.37,,249.45
2026/7/5 16:45:00,631.17,627.53,,249.12
2026/7/5 17:00:00,632.99,633.82,,249.29
2026/7/5 17:15:00,632.16,633.98,,248.79
2026/7/5 17:30:00,632.66,628.02,,249.12
2026/7/5 17:45:00,629.51,636.96,,249.29
2026/7/5 18:00:00,632.66,630.67,,248.96
2026/7/5 18:15:00,630.01,633.82,,249.45
2026/7/5 18:30:00,632.66,639.78,,249.62
2026/7/5 18:45:00,631.33,637.13,,249.29
2026/7/5 19:00:00,631.5,627.69,,249.79
2026/7/5 19:15:00,628.35,633.65,,249.45
2026/7/5 19:30:00,629.02,617.76,,249.62
2026/7/5 19:45:00,630.17,613.62,,249.62
2026/7/5 20:00:00,628.02,609.81,,249.95
2026/7/5 20:15:00,628.85,617.1,,249.45
2026/7/5 20:30:00,628.35,605.84,,249.62
2026/7/5 20:45:00,615.44,605.68,,249.95
2026/7/5 21:00:00,615.44,588.46,,249.45
2026/7/5 21:15:00,599.39,589.12,,249.45
2026/7/5 21:30:00,0,0,,124.15
2026/7/5 21:45:00,0,0,,0
2026/7/5 22:00:00,0,0,,0
2026/7/5 22:15:00,0,0,,0
2026/7/5 22:30:00,0,0,,0
2026/7/5 22:45:00,0,0,,0
2026/7/5 23:00:00,0,0,,0
2026/7/5 23:15:00,0,0,,3.97
2026/7/5 23:30:00,0,0,,0
2026/7/5 23:45:00,0,0,,3.97
2026/7/6 0:00:00,0,0,,0
2026/7/6 0:15:00,0,0,,0
2026/7/6 0:30:00,0,0,,0
2026/7/6 0:45:00,0,0,,3.81
2026/7/6 1:00:00,0,0,,3.97
2026/7/6 1:15:00,0,0,,3.97
2026/7/6 1:30:00,0,0,,3.81
2026/7/6 1:45:00,0,0,,3.97
2026/7/6 2:00:00,0,0,,3.97
2026/7/6 2:15:00,0,0,,3.97
2026/7/6 2:30:00,0,0,,3.97
2026/7/6 2:45:00,0,0,,3.97
2026/7/6 3:00:00,0,0,,3.97
2026/7/6 3:15:00,0,0,,3.97
2026/7/6 3:30:00,0,0,,3.97
2026/7/6 3:45:00,0,0,,0
2026/7/6 4:00:00,0,0,,3.81
2026/7/6 4:15:00,0,0,,0
2026/7/6 4:30:00,0,0,,0
2026/7/6 4:45:00,0,0,,3.97
2026/7/6 5:00:00,0,0,,0
2026/7/6 5:15:00,0,0,,0
2026/7/6 5:30:00,0,0,,0
2026/7/6 5:45:00,0,0,,0
2026/7/6 6:00:00,0,0,,0
2026/7/6 6:15:00,0,0,,0
2026/7/6 6:30:00,0,0,,0
2026/7/6 6:45:00,0,0,,0
2026/7/6 7:00:00,0,0,,0
2026/7/6 7:15:00,0,0,,0
2026/7/6 7:30:00,0,0,,0
2026/7/6 7:45:00,0,0,,0
2026/7/6 8:00:00,0,0,,0
2026/7/6 8:15:00,0,0,,0
2026/7/6 8:30:00,0,0,,0
2026/7/6 8:45:00,0,0,,0
2026/7/6 9:00:00,0,0,,0
2026/7/6 9:15:00,868.37,0,,75.32
2026/7/6 9:30:00,862.41,0,,75.15
2026/7/6 9:45:00,866.88,0,,74.99
2026/7/6 10:00:00,863.74,0,,431.21
2026/7/6 10:15:00,864.9,0,,502.55
2026/7/6 10:30:00,854.47,0,,503.05
2026/7/6 10:45:00,816.07,0,,503.21
2026/7/6 11:00:00,760.78,0,,502.72
2026/7/6 11:15:00,739.59,0,,501.89
2026/7/6 11:30:00,837.92,0,,599.22
2026/7/6 11:45:00,862.08,0,,601.54
2026/7/6 12:00:00,867.88,0,,611.8
2026/7/6 12:15:00,869.37,0,,617.59
2026/7/6 12:30:00,871.52,0,,629.02
2026/7/6 12:45:00,875.66,0,,630.17
2026/7/6 13:00:00,772.7,779.81,,207.08
2026/7/6 13:15:00,722.87,737.27,,207.24
2026/7/6 13:30:00,651.03,640.44,,207.58
2026/7/6 13:45:00,627.86,609.81,,207.24
2026/7/6 14:00:00,627.36,607.33,,207.24
2026/7/6 14:15:00,617.92,601.7,,207.41
2026/7/6 14:30:00,611.47,598.23,,207.08
2026/7/6 14:45:00,609.15,596.57,,206.75
2026/7/6 15:00:00,606.5,588.13,,206.91
2026/7/6 15:15:00,606.17,595.25,,207.08
2026/7/6 15:30:00,605.51,591.94,,206.91
2026/7/6 15:45:00,604.52,587.63,,206.91
2026/7/6 16:00:00,598.23,582.34,,207.08
2026/7/6 16:15:00,599.88,585.65,,207.24
2026/7/6 16:30:00,597.57,602.2,,207.24
2026/7/6 16:45:00,598.89,609.48,,206.75
2026/7/6 17:00:00,602.2,603.86,,206.91
2026/7/6 17:15:00,601.7,610.15,,206.75
2026/7/6 17:30:00,601.37,618.92,,207.08
2026/7/6 17:45:00,599.39,608.16,,206.91
2026/7/6 18:00:00,600.88,621.73,,206.75
2026/7/6 18:15:00,600.21,620.91,,207.24
2026/7/6 18:30:00,605.51,640.27,,207.08
2026/7/6 18:45:00,612.3,629.84,,207.08
2026/7/6 19:00:00,615.28,617.92,,207.08
2026/7/6 19:15:00,608.33,592.6,,206.91
2026/7/6 19:30:00,586.81,574.39,,206.91
2026/7/6 19:45:00,586.47,574.72,,207.41
2026/7/6 20:00:00,584.99,572.24,,207.58
2026/7/6 20:15:00,571.08,562.31,,207.24
2026/7/6 20:30:00,614.28,0,,112.89
2026/7/6 20:45:00,876.15,0,,205.75
2026/7/6 21:00:00,873.51,0,,205.26
2026/7/6 21:15:00,878.14,0,,205.42
2026/7/6 21:30:00,877.15,0,,204.93
2026/7/6 21:45:00,850.5,0,,205.42
2026/7/6 22:00:00,0,0,,3.97
2026/7/6 22:15:00,0,0,,4.14
2026/7/6 22:30:00,0,0,,4.14
2026/7/6 22:45:00,0,0,,3.97
2026/7/6 23:00:00,0,0,,0
2026/7/6 23:15:00,0,0,,3.97
2026/7/6 23:30:00,0,0,,3.97
2026/7/6 23:45:00,0,0,,3.81
2026/7/7 0:00:00,0,0,,3.81
2026/7/7 0:15:00,0,0,,3.97
2026/7/7 0:30:00,0,0,,3.97
2026/7/7 0:45:00,0,0,,3.97
2026/7/7 1:00:00,0,0,,3.97
2026/7/7 1:15:00,0,0,,3.81
2026/7/7 1:30:00,0,0,,3.81
2026/7/7 1:45:00,0,0,,3.97
2026/7/7 2:00:00,0,0,,3.97
2026/7/7 2:15:00,0,0,,3.81
2026/7/7 2:30:00,0,0,,3.81
2026/7/7 2:45:00,0,0,,3.97
2026/7/7 3:00:00,0,0,,3.97
2026/7/7 3:15:00,0,0,,3.97
2026/7/7 3:30:00,0,0,,3.97
2026/7/7 3:45:00,0,0,,3.97
2026/7/7 4:00:00,0,0,,3.81
2026/7/7 4:15:00,0,0,,3.97
2026/7/7 4:30:00,0,0,,3.97
2026/7/7 4:45:00,0,0,,3.81
2026/7/7 5:00:00,0,0,,3.81
2026/7/7 5:15:00,0,0,,3.81
2026/7/7 5:30:00,0,0,,3.81
2026/7/7 5:45:00,0,0,,3.97
2026/7/7 6:00:00,0,0,,3.97
2026/7/7 6:15:00,0,0,,3.81
2026/7/7 6:30:00,0,0,,3.81
2026/7/7 6:45:00,0,0,,3.81
2026/7/7 7:00:00,0,0,,0
2026/7/7 7:15:00,0,0,,0
2026/7/7 7:30:00,0,0,,0
2026/7/7 7:45:00,0,0,,0
2026/7/7 8:00:00,0,0,,0
2026/7/7 8:15:00,0,0,,0
2026/7/7 8:30:00,0,0,,0
2026/7/7 8:45:00,0,0,,0
2026/7/7 9:00:00,358.54,0,,105.28
2026/7/7 9:15:00,859.77,0,,104.95
2026/7/7 9:30:00,853.64,0,,105.94
2026/7/7 9:45:00,854.63,0,,528.87
2026/7/7 10:00:00,888.57,0,,626.7
2026/7/7 10:15:00,874.99,0,,615.44
2026/7/7 10:30:00,867.21,0,,609.98
2026/7/7 10:45:00,868.54,0,,609.32
2026/7/7 11:00:00,863.08,0,,608.82
2026/7/7 11:15:00,864.24,0,,609.48
2026/7/7 11:30:00,869.04,0,,611.14
2026/7/7 11:45:00,794.22,687.28,,206.58
2026/7/7 12:00:00,760.61,784.28,,206.58
2026/7/7 12:15:00,657.65,651.69,,206.42
2026/7/7 12:30:00,645.9,630.17,,206.58
2026/7/7 12:45:00,644.91,626.86,,207.08
2026/7/7 13:00:00,636.8,626.37,,206.42
2026/7/7 13:15:00,638.95,626.53,,206.58
2026/7/7 13:30:00,637.79,631.66,,206.75
2026/7/7 13:45:00,641.93,637.29,,206.75
2026/7/7 14:00:00,640.27,630.34,,206.75
2026/7/7 14:15:00,640.44,641.1,,206.25
2026/7/7 14:30:00,637.29,635.97,,206.91
2026/7/7 14:45:00,621.57,609.65,,206.58
2026/7/7 15:00:00,623.06,615.11,,207.08
2026/7/7 15:15:00,612.79,597.57,,206.91
2026/7/7 15:30:00,612.13,593.92,,206.58
2026/7/7 15:45:00,611.64,606.17,,206.58
2026/7/7 16:00:00,614.62,606.84,,206.75
2026/7/7 16:15:00,614.28,611.3,,207.08
2026/7/7 16:30:00,615.44,617.1,,206.91
2026/7/7 16:45:00,616.44,628.52,,206.58
2026/7/7 17:00:00,618.59,629.02,,206.75
2026/7/7 17:15:00,615.11,637.62,,206.75
2026/7/7 17:30:00,618.26,628.19,,206.75
2026/7/7 17:45:00,617.76,643.42,,206.91
2026/7/7 18:00:00,618.59,646.56,,207.08
2026/7/7 18:15:00,616.77,645.73,,207.08
2026/7/7 18:30:00,617.26,649.87,,207.08
2026/7/7 18:45:00,619.58,642.76,,207.08
2026/7/7 19:00:00,619.75,640.93,,206.75
2026/7/7 19:15:00,625.21,659.64,,207.08
2026/7/7 19:30:00,628.52,655.5,,206.75
2026/7/7 19:45:00,627.03,651.03,,206.91
2026/7/7 20:00:00,628.19,647.89,,206.75
2026/7/7 20:15:00,628.19,651.53,,206.42
2026/7/7 20:30:00,627.2,652.85,,206.58
2026/7/7 20:45:00,626.04,642.92,,206.91
2026/7/7 21:00:00,626.7,639.61,,207.24
2026/7/7 21:15:00,686.95,0,,113.06
2026/7/7 21:30:00,860.92,0,,112.89
2026/7/7 21:45:00,0,0,,0
2026/7/7 22:00:00,0,0,,3.81
2026/7/7 22:15:00,0,0,,3.81
2026/7/7 22:30:00,0,0,,3.81
2026/7/7 22:45:00,0,0,,3.97
2026/7/7 23:00:00,0,0,,3.97
2026/7/7 23:15:00,0,0,,3.97
2026/7/7 23:30:00,0,0,,3.81
2026/7/7 23:45:00,0,0,,4.14
2026/7/8 0:00:00,0,0,,3.81
2026/7/8 0:15:00,0,0,,3.97
2026/7/8 0:30:00,0,0,,3.97
2026/7/8 0:45:00,0,0,,3.97
2026/7/8 1:00:00,0,0,,4.14
2026/7/8 1:15:00,0,0,,4.14
2026/7/8 1:30:00,0,0,,3.97
2026/7/8 1:45:00,0,0,,3.97
2026/7/8 2:00:00,0,0,,3.97
2026/7/8 2:15:00,0,0,,3.81
2026/7/8 2:30:00,0,0,,3.97
2026/7/8 2:45:00,0,0,,3.97
2026/7/8 3:00:00,0,0,,3.97
2026/7/8 3:15:00,0,0,,3.97
2026/7/8 3:30:00,0,0,,3.97
2026/7/8 3:45:00,0,0,,3.97
2026/7/8 4:00:00,0,0,,3.81
2026/7/8 4:15:00,0,0,,3.81
2026/7/8 4:30:00,0,0,,3.81
2026/7/8 4:45:00,0,0,,3.97
2026/7/8 5:00:00,0,0,,3.81
2026/7/8 5:15:00,0,0,,3.97
2026/7/8 5:30:00,0,0,,3.97
2026/7/8 5:45:00,0,0,,3.81
2026/7/8 6:00:00,0,0,,3.97
2026/7/8 6:15:00,0,0,,3.97
2026/7/8 6:30:00,0,0,,3.81
2026/7/8 6:45:00,0,0,,0
2026/7/8 7:00:00,0,0,,0
2026/7/8 7:15:00,0,0,,0
2026/7/8 7:30:00,0,0,,0
2026/7/8 7:45:00,0,0,,0
2026/7/8 8:00:00,0,0,,0
2026/7/8 8:15:00,0,0,,0
2026/7/8 8:30:00,0,0,,0
2026/7/8 8:45:00,0,0,,0
2026/7/8 9:00:00,0,0,,0
2026/7/8 9:15:00,825.17,0,,123.65
2026/7/8 9:30:00,853.31,0,,124.31
2026/7/8 9:45:00,850.83,767.73,,218
2026/7/8 10:00:00,687.61,740.58,,218.17
2026/7/8 10:15:00,587.63,569.09,,217.84
2026/7/8 10:30:00,580.18,562.47,,217.51
2026/7/8 10:45:00,671.06,639.28,,217.34
2026/7/8 11:00:00,676.85,692.75,,217.67
2026/7/8 11:15:00,764.59,788.09,,217.84
2026/7/8 11:30:00,696.39,697.38,,217.67
2026/7/8 11:45:00,661.29,655.67,,217.67
2026/7/8 12:00:00,662.29,645.07,,217.67
2026/7/8 12:15:00,663.61,647.06,,217.34
2026/7/8 12:30:00,662.12,652.03,,217.51
2026/7/8 12:45:00,668.58,667.09,,217.51
2026/7/8 13:00:00,666.1,661.63,,217.34
2026/7/8 13:15:00,666.1,667.09,,217.67
2026/7/8 13:30:00,662.62,650.37,,217.51
2026/7/8 13:45:00,663.94,659.64,,217.67
2026/7/8 14:00:00,664.27,645.9,,217.84
2026/7/8 14:15:00,663.12,645.07,,217.67
2026/7/8 14:30:00,657.65,643.42,,217.51
2026/7/8 14:45:00,655.17,650.04,,217.84
2026/7/8 15:00:00,658.32,640.44,,217.51
2026/7/8 15:15:00,655.83,641.1,,217.67
2026/7/8 15:30:00,655.83,639.78,,217.84
2026/7/8 15:45:00,657.16,637.13,,217.51
2026/7/8 16:00:00,645.4,633.15,,217.67
2026/7/8 16:15:00,644.74,629.18,,217.67
2026/7/8 16:30:00,648.22,631.33,,217.51
2026/7/8 16:45:00,647.39,646.73,,218
2026/7/8 17:00:00,647.22,628.68,,218
2026/7/8 17:15:00,644.25,637.29,,218
2026/7/8 17:30:00,648.05,638.29,,217.67
2026/7/8 17:45:00,645.73,640.11,,218
2026/7/8 18:00:00,644.91,641.6,,218
2026/7/8 18:15:00,644.91,631.5,,218
2026/7/8 18:30:00,646.4,637.79,,217.84
2026/7/8 18:45:00,644.58,631.83,,218.33
2026/7/8 19:00:00,648.38,638.12,,218
2026/7/8 19:15:00,647.06,629.84,,218.33
2026/7/8 19:30:00,648.22,638.78,,218.17
2026/7/8 19:45:00,645.73,633.32,,217.84
2026/7/8 20:00:00,637.46,623.55,,217.67
2026/7/8 20:15:00,631.33,619.25,,217.84
2026/7/8 20:30:00,572.74,617.59,,218
2026/7/8 20:45:00,0,672.55,,105.11
2026/7/8 21:00:00,0,820.37,,105.28
2026/7/8 21:15:00,0,787.76,,104.95
2026/7/8 21:30:00,0,0,,105.28
2026/7/8 21:45:00,0,0,,3.97
2026/7/8 22:00:00,0,1.99,,3.81
2026/7/8 22:15:00,0,0,,3.97
2026/7/8 22:30:00,0,0,,3.97
2026/7/8 22:45:00,0,0,,3.97
2026/7/8 23:00:00,0,0,,4.14
2026/7/8 23:15:00,0,0,,4.14
2026/7/8 23:30:00,0,0,,3.97
2026/7/8 23:45:00,0,0,,3.97
2026/7/9 0:00:00,0,0,,3.81
2026/7/9 0:15:00,0,0,,3.81
2026/7/9 0:30:00,0,0,,3.97
2026/7/9 0:45:00,0,0,,3.81
2026/7/9 1:00:00,0,0,,3.97
2026/7/9 1:15:00,0,0,,3.97
2026/7/9 1:30:00,0,0,,3.97
2026/7/9 1:45:00,0,0,,3.97
2026/7/9 2:00:00,0,0,,3.97
2026/7/9 2:15:00,0,0,,3.97
2026/7/9 2:30:00,0,0,,3.97
2026/7/9 2:45:00,0,0,,3.97
2026/7/9 3:00:00,0,0,,4.14
2026/7/9 3:15:00,0,0,,4.14
2026/7/9 3:30:00,0,0,,4.14
2026/7/9 3:45:00,0,0,,3.81
2026/7/9 4:00:00,0,0,,0
2026/7/9 4:15:00,0,0,,3.97
2026/7/9 4:30:00,0,0,,0
2026/7/9 4:45:00,0,0,,3.97
2026/7/9 5:00:00,0,0,,3.81
2026/7/9 5:15:00,0,0,,0
2026/7/9 5:30:00,0,0,,3.97
2026/7/9 5:45:00,0,0,,0
2026/7/9 6:00:00,0,0,,3.81
2026/7/9 6:15:00,0,0,,0
2026/7/9 6:30:00,0,0,,0
2026/7/9 6:45:00,0,0,,0
2026/7/9 7:00:00,0,0,,0
2026/7/9 7:15:00,0,0,,0
2026/7/9 7:30:00,0,0,,0
2026/7/9 7:45:00,0,0,,0
2026/7/9 8:00:00,0,0,,0
2026/7/9 8:15:00,0,0,,0
2026/7/9 8:30:00,0,0,,0
2026/7/9 8:45:00,0,0,,0
2026/7/9 9:00:00,0,0,,0
2026/7/9 9:15:00,0,851.66,,112.73
2026/7/9 9:30:00,475.74,845.03,,225.29
2026/7/9 9:45:00,850.66,848.34,,224.96
2026/7/9 10:00:00,851.49,838.25,,224.79
2026/7/9 10:15:00,832.45,817.39,,224.96
2026/7/9 10:30:00,705.16,700.86,,225.12
2026/7/9 10:45:00,657.49,641.1,,224.96
2026/7/9 11:00:00,643.58,629.18,,224.79
2026/7/9 11:15:00,648.55,633.82,,225.29
2026/7/9 11:30:00,645.73,637.29,,225.62
2026/7/9 11:45:00,648.71,632.82,,225.29
2026/7/9 12:00:00,648.38,649.38,,224.96
2026/7/9 12:15:00,647.72,647.89,,225.29
2026/7/9 12:30:00,649.21,663.45,,225.45
2026/7/9 12:45:00,650.7,677.85,,225.29
2026/7/9 13:00:00,652.85,665.6,,224.46
2026/7/9 13:15:00,652.36,668.25,,224.96
2026/7/9 13:30:00,651.36,673.38,,225.62
2026/7/9 13:45:00,650.87,676.03,,225.12
2026/7/9 14:00:00,651.2,679.17,,225.12
2026/7/9 14:15:00,654.18,673.38,,224.79
2026/7/9 14:30:00,653.68,672.22,,225.29
2026/7/9 14:45:00,651.69,669.07,,224.63
2026/7/9 15:00:00,650.87,666.92,,225.62
2026/7/9 15:15:00,652.36,655.17,,225.45
2026/7/9 15:30:00,649.04,653.02,,225.29
2026/7/9 15:45:00,647.72,652.69,,225.12
2026/7/9 16:00:00,649.87,651.86,,225.12
2026/7/9 16:15:00,651.53,656.16,,224.96
2026/7/9 16:30:00,651.2,664.44,,224.79
2026/7/9 16:45:00,650.54,668.08,,225.12
2026/7/9 17:00:00,652.19,668.41,,225.29
2026/7/9 17:15:00,649.38,658.32,,224.96
2026/7/9 17:30:00,653.18,664.61,,225.12
2026/7/9 17:45:00,653.18,672.55,,224.63
2026/7/9 18:00:00,653.02,678.84,,225.62
2026/7/9 18:15:00,650.54,675.2,,224.96
2026/7/9 18:30:00,652.85,677.52,,224.63
2026/7/9 18:45:00,655.17,685.46,,224.96
2026/7/9 19:00:00,654.84,677.52,,224.96
2026/7/9 19:15:00,653.18,684.14,,225.62
2026/7/9 19:30:00,654.51,679.5,,224.96
2026/7/9 19:45:00,653.68,677.19,,225.78
2026/7/9 20:00:00,650.54,679.83,,225.29
2026/7/9 20:15:00,653.02,676.36,,225.12
2026/7/9 20:30:00,654.84,675.7,,225.29
2026/7/9 20:45:00,651.69,669.57,,225.45
2026/7/9 21:00:00,653.51,671.72,,224.96
2026/7/9 21:15:00,652.03,661.63,,225.62
2026/7/9 21:30:00,650.04,0,,225.78
2026/7/9 21:45:00,649.04,0,,123.82
2026/7/9 22:00:00,657.98,0,,123.82
2026/7/9 22:15:00,0,0,,3.81
2026/7/9 22:30:00,0,0,,3.81
2026/7/9 22:45:00,0,0,,3.97
2026/7/9 23:00:00,0,0,,3.97
2026/7/9 23:15:00,0,0,,3.97
2026/7/9 23:30:00,0,0,,3.97
2026/7/9 23:45:00,0,0,,3.97
2026/7/10 0:00:00,0,0,,3.97
2026/7/10 0:15:00,0,0,,3.97
2026/7/10 0:30:00,0,0,,0
2026/7/10 0:45:00,0,0,,3.97
2026/7/10 1:00:00,0,0,,3.97
2026/7/10 1:15:00,0,0,,3.97
2026/7/10 1:30:00,0,0,,3.81
2026/7/10 1:45:00,0,0,,3.81
2026/7/10 2:00:00,0,0,,3.97
2026/7/10 2:15:00,0,0,,3.97
2026/7/10 2:30:00,0,0,,3.97
2026/7/10 2:45:00,0,0,,3.81
2026/7/10 3:00:00,0,0,,0
2026/7/10 3:15:00,0,0,,0
2026/7/10 3:30:00,0,0,,0
2026/7/10 3:45:00,0,0,,0
2026/7/10 4:00:00,0,0,,0
2026/7/10 4:15:00,0,0,,0
2026/7/10 4:30:00,0,0,,0
2026/7/10 4:45:00,0,0,,0
2026/7/10 5:00:00,0,0,,0
2026/7/10 5:15:00,0,0,,0
2026/7/10 5:30:00,0,0,,0
2026/7/10 5:45:00,0,0,,0
2026/7/10 6:00:00,0,0,,0
2026/7/10 6:15:00,0,0,,0
2026/7/10 6:30:00,0,0,,0
2026/7/10 6:45:00,0,0,,0
2026/7/10 7:00:00,0,0,,0
2026/7/10 7:15:00,0,0,,0
2026/7/10 7:30:00,0,0,,0
2026/7/10 7:45:00,0,0,,3.81
2026/7/10 8:00:00,0,0,,0
2026/7/10 8:15:00,0,0,,0
2026/7/10 8:30:00,0,0,,3.97
2026/7/10 8:45:00,0,0,,0
2026/7/10 9:00:00,0,0,,105.44
2026/7/10 9:15:00,856.12,0,,105.11
2026/7/10 9:30:00,857.12,0,,206.75
2026/7/10 9:45:00,858.94,834.94,,206.75
2026/7/10 10:00:00,826.99,814.74,,206.58
2026/7/10 10:15:00,723.37,733.3,,206.25
2026/7/10 10:30:00,674.21,661.96,,206.75
2026/7/10 10:45:00,667.25,663.28,,206.58
2026/7/10 11:00:00,661.46,648.38,,206.58
2026/7/10 11:15:00,658.65,659.81,,206.09
2026/7/10 11:30:00,664.27,677.35,,206.58
2026/7/10 11:45:00,661.46,666.43,,206.25
2026/7/10 12:00:00,661.79,666.76,,206.09
2026/7/10 12:15:00,662.95,677.19,,206.09
2026/7/10 12:30:00,663.45,669.74,,206.42
2026/7/10 12:45:00,660.8,660.14,,206.25
2026/7/10 13:00:00,612.46,626.53,,181.42
2026/7/10 13:15:00,619.25,639.94,,181.59
2026/7/10 13:30:00,631.17,660.47,,181.75
2026/7/10 13:45:00,628.68,655.34,,181.26
2026/7/10 14:00:00,629.51,652.19,,181.26
2026/7/10 14:15:00,629.84,656.83,,181.92
2026/7/10 14:30:00,627.53,637.62,,181.42
2026/7/10 14:45:00,626.7,636.8,,181.42
2026/7/10 15:00:00,628.85,632,,181.59
2026/7/10 15:15:00,625.21,621.57,,181.59
2026/7/10 15:30:00,622.23,616.1,,181.75
2026/7/10 15:45:00,618.59,612.63,,181.75
2026/7/10 16:00:00,618.42,619.08,,181.75
2026/7/10 16:15:00,618.59,609.15,,181.42
2026/7/10 16:30:00,617.59,628.19,,181.75
2026/7/10 16:45:00,618.92,629.35,,181.75
2026/7/10 17:00:00,621.9,640.44,,181.59
2026/7/10 17:15:00,620.24,642.59,,181.75
2026/7/10 17:30:00,621.73,649.38,,182.08
2026/7/10 17:45:00,626.04,659.47,,181.59
2026/7/10 18:00:00,631.5,655.34,,181.75
2026/7/10 18:15:00,629.02,662.29,,181.42
2026/7/10 18:30:00,632,653.18,,181.42
2026/7/10 18:45:00,633.65,658.48,,181.42
2026/7/10 19:00:00,649.38,676.36,,181.59
2026/7/10 19:15:00,650.87,688.94,,181.92
2026/7/10 19:30:00,654.67,689.6,,181.59
2026/7/10 19:45:00,659.14,695.06,,181.42
2026/7/10 20:00:00,665.6,698.7,,181.92
2026/7/10 20:15:00,672.05,706.48,,181.59
2026/7/10 20:30:00,668.74,703.17,,181.42
2026/7/10 20:45:00,667.75,694.24,,181.59
2026/7/10 21:00:00,698.54,0,,86.9
2026/7/10 21:15:00,834.44,0,,87.07
2026/7/10 21:30:00,0,0,,87.07
2026/7/10 21:45:00,0,0,,0
2026/7/10 22:00:00,0,0,,0
2026/7/10 22:15:00,0,0,,0
2026/7/10 22:30:00,0,0,,0
2026/7/10 22:45:00,0,0,,0
2026/7/10 23:00:00,0,0,,0
2026/7/10 23:15:00,0,1.82,,3.97
2026/7/10 23:30:00,0,0,,3.81
2026/7/10 23:45:00,0,0,,3.97
2026/7/11 0:00:00,0,0,,3.97
2026/7/11 0:15:00,0,0,,3.81
2026/7/11 0:30:00,0,0,,3.97
2026/7/11 0:45:00,0,0,,3.97
2026/7/11 1:00:00,0,0,,3.97
2026/7/11 1:15:00,0,0,,3.97
2026/7/11 1:30:00,0,0,,3.81
2026/7/11 1:45:00,0,0,,3.97
2026/7/11 2:00:00,0,0,,4.14
2026/7/11 2:15:00,0,0,,3.97
2026/7/11 2:30:00,0,0,,3.97
2026/7/11 2:45:00,0,0,,0
2026/7/11 3:00:00,0,0,,3.81
2026/7/11 3:15:00,0,0,,3.81
2026/7/11 3:30:00,0,0,,3.97
2026/7/11 3:45:00,0,0,,3.81
2026/7/11 4:00:00,0,0,,3.81
2026/7/11 4:15:00,0,0,,3.97
2026/7/11 4:30:00,0,0,,3.97
2026/7/11 4:45:00,0,0,,3.97
2026/7/11 5:00:00,0,0,,3.97
2026/7/11 5:15:00,0,0,,3.97
2026/7/11 5:30:00,0,0,,4.14
2026/7/11 5:45:00,0,0,,3.97
2026/7/11 6:00:00,0,0,,3.97
2026/7/11 6:15:00,0,0,,3.97
2026/7/11 6:30:00,0,0,,3.97
2026/7/11 6:45:00,0,0,,3.97
2026/7/11 7:00:00,0,0,,3.97
2026/7/11 7:15:00,0,0,,3.97
2026/7/11 7:30:00,0,0,,3.81
2026/7/11 7:45:00,0,0,,3.97
2026/7/11 8:00:00,0,0,,0
2026/7/11 8:15:00,0,0,,0
2026/7/11 8:30:00,0,0,,0
2026/7/11 8:45:00,0,0,,0
2026/7/11 9:00:00,0,0,,0
2026/7/11 9:15:00,857.95,0,,218.17
2026/7/11 9:30:00,864.07,850,,217.51
2026/7/11 9:45:00,851.49,842.88,,217.67
2026/7/11 10:00:00,812.26,827.49,,217.51
2026/7/11 10:15:00,716.58,718.73,,217.34
2026/7/11 10:30:00,684.3,674.04,,217.51
2026/7/11 10:45:00,680,671.06,,217.34
2026/7/11 11:00:00,680.5,676.36,,217.34
2026/7/11 11:15:00,678.51,672.72,,217.51
2026/7/11 11:30:00,681.66,672.05,,217.51
2026/7/11 11:45:00,727.34,705.33,,217.67
2026/7/11 12:00:00,803.49,812.09,,217.51
2026/7/11 12:15:00,777.33,784.95,,218
2026/7/11 12:30:00,737.77,735.95,,217.67
2026/7/11 12:45:00,734.79,723.7,,217.34
2026/7/11 13:00:00,732.31,730.32,,217.18
2026/7/11 13:15:00,733.8,741.91,,217.51
2026/7/11 13:30:00,733.47,746.05,,217.67
2026/7/11 13:45:00,734.79,745.72,,217.34
2026/7/11 14:00:00,735.45,739.92,,217.34
2026/7/11 14:15:00,731.81,734.13,,217.34
2026/7/11 14:30:00,733.8,741.74,,217.34
2026/7/11 14:45:00,726.02,726.84,,217.18
2026/7/11 15:00:00,709.8,705.82,,217.34
2026/7/11 15:15:00,696.88,690.1,,217.67
2026/7/11 15:30:00,699.04,695.06,,217.18
2026/7/11 15:45:00,697.38,694.57,,217.34
2026/7/11 16:00:00,696.88,696.06,,217.01
2026/7/11 16:15:00,675.86,677.35,,217.34
2026/7/11 16:30:00,660.47,657.49,,217.34
2026/7/11 16:45:00,659.97,659.97,,217.18
2026/7/11 17:00:00,649.87,646.07,,217.01
2026/7/11 17:15:00,648.38,645.9,,217.34
2026/7/11 17:30:00,648.55,655.34,,217.51
2026/7/11 17:45:00,650.7,664.61,,217.34
2026/7/11 18:00:00,651.36,669.9,,217.67
2026/7/11 18:15:00,649.71,671.56,,217.67
2026/7/11 18:30:00,655,676.19,,217.34
2026/7/11 18:45:00,654.34,693.57,,217.84
2026/7/11 19:00:00,656.66,705.99,,217.51
2026/7/11 19:15:00,666.26,712.94,,217.67
2026/7/11 19:30:00,673.05,714.1,,217.34
2026/7/11 19:45:00,672.39,715.09,,217.84
2026/7/11 20:00:00,675.7,724.53,,217.84
2026/7/11 20:15:00,685.79,720.72,,217.84
2026/7/11 20:30:00,684.8,720.89,,217.67
2026/7/11 20:45:00,0,713.44,,105.11
2026/7/11 21:00:00,0,819.05,,104.95
2026/7/11 21:15:00,0,838.25,,104.78
2026/7/11 21:30:00,0,0,,104.95
2026/7/11 21:45:00,0,0,,0
2026/7/11 22:00:00,0,0,,0
2026/7/11 22:15:00,0,0,,0
2026/7/11 22:30:00,0,0,,0
2026/7/11 22:45:00,0,0,,87.23
2026/7/11 23:00:00,0,0,,0
2026/7/11 23:15:00,0,0,,0
2026/7/11 23:30:00,0,0,,0
2026/7/11 23:45:00,0,0,,0
2026/7/12 0:00:00,0,0,,0
2026/7/12 0:15:00,0,0,,0
2026/7/12 0:30:00,0,0,,0
2026/7/12 0:45:00,0,0,,3.97
2026/7/12 1:00:00,0,0,,3.97
2026/7/12 1:15:00,0,0,,0
2026/7/12 1:30:00,0,0,,3.97
2026/7/12 1:45:00,0,0,,3.97
2026/7/12 2:00:00,0,0,,3.97
2026/7/12 2:15:00,0,0,,3.97
2026/7/12 2:30:00,0,0,,3.97
2026/7/12 2:45:00,0,0,,4.14
2026/7/12 3:00:00,0,0,,4.14
2026/7/12 3:15:00,0,0,,3.97
2026/7/12 3:30:00,0,0,,3.97
2026/7/12 3:45:00,0,0,,3.97
2026/7/12 4:00:00,0,0,,4.14
2026/7/12 4:15:00,0,0,,3.97
2026/7/12 4:30:00,0,0,,4.14
2026/7/12 4:45:00,0,0,,4.14
2026/7/12 5:00:00,0,0,,3.97
2026/7/12 5:15:00,0,0,,3.81
2026/7/12 5:30:00,0,0,,3.97
2026/7/12 5:45:00,0,0,,3.97
2026/7/12 6:00:00,0,0,,3.81
2026/7/12 6:15:00,0,0,,3.81
2026/7/12 6:30:00,0,0,,3.81
2026/7/12 6:45:00,0,0,,3.81
2026/7/12 7:00:00,0,0,,0
2026/7/12 7:15:00,0,0,,0
2026/7/12 7:30:00,0,0,,0
2026/7/12 7:45:00,0,0,,0
2026/7/12 8:00:00,0,0,,0
2026/7/12 8:15:00,0,0,,0
2026/7/12 8:30:00,0,0,,0
2026/7/12 8:45:00,0,0,,0
2026/7/12 9:00:00,0,0,,0
2026/7/12 9:15:00,865.56,461,,218
2026/7/12 9:30:00,860.1,856.29,,189.04
2026/7/12 9:45:00,857.12,850.66,,188.87
2026/7/12 10:00:00,773.69,814.08,,188.7
2026/7/12 10:15:00,834.61,817.89,,217.18
2026/7/12 10:30:00,757.63,782.96,,217.67
2026/7/12 10:45:00,697.71,698.37,,217.51
2026/7/12 11:00:00,683.31,681.16,,217.34
2026/7/12 11:15:00,684.14,688.11,,217.51
2026/7/12 11:30:00,687.28,709.8,,217.18
2026/7/12 11:45:00,686.46,707.64,,217.51
2026/7/12 12:00:00,685.13,724.03,,217.34
2026/7/12 12:15:00,689.77,726.51,,217.34
2026/7/12 12:30:00,686.95,730.65,,217.34
2026/7/12 12:45:00,688.28,730.98,,217.34
2026/7/12 13:00:00,686.95,726.84,,217.01
2026/7/12 13:15:00,688.11,730.32,,217.34
2026/7/12 13:30:00,686.12,716.42,,217.01
2026/7/12 13:45:00,687.61,716.91,,217.18
2026/7/12 14:00:00,687.78,710.29,,217.18
2026/7/12 14:15:00,688.11,709.13,,217.34
2026/7/12 14:30:00,687.45,708.8,,217.34
2026/7/12 14:45:00,687.78,720.72,,217.34
2026/7/12 15:00:00,685.79,703.34,,217.34
2026/7/12 15:15:00,682.32,680.33,,217.18
2026/7/12 15:30:00,682.32,689.27,,217.18
2026/7/12 15:45:00,682.98,680.99,,216.85
2026/7/12 16:00:00,684.47,684.47,,217.18
2026/7/12 16:15:00,682.65,679.5,,216.68
2026/7/12 16:30:00,680.66,693.24,,217.01
2026/7/12 16:45:00,685.63,688.61,,217.01
2026/7/12 17:00:00,684.47,686.12,,217.18
2026/7/12 17:15:00,682.48,693.08,,217.34
2026/7/12 17:30:00,684.3,685.3,,217.51
2026/7/12 17:45:00,681.32,685.3,,217.01
2026/7/12 18:00:00,685.63,692.75,,217.18
2026/7/12 18:15:00,684.8,693.08,,217.34
2026/7/12 18:30:00,687.61,700.86,,217.34
2026/7/12 18:45:00,685.96,701.02,,217.18
2026/7/12 19:00:00,686.12,691.59,,217.51
2026/7/12 19:15:00,684.3,695.39,,217.18
2026/7/12 19:30:00,683.48,688.28,,217.51
2026/7/12 19:45:00,682.98,680.99,,217.51
2026/7/12 20:00:00,684.63,698.04,,217.67
2026/7/12 20:15:00,684.47,702.02,,217.67
2026/7/12 20:30:00,687.61,705.66,,217.34
2026/7/12 20:45:00,684.14,710.29,,217.34
2026/7/12 21:00:00,684.63,690.76,,217.18
2026/7/12 21:15:00,663.28,665.6,,217.67
2026/7/12 21:30:00,506.69,644.91,,217.51
2026/7/12 21:45:00,0,392.8,,107.93
2026/7/12 22:00:00,0,0,,108.26
2026/7/12 22:15:00,0,0,,0
2026/7/12 22:30:00,0,0,,0
2026/7/12 22:45:00,0,0,,3.97
2026/7/12 23:00:00,0,0,,0
2026/7/12 23:15:00,0,0,,3.81
2026/7/12 23:30:00,0,0,,3.81
2026/7/12 23:45:00,0,0,,3.97
2026/7/13 0:00:00,0,0,,3.97
2026/7/13 0:15:00,0,0,,3.81
2026/7/13 0:30:00,0,0,,3.97
2026/7/13 0:45:00,0,0,,3.97
2026/7/13 1:00:00,0,0,,3.97
2026/7/13 1:15:00,0,0,,3.97
2026/7/13 1:30:00,0,0,,3.97
2026/7/13 1:45:00,0,0,,3.81
2026/7/13 2:00:00,0,0,,4.14
2026/7/13 2:15:00,0,0,,3.97
2026/7/13 2:30:00,0,0,,4.14
2026/7/13 2:45:00,0,0,,3.97
2026/7/13 3:00:00,0,0,,4.14
2026/7/13 3:15:00,0,0,,3.81
2026/7/13 3:30:00,0,0,,3.81
2026/7/13 3:45:00,0,0,,3.97
2026/7/13 4:00:00,0,0,,3.97
2026/7/13 4:15:00,0,0,,3.97
2026/7/13 4:30:00,0,0,,3.97
2026/7/13 4:45:00,0,0,,3.97
2026/7/13 5:00:00,0,0,,3.97
2026/7/13 5:15:00,0,0,,3.81
2026/7/13 5:30:00,0,0,,0
2026/7/13 5:45:00,0,0,,0
2026/7/13 6:00:00,0,0,,0
2026/7/13 6:15:00,0,0,,0
2026/7/13 6:30:00,0,0,,0
2026/7/13 6:45:00,0,0,,0
2026/7/13 7:00:00,0,0,,0
2026/7/13 7:15:00,0,0,,0
2026/7/13 7:30:00,0,0,,0
2026/7/13 7:45:00,0,0,,0
2026/7/13 8:00:00,0,0,,0
2026/7/13 8:15:00,0,0,,0
2026/7/13 8:30:00,0,0,,0
2026/7/13 8:45:00,0,0,,0
2026/7/13 9:00:00,0,0,,87.23
2026/7/13 9:15:00,850.83,530.69,,199.96
2026/7/13 9:30:00,852.81,848.01,,200.29
2026/7/13 9:45:00,842.39,825.34,,200.29
2026/7/13 10:00:00,823.18,814.58,,225.78
2026/7/13 10:15:00,761.28,793.22,,225.62
2026/7/13 10:30:00,718.24,730.82,,225.29
2026/7/13 10:45:00,708.31,702.02,,224.96
2026/7/13 11:00:00,709.8,705.49,,224.79
2026/7/13 11:15:00,710.95,720.89,,225.12
2026/7/13 11:30:00,710.13,711.12,,224.46
2026/7/13 11:45:00,711.45,711.29,,224.96
2026/7/13 12:00:00,702.35,702.35,,224.96
2026/7/13 12:15:00,705.82,700.36,,224.96
2026/7/13 12:30:00,702.51,701.85,,224.63
2026/7/13 12:45:00,707.48,708.97,,224.96
2026/7/13 13:00:00,704.5,722.54,,224.96
2026/7/13 13:15:00,705.99,721.88,,225.12
2026/7/13 13:30:00,705.16,723.87,,224.79
2026/7/13 13:45:00,706.82,724.36,,224.96
2026/7/13 14:00:00,707.15,719.4,,225.29
2026/7/13 14:15:00,703.34,704.5,,224.79
2026/7/13 14:30:00,697.21,700.03,,224.46
2026/7/13 14:45:00,676.69,686.62,,225.29
2026/7/13 15:00:00,660.96,661.96,,224.96
2026/7/13 15:15:00,653.18,653.02,,224.46
2026/7/13 15:30:00,654.34,648.55,,224.96
2026/7/13 15:45:00,653.68,663.12,,224.96
2026/7/13 16:00:00,656.16,669.07,,224.79
2026/7/13 16:15:00,655.5,673.05,,224.79
2026/7/13 16:30:00,656.16,689.93,,224.46
2026/7/13 16:45:00,659.14,696.22,,224.79
2026/7/13 17:00:00,659.97,698.04,,224.63
2026/7/13 17:15:00,671.06,707.48,,225.12
2026/7/13 17:30:00,673.21,718.4,,224.79
2026/7/13 17:45:00,681.99,723.37,,225.62
2026/7/13 18:00:00,683.97,731.98,,225.45
2026/7/13 18:15:00,685.63,733.96,,224.63
2026/7/13 18:30:00,683.81,737.11,,224.63
2026/7/13 18:45:00,682.98,734.79,,225.45
2026/7/13 19:00:00,688.44,733.3,,225.45
2026/7/13 19:15:00,685.3,728.83,,224.79
2026/7/13 19:30:00,683.97,725.69,,225.12
2026/7/13 19:45:00,682.81,721.55,,225.12
2026/7/13 20:00:00,682.81,730.98,,225.62
2026/7/13 20:15:00,683.31,721.05,,225.29
2026/7/13 20:30:00,687.61,714.6,,225.45
2026/7/13 20:45:00,685.96,704.17,,225.12
2026/7/13 21:00:00,684.8,687.95,,225.45
2026/7/13 21:15:00,728.17,0,,123.82
2026/7/13 21:30:00,0,0,,123.82
2026/7/13 21:45:00,0,0,,0
2026/7/13 22:00:00,0,0,,0
2026/7/13 22:15:00,0,0,,0
2026/7/13 22:30:00,0,0,,0
2026/7/13 22:45:00,0,0,,0
2026/7/13 23:00:00,0,0,,0
2026/7/13 23:15:00,0,0,,3.97
2026/7/13 23:30:00,0,0,,0
2026/7/13 23:45:00,0,0,,0
2026/7/14 0:00:00,0,0,,0
2026/7/14 0:15:00,0,0,,0
2026/7/14 0:30:00,0,0,,0
2026/7/14 0:45:00,0,0,,0
2026/7/14 1:00:00,0,0,,0
2026/7/14 1:15:00,0,0,,0
2026/7/14 1:30:00,0,0,,0
2026/7/14 1:45:00,0,0,,0
2026/7/14 2:00:00,0,0,,3.97
2026/7/14 2:15:00,0,0,,3.97
2026/7/14 2:30:00,0,0,,0
2026/7/14 2:45:00,0,0,,3.97
2026/7/14 3:00:00,0,0,,3.97
2026/7/14 3:15:00,0,0,,4.14
2026/7/14 3:30:00,0,0,,3.81
2026/7/14 3:45:00,0,0,,0
2026/7/14 4:00:00,0,0,,0
2026/7/14 4:15:00,0,0,,0
2026/7/14 4:30:00,0,0,,0
2026/7/14 4:45:00,0,0,,0
2026/7/14 5:00:00,0,0,,0
2026/7/14 5:15:00,0,0,,0
2026/7/14 5:30:00,0,0,,0
2026/7/14 5:45:00,0,0,,0
2026/7/14 6:00:00,0,0,,0
2026/7/14 6:15:00,0,0,,0
2026/7/14 6:30:00,0,0,,0
2026/7/14 6:45:00,0,0,,0
2026/7/14 7:00:00,0,0,,0
2026/7/14 7:15:00,0,0,,0
2026/7/14 7:30:00,0,0,,0
2026/7/14 7:45:00,0,0,,0
2026/7/14 8:00:00,0,0,,0
2026/7/14 8:15:00,0,0,,0
2026/7/14 8:30:00,0,0,,0
2026/7/14 8:45:00,0,0,,0
2026/7/14 9:00:00,855.96,0,,104.95
2026/7/14 9:15:00,801.33,0,,77.8
2026/7/14 9:30:00,854.14,839.57,,157.75
2026/7/14 9:45:00,850.99,841.23,,157.92
2026/7/14 10:00:00,848.18,826.49,,157.92
2026/7/14 10:15:00,830.14,812.92,,157.75
2026/7/14 10:30:00,822.36,802.99,,157.75
2026/7/14 10:45:00,780.64,793.55,,157.59
2026/7/14 11:00:00,743.07,776.01,,157.75
2026/7/14 11:15:00,774.35,789.75,,206.91
2026/7/14 11:30:00,776.84,791.4,,206.75
2026/7/14 11:45:00,778.82,792.4,,206.58
2026/7/14 12:00:00,779.32,790.57,,206.25
2026/7/14 12:15:00,779.48,790.24,,206.58
2026/7/14 12:30:00,781.8,794.55,,206.25
2026/7/14 12:45:00,804.81,797.69,,206.42
2026/7/14 13:00:00,800.51,798.02,,206.42
2026/7/14 13:15:00,798.69,792.73,,206.25
2026/7/14 13:30:00,795.21,795.71,,206.25
2026/7/14 13:45:00,775.68,789.91,,206.42
2026/7/14 14:00:00,763.26,780.97,,206.75
2026/7/14 14:15:00,748.86,768.39,,206.58
2026/7/14 14:30:00,746.21,756.81,,206.25
2026/7/14 14:45:00,745.05,749.69,,206.42
2026/7/14 15:00:00,736.28,732.8,,206.58
2026/7/14 15:15:00,738.1,715.75,,206.09
2026/7/14 15:30:00,739.92,726.51,,206.42
2026/7/14 15:45:00,737.11,729.82,,206.25
2026/7/14 16:00:00,736.78,727.01,,206.58
2026/7/14 16:15:00,736.94,726.68,,206.42
2026/7/14 16:30:00,737.94,739.26,,206.42
2026/7/14 16:45:00,740.42,761.94,,206.42
2026/7/14 17:00:00,743.4,772.7,,205.92
2026/7/14 17:15:00,774.85,773.69,,206.42
2026/7/14 17:30:00,777.66,778.32,,206.42
2026/7/14 17:45:00,764.59,768.06,,206.58
2026/7/14 18:00:00,741.58,760.78,,206.75
2026/7/14 18:15:00,737.27,751.51,,206.42
2026/7/14 18:30:00,736.61,746.38,,206.42
2026/7/14 18:45:00,741.58,738.76,,207.08
2026/7/14 19:00:00,742.07,729.49,,206.75
2026/7/14 19:15:00,742.4,753.16,,206.75
2026/7/14 19:30:00,742.74,777.17,,206.25
2026/7/14 19:45:00,745.38,776.67,,206.58
2026/7/14 20:00:00,755.81,781.97,,206.91
2026/7/14 20:15:00,779.81,779.65,,206.91
2026/7/14 20:30:00,779.65,778.16,,206.42
2026/7/14 20:45:00,0,786.1,,112.73
2026/7/14 21:00:00,0,837.42,,112.89
2026/7/14 21:15:00,0,846.69,,113.39
2026/7/14 21:30:00,0,0,,113.39
2026/7/14 21:45:00,0,0,,3.97
2026/7/14 22:00:00,0,0,,4.14
2026/7/14 22:15:00,0,0,,3.81
2026/7/14 22:30:00,0,0,,0
2026/7/14 22:45:00,0,0,,3.97
2026/7/14 23:00:00,0,0,,0
2026/7/14 23:15:00,0,0,,0
2026/7/14 23:30:00,0,0,,0
2026/7/14 23:45:00,0,0,,0
2026/7/15 0:00:00,0,0,,0
2026/7/15 0:15:00,0,0,,0
2026/7/15 0:30:00,0,0,,0
2026/7/15 0:45:00,0,0,,3.97
2026/7/15 1:00:00,0,0,,3.97
2026/7/15 1:15:00,0,0,,3.97
2026/7/15 1:30:00,0,0,,0
2026/7/15 1:45:00,0,0,,0
2026/7/15 2:00:00,0,0,,0
2026/7/15 2:15:00,0,0,,0
2026/7/15 2:30:00,0,0,,0
2026/7/15 2:45:00,0,0,,0
2026/7/15 3:00:00,0,0,,3.97
2026/7/15 3:15:00,0,0,,3.97
2026/7/15 3:30:00,0,0,,3.97
2026/7/15 3:45:00,0,0,,3.97
2026/7/15 4:00:00,0,0,,3.81
2026/7/15 4:15:00,0,0,,3.97
2026/7/15 4:30:00,0,0,,3.97
2026/7/15 4:45:00,0,0,,3.97
2026/7/15 5:00:00,0,0,,3.97
2026/7/15 5:15:00,0,0,,3.97
2026/7/15 5:30:00,0,0,,3.97
2026/7/15 5:45:00,0,0,,3.97
2026/7/15 6:00:00,0,0,,3.97
2026/7/15 6:15:00,0,0,,3.81
2026/7/15 6:30:00,0,0,,3.97
2026/7/15 6:45:00,0,0,,3.81
2026/7/15 7:00:00,0,0,,0
2026/7/15 7:15:00,0,0,,0
2026/7/15 7:30:00,0,0,,0
2026/7/15 7:45:00,0,0,,0
2026/7/15 8:00:00,0,0,,0
2026/7/15 8:15:00,0,0,,0
2026/7/15 8:30:00,0,0,,0
2026/7/15 8:45:00,686.95,0,,123.65
2026/7/15 9:00:00,845.86,0,,123.65
2026/7/15 9:15:00,847.68,842.72,,188.7
2026/7/15 9:30:00,838.41,842.39,,188.87
2026/7/15 9:45:00,844.7,823.18,,217.67
2026/7/15 10:00:00,836.26,818.05,,217.51
2026/7/15 10:15:00,831.79,813.58,,217.01
2026/7/15 10:30:00,828.32,812.26,,217.51
2026/7/15 10:45:00,815.24,805.31,,217.51
2026/7/15 11:00:00,798.85,800.34,,217.51
2026/7/15 11:15:00,778.49,788.75,,217.51
2026/7/15 11:30:00,760.61,781.64,,217.51
2026/7/15 11:45:00,758.3,768.72,,217.18
2026/7/15 12:00:00,757.8,760.12,,217.18
2026/7/15 12:15:00,756.81,755.98,,217.34
2026/7/15 12:30:00,756.64,747.54,,217.34
2026/7/15 12:45:00,758.63,744.89,,217.34
2026/7/15 13:00:00,757.8,754.16,,217.18
2026/7/15 13:15:00,759.95,755.65,,217.67
2026/7/15 13:30:00,759.62,758.63,,217.01
2026/7/15 13:45:00,759.62,754.16,,217.51
2026/7/15 14:00:00,757.14,749.36,,217.34
2026/7/15 14:15:00,759.29,754.82,,217.51
2026/7/15 14:30:00,759.79,769.22,,217.67
2026/7/15 14:45:00,758.79,771.04,,217.67
2026/7/15 15:00:00,760.45,774.02,,217.51
2026/7/15 15:15:00,759.62,764.25,,217.01
2026/7/15 15:30:00,757.3,758.13,,217.34
2026/7/15 15:45:00,756.81,748.7,,217.51
2026/7/15 16:00:00,757.47,745.88,,217.18
2026/7/15 16:15:00,754.16,740.75,,217.51
2026/7/15 16:30:00,756.97,739.59,,217.18
2026/7/15 16:45:00,754.49,742.9,,217.51
2026/7/15 17:00:00,759.12,750.85,,217.34
2026/7/15 17:15:00,756.81,744.39,,217.18
2026/7/15 17:30:00,758.63,754.99,,217.51
2026/7/15 17:45:00,756.14,759.79,,217.34
2026/7/15 18:00:00,757.3,757.96,,217.18
2026/7/15 18:15:00,754.65,758.79,,217.84
2026/7/15 18:30:00,757.14,769.06,,217.34
2026/7/15 18:45:00,758.46,777.83,,217.84
2026/7/15 19:00:00,757.14,773.52,,217.18
2026/7/15 19:15:00,757.96,770.55,,217.67
2026/7/15 19:30:00,758.3,761.77,,217.34
2026/7/15 19:45:00,756.64,763.1,,217.34
2026/7/15 20:00:00,758.13,765.74,,217.51
2026/7/15 20:15:00,745.22,0,,373.27
2026/7/15 20:30:00,869.37,0,,545.42
2026/7/15 20:45:00,866.22,1.99,,545.09
2026/7/15 21:00:00,872.84,0,,545.59
2026/7/15 21:15:00,864.4,0,,637.29
2026/7/15 21:30:00,872.51,0,,638.12
2026/7/15 21:45:00,862.25,0,,636.3
2026/7/15 22:00:00,862.25,0,,197.97
2026/7/15 22:15:00,481.2,0,,198.14
2026/7/15 22:30:00,0,0,,123.98
2026/7/15 22:45:00,0,0,,124.48
2026/7/15 23:00:00,0,0,,3.97
2026/7/15 23:15:00,0,0,,4.14
2026/7/15 23:30:00,0,0,,4.14
2026/7/15 23:45:00,0,0,,3.97
2026/7/16 0:00:00,0,0,,3.97
2026/7/16 0:15:00,0,0,,3.97
2026/7/16 0:30:00,0,0,,4.14
2026/7/16 0:45:00,0,0,,3.97
2026/7/16 1:00:00,0,0,,3.81
2026/7/16 1:15:00,0,0,,3.81
2026/7/16 1:30:00,0,0,,0
2026/7/16 1:45:00,0,0,,0
2026/7/16 2:00:00,0,0,,0
2026/7/16 2:15:00,0,0,,0
2026/7/16 2:30:00,0,0,,0
2026/7/16 2:45:00,0,0,,3.97
2026/7/16 3:00:00,0,0,,3.97
2026/7/16 3:15:00,0,0,,4.14
2026/7/16 3:30:00,0,0,,3.97
2026/7/16 3:45:00,0,0,,3.97
2026/7/16 4:00:00,0,0,,3.81
2026/7/16 4:15:00,0,0,,3.97
2026/7/16 4:30:00,0,0,,3.97
2026/7/16 4:45:00,0,0,,4.14
2026/7/16 5:00:00,0,0,,3.81
2026/7/16 5:15:00,0,0,,3.97
2026/7/16 5:30:00,0,0,,3.81
2026/7/16 5:45:00,0,0,,3.97
2026/7/16 6:00:00,0,0,,3.97
2026/7/16 6:15:00,0,0,,3.97
2026/7/16 6:30:00,0,0,,3.97
2026/7/16 6:45:00,0,0,,3.81
2026/7/16 7:00:00,0,0,,3.81
2026/7/16 7:15:00,0,0,,0
2026/7/16 7:30:00,0,0,,0
2026/7/16 7:45:00,0,0,,0
2026/7/16 8:00:00,0,0,,0
2026/7/16 8:15:00,0,0,,0
2026/7/16 8:30:00,0,0,,0
2026/7/16 8:45:00,323.94,0,,112.89
2026/7/16 9:00:00,851.99,387.84,,207.08
2026/7/16 9:15:00,863.74,846.03,,155.6
2026/7/16 9:30:00,674.54,704.83,,155.6
2026/7/16 9:45:00,624.55,638.95,,155.76
2026/7/16 10:00:00,628.19,650.37,,155.6
2026/7/16 10:15:00,644.41,667.25,,155.6
2026/7/16 10:30:00,661.96,691.09,,155.43
2026/7/16 10:45:00,734.79,761.94,,206.58
2026/7/16 11:00:00,730.32,739.09,,206.58
2026/7/16 11:15:00,733.14,726.18,,206.75
2026/7/16 11:30:00,734.62,740.09,,206.58
2026/7/16 11:45:00,731.98,740.42,,206.58
2026/7/16 12:00:00,730.82,734.13,,206.42
2026/7/16 12:15:00,735.78,741.74,,206.58
2026/7/16 12:30:00,735.29,750.52,,206.42
2026/7/16 12:45:00,666.1,687.95,,207.24
2026/7/16 13:00:00,671.56,695.56,,206.58
2026/7/16 13:15:00,679.83,713.44,,206.91
2026/7/16 13:30:00,681.66,717.41,,206.91
2026/7/16 13:45:00,680.66,717.41,,206.42
2026/7/16 14:00:00,681.32,719.4,,206.58
2026/7/16 14:15:00,688.94,726.51,,206.58
2026/7/16 14:30:00,688.77,722.38,,206.25
2026/7/16 14:45:00,688.94,712.28,,206.58
2026/7/16 15:00:00,686.62,711.45,,206.42
2026/7/16 15:15:00,685.79,706.82,,206.58
2026/7/16 15:30:00,686.62,685.13,,206.91
2026/7/16 15:45:00,684.8,686.95,,206.75
2026/7/16 16:00:00,688.11,690.1,,206.42
2026/7/16 16:15:00,685.96,685.96,,206.42
2026/7/16 16:30:00,687.28,695.89,,206.91
2026/7/16 16:45:00,687.45,694.9,,206.58
2026/7/16 17:00:00,688.61,703.34,,207.08
2026/7/16 17:15:00,687.28,701.68,,206.91
2026/7/16 17:30:00,689.27,703.34,,206.91
2026/7/16 17:45:00,688.61,712.28,,206.75
2026/7/16 18:00:00,689.44,713.77,,206.91
2026/7/16 18:15:00,688.11,723.37,,206.75
2026/7/16 18:30:00,690.76,713.44,,206.91
2026/7/16 18:45:00,687.95,716.25,,206.58
2026/7/16 19:00:00,689.77,720.72,,206.75
2026/7/16 19:15:00,688.77,725.02,,206.91
2026/7/16 19:30:00,690.76,724.2,,206.58
2026/7/16 19:45:00,743.4,743.89,,206.75
2026/7/16 20:00:00,763.43,795.21,,206.75
2026/7/16 20:15:00,757.96,773.52,,206.91
2026/7/16 20:30:00,754.32,759.95,,206.75
2026/7/16 20:45:00,747.04,745.72,,207.24
2026/7/16 21:00:00,746.38,735.62,,206.91
2026/7/16 21:15:00,753.33,0,,104.95
2026/7/16 21:30:00,0,0,,105.28
2026/7/16 21:45:00,0,0,,3.97
2026/7/16 22:00:00,0,0,,4.14
2026/7/16 22:15:00,0,0,,3.81
2026/7/16 22:30:00,0,0,,3.81
2026/7/16 22:45:00,0,0,,3.97
2026/7/16 23:00:00,0,0,,3.97
2026/7/16 23:15:00,0,0,,3.97
2026/7/16 23:30:00,0,0,,4.14
2026/7/16 23:45:00,0,0,,4.14
2026/7/17 0:00:00,0,0,,0
2026/7/17 0:15:00,0,0,,0
2026/7/17 0:30:00,0,0,,0
2026/7/17 0:45:00,0,0,,3.81
2026/7/17 1:00:00,0,0,,3.97
2026/7/17 1:15:00,0,0,,3.81
2026/7/17 1:30:00,0,0,,3.97
2026/7/17 1:45:00,0,0,,0
2026/7/17 2:00:00,0,0,,0
2026/7/17 2:15:00,0,0,,0
2026/7/17 2:30:00,0,0,,0
2026/7/17 2:45:00,0,0,,0
2026/7/17 3:00:00,0,0,,0
2026/7/17 3:15:00,0,0,,3.81
2026/7/17 3:30:00,0,0,,3.97
2026/7/17 3:45:00,0,0,,3.81
2026/7/17 4:00:00,0,0,,3.81
2026/7/17 4:15:00,0,0,,3.97
2026/7/17 4:30:00,0,0,,3.81
2026/7/17 4:45:00,0,0,,4.14
2026/7/17 5:00:00,0,0,,3.97
2026/7/17 5:15:00,0,0,,3.81
2026/7/17 5:30:00,0,0,,3.81
2026/7/17 5:45:00,0,0,,3.97
2026/7/17 6:00:00,0,0,,3.97
2026/7/17 6:15:00,0,0,,3.81
2026/7/17 6:30:00,0,0,,3.81
2026/7/17 6:45:00,0,0,,0
2026/7/17 7:00:00,0,0,,0
2026/7/17 7:15:00,0,0,,0
2026/7/17 7:30:00,0,0,,0
2026/7/17 7:45:00,0,0,,0
2026/7/17 8:00:00,0,0,,0
2026/7/17 8:15:00,0,0,,0
2026/7/17 8:30:00,0,0,,0
2026/7/17 8:45:00,0,0,,0
2026/7/17 9:00:00,0,0,,0
2026/7/17 9:15:00,825.5,411.01,,225.45
2026/7/17 9:30:00,856.79,878.47,,225.45
2026/7/17 9:45:00,872.18,863.9,,225.29
2026/7/17 10:00:00,867.71,845.03,,225.45
2026/7/17 10:15:00,861.92,837.09,,224.79
2026/7/17 10:30:00,848.84,829.47,,225.12
2026/7/17 10:45:00,837.58,819.87,,224.96
2026/7/17 11:00:00,829.64,813.25,,224.79
2026/7/17 11:15:00,829.31,812.42,,224.79
2026/7/17 11:30:00,819.21,807.79,,224.46
2026/7/17 11:45:00,813.58,804.31,,225.29
2026/7/17 12:00:00,802.33,800.67,,224.79
2026/7/17 12:15:00,803.32,801.17,,224.96
2026/7/17 12:30:00,799.51,797.69,,225.12
2026/7/17 12:45:00,797.69,800.34,,224.79
2026/7/17 13:00:00,798.69,802.49,,224.63
2026/7/17 13:15:00,804.48,804.15,,224.79
2026/7/17 13:30:00,805.8,802.16,,224.63
2026/7/17 13:45:00,805.14,798.02,,224.79
2026/7/17 14:00:00,806.13,800.84,,225.12
2026/7/17 14:15:00,807.96,804.48,,224.96
2026/7/17 14:30:00,805.14,798.02,,225.29
2026/7/17 14:45:00,802.66,799.35,,225.29
2026/7/17 15:00:00,803.98,801,,224.79
2026/7/17 15:15:00,800.67,800.51,,225.12
2026/7/17 15:30:00,800.34,793.06,,224.96
2026/7/17 15:45:00,797.86,794.88,,224.96
2026/7/17 16:00:00,794.55,793.88,,225.62
2026/7/17 16:15:00,796.04,793.88,,224.96
2026/7/17 16:30:00,798.19,793.55,,225.29
2026/7/17 16:45:00,799.84,792.4,,225.12
2026/7/17 17:00:00,799.68,796.86,,225.29
2026/7/17 17:15:00,801.17,795.21,,225.45
2026/7/17 17:30:00,801,796.86,,225.12
2026/7/17 17:45:00,802.16,793.39,,225.29
2026/7/17 18:00:00,800.67,778.32,,225.45
2026/7/17 18:15:00,796.53,776.34,,225.29
2026/7/17 18:30:00,802.16,779.98,,225.78
2026/7/17 18:45:00,800.18,776.67,,225.29
2026/7/17 19:00:00,798.52,779.32,,225.45
2026/7/17 19:15:00,800.34,780.97,,225.62
2026/7/17 19:30:00,805.14,777.83,,225.62
2026/7/17 19:45:00,804.31,781.64,,225.78
2026/7/17 20:00:00,802,780.15,,225.45
2026/7/17 20:15:00,802.49,779.81,,225.62
2026/7/17 20:30:00,802.16,777.33,,225.78
2026/7/17 20:45:00,791.07,0,,113.22
2026/7/17 21:00:00,868.87,0,,113.22
2026/7/17 21:15:00,894.03,0,,113.55
2026/7/17 21:30:00,0,0,,113.39
2026/7/17 21:45:00,0,0,,0
2026/7/17 22:00:00,0,0,,0
2026/7/17 22:15:00,0,0,,0
2026/7/17 22:30:00,0,0,,0
2026/7/17 22:45:00,0,0,,0
2026/7/17 23:00:00,0,0,,0
2026/7/17 23:15:00,0,0,,3.81
2026/7/17 23:30:00,0,0,,3.97
2026/7/17 23:45:00,0,0,,0
2026/7/18 0:00:00,0,0,,0
2026/7/18 0:15:00,0,0,,0
2026/7/18 0:30:00,0,0,,0
2026/7/18 0:45:00,0,0,,0
2026/7/18 1:00:00,0,0,,0
2026/7/18 1:15:00,0,0,,0
2026/7/18 1:30:00,0,0,,3.97
2026/7/18 1:45:00,0,0,,0
2026/7/18 2:00:00,0,0,,3.81
2026/7/18 2:15:00,0,0,,0
2026/7/18 2:30:00,0,0,,0
2026/7/18 2:45:00,0,0,,0
2026/7/18 3:00:00,0,0,,0
2026/7/18 3:15:00,0,0,,0
2026/7/18 3:30:00,0,0,,0
2026/7/18 3:45:00,0,0,,0
2026/7/18 4:00:00,0,0,,0
2026/7/18 4:15:00,0,0,,0
2026/7/18 4:30:00,0,0,,0
2026/7/18 4:45:00,0,0,,0
2026/7/18 5:00:00,0,0,,0
2026/7/18 5:15:00,0,0,,0
2026/7/18 5:30:00,0,0,,0
2026/7/18 5:45:00,0,0,,0
2026/7/18 6:00:00,0,0,,0
2026/7/18 6:15:00,0,0,,0
2026/7/18 6:30:00,0,0,,0
2026/7/18 6:45:00,0,0,,0
2026/7/18 7:00:00,0,0,,0
2026/7/18 7:15:00,0,0,,0
2026/7/18 7:30:00,0,0,,0
2026/7/18 7:45:00,0,0,,0
2026/7/18 8:00:00,0,0,,0
2026/7/18 8:15:00,0,0,,0
2026/7/18 8:30:00,0,0,,0
2026/7/18 8:45:00,0,0,,0
2026/7/18 9:00:00,0,0,,0
2026/7/18 9:15:00,625.87,0,,104.95
2026/7/18 9:30:00,856.29,873.67,,217.84
2026/7/18 9:45:00,847.68,875.66,,218.17
2026/7/18 10:00:00,850.83,864.24,,218
2026/7/18 10:15:00,858.94,845.7,,217.67
2026/7/18 10:30:00,858.77,829.14,,218.17
2026/7/18 10:45:00,847.85,823.35,,217.84
2026/7/18 11:00:00,834.44,813.58,,218
2026/7/18 11:15:00,830.47,806.47,,217.84
2026/7/18 11:30:00,800.34,800.51,,217.67
2026/7/18 11:45:00,782.13,796.53,,217.34
2026/7/18 12:00:00,771.54,787.59,,217.51
2026/7/18 12:15:00,769.22,787.59,,217.51
2026/7/18 12:30:00,764.59,781.64,,217.67
2026/7/18 12:45:00,761.61,772.37,,217.51
2026/7/18 13:00:00,761.44,759.62,,217.18
2026/7/18 13:15:00,764.92,777.66,,217.67
2026/7/18 13:30:00,763.92,782.3,,217.51
2026/7/18 13:45:00,764.92,790.74,,217.67
2026/7/18 14:00:00,760.94,791.9,,217.84
2026/7/18 14:15:00,763.1,788.92,,217.67
2026/7/18 14:30:00,764.42,793.72,,217.51
2026/7/18 14:45:00,757.8,779.15,,217.34
2026/7/18 15:00:00,736.94,764.09,,217.67
2026/7/18 15:15:00,712.77,746.21,,217.67
2026/7/18 15:30:00,708.14,720.89,,217.67
2026/7/18 15:45:00,707.81,704.5,,217.84
2026/7/18 16:00:00,713.27,726.84,,217.51
2026/7/18 16:15:00,711.45,732.64,,217.67
2026/7/18 16:30:00,709.96,726.02,,217.84
2026/7/18 16:45:00,710.95,721.22,,217.51
2026/7/18 17:00:00,711.29,719.56,,217.67
2026/7/18 17:15:00,712.28,718.73,,217.67
2026/7/18 17:30:00,709.13,716.09,,217.84
2026/7/18 17:45:00,690.76,705.66,,217.51
2026/7/18 18:00:00,680.83,686.29,,217.67
2026/7/18 18:15:00,673.54,683.97,,218
2026/7/18 18:30:00,672.88,685.3,,217.84
2026/7/18 18:45:00,673.54,698.21,,218
2026/7/18 19:00:00,673.05,692.58,,217.84
2026/7/18 19:15:00,671.39,691.59,,217.84
2026/7/18 19:30:00,672.72,694.9,,217.67
2026/7/18 19:45:00,672.05,685.96,,217.84
2026/7/18 20:00:00,671.23,686.46,,217.67
2026/7/18 20:15:00,673.54,686.95,,217.84
2026/7/18 20:30:00,674.7,703.34,,218
2026/7/18 20:45:00,672.88,695.23,,218
2026/7/18 21:00:00,675.7,687.12,,218
2026/7/18 21:15:00,656.49,671.56,,218
2026/7/18 21:30:00,643.75,648.22,,218.17
2026/7/18 21:45:00,536.48,0,,218.17
2026/7/18 22:00:00,0,0,,0
2026/7/18 22:15:00,0,0,,3.97
2026/7/18 22:30:00,0,0,,3.97
2026/7/18 22:45:00,0,0,,3.97
2026/7/18 23:00:00,0,0,,3.97
2026/7/18 23:15:00,0,0,,3.97
2026/7/18 23:30:00,0,0,,3.97
2026/7/18 23:45:00,0,0,,4.14
2026/7/19 0:00:00,0,0,,0
2026/7/19 0:15:00,0,0,,0
2026/7/19 0:30:00,0,0,,0
2026/7/19 0:45:00,0,0,,0
2026/7/19 1:00:00,0,0,,0
2026/7/19 1:15:00,0,0,,0
2026/7/19 1:30:00,0,0,,0
2026/7/19 1:45:00,0,0,,3.64
2026/7/19 2:00:00,0,0,,3.97
2026/7/19 2:15:00,0,0,,3.81
2026/7/19 2:30:00,0,0,,3.97
2026/7/19 2:45:00,0,0,,3.97
2026/7/19 3:00:00,0,0,,3.97
2026/7/19 3:15:00,0,0,,3.81
2026/7/19 3:30:00,0,0,,3.97
2026/7/19 3:45:00,0,0,,3.97
2026/7/19 4:00:00,0,0,,3.97
2026/7/19 4:15:00,0,0,,3.97
2026/7/19 4:30:00,0,0,,3.97
2026/7/19 4:45:00,0,0,,3.97
2026/7/19 5:00:00,0,0,,3.97
2026/7/19 5:15:00,0,0,,3.81
2026/7/19 5:30:00,0,0,,3.97
2026/7/19 5:45:00,0,0,,3.97
2026/7/19 6:00:00,0,0,,3.97
2026/7/19 6:15:00,0,0,,3.97
2026/7/19 6:30:00,0,0,,3.97
2026/7/19 6:45:00,0,0,,3.97
2026/7/19 7:00:00,0,0,,3.97
2026/7/19 7:15:00,0,0,,3.81
2026/7/19 7:30:00,0,0,,3.81
2026/7/19 7:45:00,0,0,,3.97
2026/7/19 8:00:00,0,0,,0
2026/7/19 8:15:00,0,0,,3.81
2026/7/19 8:30:00,0,0,,0
2026/7/19 8:45:00,0,0,,0
2026/7/19 9:00:00,0,0,,113.06
2026/7/19 9:15:00,852.81,425.08,,206.91
2026/7/19 9:30:00,872.68,840.9,,207.41
2026/7/19 9:45:00,825.17,816.07,,207.08
2026/7/19 10:00:00,808.62,802.99,,207.08
2026/7/19 10:15:00,745.88,771.04,,207.08
2026/7/19 10:30:00,697.88,716.09,,206.91
2026/7/19 10:45:00,693.57,699.86,,206.91
2026/7/19 11:00:00,680,687.95,,206.42
2026/7/19 11:15:00,684.8,692.25,,206.42
2026/7/19 11:30:00,682.98,695.06,,206.58
2026/7/19 11:45:00,681.16,704.33,,207.08
2026/7/19 12:00:00,682.65,699.86,,206.58
2026/7/19 12:15:00,685.13,694.4,,206.58
2026/7/19 12:30:00,683.31,702.84,,206.42
2026/7/19 12:45:00,684.97,708.14,,207.08
2026/7/19 13:00:00,684.8,729.99,,206.75
2026/7/19 13:15:00,685.3,733.63,,206.58
2026/7/19 13:30:00,685.96,744.39,,206.25
2026/7/19 13:45:00,688.11,735.62,,206.09
2026/7/19 14:00:00,684.47,734.29,,207.08
2026/7/19 14:15:00,688.11,731.31,,206.91
2026/7/19 14:30:00,687.12,740.09,,206.25
2026/7/19 14:45:00,686.79,728.5,,206.58
2026/7/19 15:00:00,685.13,722.54,,206.75
2026/7/19 15:15:00,682.81,722.87,,206.58
2026/7/19 15:30:00,684.47,717.74,,206.42
2026/7/19 15:45:00,684.47,702.02,,206.75
2026/7/19 16:00:00,684.63,706.48,,206.58
2026/7/19 16:15:00,682.15,707.31,,206.58
2026/7/19 16:30:00,682.81,703.51,,207.24
2026/7/19 16:45:00,682.48,702.84,,206.58
2026/7/19 17:00:00,686.46,719.89,,206.42
2026/7/19 17:15:00,683.64,713.6,,206.42
2026/7/19 17:30:00,684.3,715.42,,207.24
2026/7/19 17:45:00,686.29,721.71,,206.75
2026/7/19 18:00:00,687.61,730.98,,206.25
2026/7/19 18:15:00,684.3,733.63,,206.75
2026/7/19 18:30:00,687.28,740.92,,206.75
2026/7/19 18:45:00,689.27,732.97,,206.42
2026/7/19 19:00:00,685.96,741.58,,206.75
2026/7/19 19:15:00,686.95,747.04,,206.58
2026/7/19 19:30:00,692.75,756.14,,207.08
2026/7/19 19:45:00,686.95,744.06,,206.75
2026/7/19 20:00:00,687.45,744.39,,206.58
2026/7/19 20:15:00,686.12,742.07,,206.75
2026/7/19 20:30:00,686.79,733.8,,206.75
2026/7/19 20:45:00,683.64,732.8,,206.91
2026/7/19 21:00:00,684.3,729.33,,206.75
2026/7/19 21:15:00,0,496.43,,108.26
2026/7/19 21:30:00,0,619.42,,108.09
2026/7/19 21:45:00,0,0,,0
2026/7/19 22:00:00,0,0,,3.97
2026/7/19 22:15:00,0,0,,3.81
2026/7/19 22:30:00,0,0,,3.97
2026/7/19 22:45:00,0,0,,3.97
2026/7/19 23:00:00,0,0,,3.97
2026/7/19 23:15:00,0,0,,4.14
2026/7/19 23:30:00,0,0,,3.81
2026/7/19 23:45:00,0,0,,4.14
2026/7/20 0:00:00,0,0,,3.97
2026/7/20 0:15:00,0,0,,3.97
2026/7/20 0:30:00,0,0,,4.14
2026/7/20 0:45:00,0,0,,4.14
2026/7/20 1:00:00,0,0,,3.97
2026/7/20 1:15:00,0,0,,3.97
2026/7/20 1:30:00,0,0,,4.14
2026/7/20 1:45:00,0,0,,4.14
2026/7/20 2:00:00,0,0,,4.14
2026/7/20 2:15:00,0,0,,3.81
2026/7/20 2:30:00,0,0,,3.81
2026/7/20 2:45:00,0,0,,3.97
2026/7/20 3:00:00,0,0,,3.97
2026/7/20 3:15:00,0,0,,3.97
2026/7/20 3:30:00,0,0,,3.97
2026/7/20 3:45:00,0,0,,3.97
2026/7/20 4:00:00,0,0,,3.97
2026/7/20 4:15:00,0,0,,3.97
2026/7/20 4:30:00,0,0,,3.97
2026/7/20 4:45:00,0,0,,3.97
2026/7/20 5:00:00,0,0,,4.14
2026/7/20 5:15:00,0,0,,3.97
2026/7/20 5:30:00,0,0,,3.97
2026/7/20 5:45:00,0,0,,3.97
2026/7/20 6:00:00,0,0,,3.97
2026/7/20 6:15:00,0,0,,3.97
2026/7/20 6:30:00,0,0,,3.97
2026/7/20 6:45:00,0,0,,3.81
2026/7/20 7:00:00,0,0,,0
2026/7/20 7:15:00,0,0,,3.81
2026/7/20 7:30:00,0,0,,0
2026/7/20 7:45:00,1.82,0,,0
2026/7/20 8:00:00,0,0,,0
2026/7/20 8:15:00,0,0,,0
2026/7/20 8:30:00,0,0,,0
2026/7/20 8:45:00,0,0,,0
2026/7/20 9:00:00,0,0,,0
2026/7/20 9:15:00,831.46,0,,124.15
2026/7/20 9:30:00,849.34,0,,123.82
2026/7/20 9:45:00,850.83,715.09,,225.12
2026/7/20 10:00:00,851.16,856.79,,225.12
2026/7/20 10:15:00,856.46,846.69,,224.96
2026/7/20 10:30:00,860.43,830.96,,225.45
2026/7/20 10:45:00,840.4,813.58,,225.12
2026/7/20 11:00:00,827.16,803.98,,224.96
2026/7/20 11:15:00,791.24,798.52,,224.96
2026/7/20 11:30:00,760.45,781.14,,225.12
2026/7/20 11:45:00,739.59,759.79,,224.96
2026/7/20 12:00:00,733.3,739.43,,225.12
2026/7/20 12:15:00,728,735.45,,225.29
2026/7/20 12:30:00,729.16,728.17,,224.79
2026/7/20 12:45:00,729.99,739.43,,224.96
2026/7/20 13:00:00,725.36,727.67,,225.12
2026/7/20 13:15:00,725.02,739.76,,224.46
2026/7/20 13:30:00,718.4,724.86,,225.12
2026/7/20 13:45:00,713.44,726.51,,224.96
2026/7/20 14:00:00,706.65,716.91,,224.96
2026/7/20 14:15:00,700.03,711.78,,224.46
2026/7/20 14:30:00,684.8,701.02,,224.96
2026/7/20 14:45:00,680.66,688.61,,225.12
2026/7/20 15:00:00,679.83,683.14,,224.79
2026/7/20 15:15:00,680.99,686.62,,225.29
2026/7/20 15:30:00,677.19,677.35,,225.29
2026/7/20 15:45:00,677.02,680.99,,224.79
2026/7/20 16:00:00,668.41,677.02,,225.45
2026/7/20 16:15:00,671.56,671.72,,224.96
2026/7/20 16:30:00,669.9,674.87,,224.79
2026/7/20 16:45:00,672.22,693.74,,224.79
2026/7/20 17:00:00,674.04,694.73,,225.12
2026/7/20 17:15:00,675.2,703.34,,225.62
2026/7/20 17:30:00,674.87,710.29,,224.96
2026/7/20 17:45:00,673.88,718.57,,224.79
2026/7/20 18:00:00,675.86,725.85,,224.96
2026/7/20 18:15:00,674.87,731.65,,224.96
2026/7/20 18:30:00,676.36,734.46,,225.12
2026/7/20 18:45:00,640.44,656.83,,225.29
2026/7/20 19:00:00,645.73,685.46,,225.12
2026/7/20 19:15:00,643.58,703.17,,225.45
2026/7/20 19:30:00,651.86,704.83,,224.96
2026/7/20 19:45:00,652.85,708.14,,224.79
2026/7/20 20:00:00,651.86,707.15,,225.45
2026/7/20 20:15:00,656,711.95,,225.78
2026/7/20 20:30:00,656.16,709.8,,225.12
2026/7/20 20:45:00,654.18,693.74,,224.96
2026/7/20 21:00:00,690.76,0,,113.22
2026/7/20 21:15:00,0,0,,113.39
2026/7/20 21:30:00,0,0,,112.89
2026/7/20 21:45:00,0,0,,3.97
2026/7/20 22:00:00,0,0,,3.97
2026/7/20 22:15:00,0,0,,3.97
2026/7/20 22:30:00,0,0,,3.97
2026/7/20 22:45:00,0,0,,0
2026/7/20 23:00:00,0,0,,3.97
2026/7/20 23:15:00,0,0,,3.81
2026/7/20 23:30:00,0,0,,0
2026/7/20 23:45:00,0,0,,0
2026/7/21 0:00:00,0,0,,0
2026/7/21 0:15:00,0,0,,0
2026/7/21 0:30:00,0,0,,0
2026/7/21 0:45:00,0,0,,0
2026/7/21 1:00:00,0,0,,0
2026/7/21 1:15:00,0,0,,0
2026/7/21 1:30:00,0,0,,0
2026/7/21 1:45:00,0,0,,0
2026/7/21 2:00:00,0,0,,0
2026/7/21 2:15:00,0,0,,0
2026/7/21 2:30:00,0,0,,3.81
2026/7/21 2:45:00,0,0,,0
2026/7/21 3:00:00,0,0,,0
2026/7/21 3:15:00,0,0,,3.97
2026/7/21 3:30:00,0,0,,3.97
2026/7/21 3:45:00,0,0,,3.97
2026/7/21 4:00:00,0,0,,3.97
2026/7/21 4:15:00,0,0,,3.81
2026/7/21 4:30:00,0,0,,3.97
2026/7/21 4:45:00,0,0,,3.97
2026/7/21 5:00:00,0,0,,3.81
2026/7/21 5:15:00,0,0,,3.97
2026/7/21 5:30:00,0,0,,3.97
2026/7/21 5:45:00,0,0,,3.97
2026/7/21 6:00:00,0,0,,3.97
2026/7/21 6:15:00,0,0,,3.81
2026/7/21 6:30:00,0,0,,3.81
2026/7/21 6:45:00,0,0,,3.97
2026/7/21 7:00:00,0,0,,0
2026/7/21 7:15:00,0,0,,0
2026/7/21 7:30:00,0,0,,0
2026/7/21 7:45:00,0,0,,0
2026/7/21 8:00:00,0,0,,0
2026/7/21 8:15:00,0,0,,0
2026/7/21 8:30:00,0,0,,0
2026/7/21 8:45:00,0,0,,0
2026/7/21 9:00:00,0,0,,105.28
2026/7/21 9:15:00,862.91,0,,105.11
2026/7/21 9:30:00,851.32,269.98,,218
2026/7/21 9:45:00,859.93,857.61,,217.67
2026/7/21 10:00:00,858.28,843.21,,217.84
2026/7/21 10:15:00,856.62,830.63,,217.34
2026/7/21 10:30:00,857.61,824.01,,217.67
2026/7/21 10:45:00,854.63,807.13,,217.34
2026/7/21 11:00:00,837.09,795.21,,217.51
2026/7/21 11:15:00,824.67,789.58,,217.51
2026/7/21 11:30:00,800.67,785.61,,217.51
2026/7/21 11:45:00,753.5,779.15,,217.34
2026/7/21 12:00:00,753.16,766.57,,217.84
2026/7/21 12:15:00,757.3,770.71,,217.67
2026/7/21 12:30:00,755.81,779.48,,217.34
2026/7/21 12:45:00,750.52,772.2,,217.51
2026/7/21 13:00:00,748.03,766.08,,217.51
2026/7/21 13:15:00,736.78,754.65,,217.51
2026/7/21 13:30:00,724.36,741.08,,217.18
2026/7/21 13:45:00,726.35,743.4,,217.34
2026/7/21 14:00:00,727.51,744.72,,217.51
2026/7/21 14:15:00,720.22,739.43,,217.84
2026/7/21 14:30:00,705.66,713.77,,217.34
2026/7/21 14:45:00,703.51,709.63,,217.18
2026/7/21 15:00:00,694.57,708.97,,217.67
2026/7/21 15:15:00,691.59,709.13,,217.67
2026/7/21 15:30:00,686.79,688.77,,217.51
2026/7/21 15:45:00,683.81,688.11,,217.67
2026/7/21 16:00:00,685.3,689.27,,217.67
2026/7/21 16:15:00,680.83,695.06,,217.51
2026/7/21 16:30:00,684.63,706.32,,217.51
2026/7/21 16:45:00,683.97,708.47,,217.01
2026/7/21 17:00:00,687.12,710.29,,217.34
2026/7/21 17:15:00,629.18,693.9,,217.51
2026/7/21 17:30:00,624.55,645.4,,217.51
2026/7/21 17:45:00,628.52,685.13,,217.51
2026/7/21 18:00:00,644.41,698.54,,217.01
2026/7/21 18:15:00,646.56,701.19,,217.67
2026/7/21 18:30:00,649.54,706.15,,217.18
2026/7/21 18:45:00,654.67,706.98,,217.84
2026/7/21 19:00:00,660.8,719.07,,217.84
2026/7/21 19:15:00,662.62,731.65,,217.84
2026/7/21 19:30:00,662.78,720.39,,217.67
2026/7/21 19:45:00,660.96,724.36,,217.84
2026/7/21 20:00:00,661.13,720.39,,217.84
2026/7/21 20:15:00,662.45,721.22,,217.84
2026/7/21 20:30:00,654.51,720.22,,217.67
2026/7/21 20:45:00,659.47,713.44,,217.84
2026/7/21 21:00:00,660.3,711.29,,217.84
2026/7/21 21:15:00,656.49,697.21,,217.67
2026/7/21 21:30:00,654.67,686.79,,217.67
2026/7/21 21:45:00,562.31,582.17,,217.84
2026/7/21 22:00:00,0,0,,3.97
2026/7/21 22:15:00,0,0,,0
2026/7/21 22:30:00,0,0,,0
2026/7/21 22:45:00,0,0,,3.97
2026/7/21 23:00:00,0,0,,0
2026/7/21 23:15:00,0,0,,0
2026/7/21 23:30:00,0,0,,0
2026/7/21 23:45:00,0,0,,0
2026/7/22 0:00:00,0,0,,0
2026/7/22 0:15:00,0,0,,0
2026/7/22 0:30:00,0,0,,0
2026/7/22 0:45:00,0,0,,0
2026/7/22 1:00:00,0,0,,0
2026/7/22 1:15:00,0,0,,0
2026/7/22 1:30:00,0,0,,0
2026/7/22 1:45:00,0,0,,0
2026/7/22 2:00:00,0,0,,0
2026/7/22 2:15:00,0,0,,3.97
2026/7/22 2:30:00,0,0,,3.97
2026/7/22 2:45:00,0,0,,0
2026/7/22 3:00:00,0,0,,3.97
2026/7/22 3:15:00,0,0,,3.97
2026/7/22 3:30:00,0,0,,3.97
2026/7/22 3:45:00,0,0,,3.97
2026/7/22 4:00:00,0,0,,3.97
2026/7/22 4:15:00,0,0,,3.97
2026/7/22 4:30:00,0,0,,0
2026/7/22 4:45:00,0,0,,0
2026/7/22 5:00:00,0,0,,0
2026/7/22 5:15:00,0,0,,0
2026/7/22 5:30:00,0,0,,0
2026/7/22 5:45:00,0,0,,0
2026/7/22 6:00:00,0,0,,0
2026/7/22 6:15:00,0,0,,0
2026/7/22 6:30:00,0,0,,0
2026/7/22 6:45:00,0,0,,0
2026/7/22 7:00:00,0,0,,0
2026/7/22 7:15:00,0,0,,0
2026/7/22 7:30:00,0,0,,0
2026/7/22 7:45:00,0,0,,0
2026/7/22 8:00:00,0,0,,0
2026/7/22 8:15:00,0,0,,0
2026/7/22 8:30:00,0,0,,0
2026/7/22 8:45:00,0,0,,0
2026/7/22 9:00:00,0,0,,0
2026/7/22 9:15:00,864.73,0,,112.56
2026/7/22 9:30:00,857.12,0,,112.73
2026/7/22 9:45:00,864.07,499.9,,207.08
2026/7/22 10:00:00,856.29,835.27,,206.75
2026/7/22 10:15:00,853.64,823.51,,206.75
2026/7/22 10:30:00,822.52,814.25,,206.91
2026/7/22 10:45:00,753.16,802.33,,206.91
2026/7/22 11:00:00,717.58,763.43,,206.91
2026/7/22 11:15:00,703.51,734.96,,206.58
2026/7/22 11:30:00,703.84,731.48,,206.09
2026/7/22 11:45:00,704.33,726.51,,206.25
2026/7/22 12:00:00,702.51,735.78,,206.09
2026/7/22 12:15:00,702.18,735.29,,205.92
2026/7/22 12:30:00,698.87,730.65,,206.75
2026/7/22 12:45:00,700.03,733.96,,206.25
2026/7/22 13:00:00,699.2,728.5,,206.58
2026/7/22 13:15:00,690.1,721.71,,206.42
2026/7/22 13:30:00,682.98,709.96,,206.75
2026/7/22 13:45:00,676.52,697.21,,206.25
2026/7/22 14:00:00,667.25,700.36,,206.42
2026/7/22 14:15:00,656.33,679.34,,206.25
2026/7/22 14:30:00,656.83,678.84,,206.58
2026/7/22 14:45:00,653.68,669.57,,206.25
2026/7/22 15:00:00,646.4,667.25,,206.42
2026/7/22 15:15:00,644.41,664.77,,206.42
2026/7/22 15:30:00,640.44,663.12,,206.09
2026/7/22 15:45:00,636.13,648.71,,206.42
2026/7/22 16:00:00,636.13,653.68,,206.42
2026/7/22 16:15:00,635.64,656.66,,206.58
2026/7/22 16:30:00,633.98,657.32,,207.08
2026/7/22 16:45:00,634.48,660.3,,206.42
2026/7/22 17:00:00,634.48,647.72,,206.58
2026/7/22 17:15:00,636.3,666.59,,206.42
2026/7/22 17:30:00,634.64,656.99,,206.25
2026/7/22 17:45:00,635.47,665.43,,206.42
2026/7/22 18:00:00,636.63,673.21,,206.75
2026/7/22 18:15:00,636.96,678.18,,206.42
2026/7/22 18:30:00,638.78,674.21,,206.75
2026/7/22 18:45:00,638.29,690.26,,206.25
2026/7/22 19:00:00,638.95,690.59,,206.09
2026/7/22 19:15:00,640.11,687.12,,206.75
2026/7/22 19:30:00,638.29,671.39,,206.42
2026/7/22 19:45:00,636.13,674.87,,206.91
2026/7/22 20:00:00,637.79,671.89,,206.42
2026/7/22 20:15:00,636.13,666.92,,206.75
2026/7/22 20:30:00,636.47,667.09,,206.58
2026/7/22 20:45:00,635.14,662.45,,206.91
2026/7/22 21:00:00,635.64,664.77,,206.91
2026/7/22 21:15:00,649.54,0,,104.95
2026/7/22 21:30:00,0,0,,104.95
2026/7/22 21:45:00,0,0,,0
2026/7/22 22:00:00,0,0,,0
2026/7/22 22:15:00,0,0,,0
2026/7/22 22:30:00,0,0,,0
2026/7/22 22:45:00,0,0,,0
2026/7/22 23:00:00,0,0,,0
2026/7/22 23:15:00,0,0,,3.97
2026/7/22 23:30:00,0,0,,3.97
2026/7/22 23:45:00,0,0,,3.81
2026/7/23 0:00:00,0,0,,3.81
2026/7/23 0:15:00,0,0,,0
2026/7/23 0:30:00,0,0,,3.81
2026/7/23 0:45:00,0,0,,3.81
2026/7/23 1:00:00,0,0,,3.97
2026/7/23 1:15:00,0,0,,3.81
2026/7/23 1:30:00,0,0,,3.64
2026/7/23 1:45:00,0,0,,4.14
2026/7/23 2:00:00,0,0,,3.97
2026/7/23 2:15:00,0,0,,4.14
2026/7/23 2:30:00,0,0,,4.14
2026/7/23 2:45:00,0,0,,3.97
2026/7/23 3:00:00,0,0,,3.97
2026/7/23 3:15:00,0,0,,3.81
2026/7/23 3:30:00,0,0,,3.97
2026/7/23 3:45:00,0,0,,3.81
2026/7/23 4:00:00,0,0,,3.97
2026/7/23 4:15:00,0,0,,3.97
2026/7/23 4:30:00,0,0,,3.81
2026/7/23 4:45:00,0,0,,3.97
2026/7/23 5:00:00,0,0,,3.97
2026/7/23 5:15:00,0,0,,3.81
2026/7/23 5:30:00,0,0,,3.97
2026/7/23 5:45:00,0,0,,3.81
2026/7/23 6:00:00,0,0,,3.97
2026/7/23 6:15:00,0,0,,3.64
2026/7/23 6:30:00,0,0,,3.97
2026/7/23 6:45:00,0,0,,0
2026/7/23 7:00:00,0,0,,0
2026/7/23 7:15:00,0,0,,0
2026/7/23 7:30:00,0,0,,0
2026/7/23 7:45:00,0,0,,0
2026/7/23 8:00:00,0,0,,0
2026/7/23 8:15:00,0,0,,0
2026/7/23 8:30:00,0,0,,0
2026/7/23 8:45:00,0,0,,0
2026/7/23 9:00:00,0,0,,123.82
2026/7/23 9:15:00,848.84,0,,124.15
2026/7/23 9:30:00,860.1,849.67,,225.29
2026/7/23 9:45:00,851.49,847.68,,225.29
2026/7/23 10:00:00,832.45,826.49,,225.45
2026/7/23 10:15:00,755.65,807.96,,225.29
2026/7/23 10:30:00,694.4,725.85,,225.29
2026/7/23 10:45:00,676.85,699.37,,224.96
2026/7/23 11:00:00,666.43,698.37,,225.29
2026/7/23 11:15:00,663.94,687.95,,225.29
2026/7/23 11:30:00,663.94,699.86,,224.96
2026/7/23 11:45:00,666.92,709.46,,224.79
2026/7/23 12:00:00,666.26,708.97,,225.29
2026/7/23 12:15:00,667.75,718.24,,225.12
2026/7/23 12:30:00,667.42,729.66,,225.12
2026/7/23 12:45:00,669.07,731.65,,225.29
2026/7/23 13:00:00,670.4,741.08,,225.12
2026/7/23 13:15:00,671.23,740.25,,224.96
2026/7/23 13:30:00,668.91,728.17,,225.29
2026/7/23 13:45:00,670.07,719.23,,225.12
2026/7/23 14:00:00,667.92,699.2,,225.29
2026/7/23 14:15:00,668.58,708.64,,225.29
2026/7/23 14:30:00,671.23,711.45,,224.63
2026/7/23 14:45:00,672.88,717.24,,224.96
2026/7/23 15:00:00,671.06,720.06,,224.79
2026/7/23 15:15:00,672.72,726.51,,225.12
2026/7/23 15:30:00,673.38,717.08,,224.63
2026/7/23 15:45:00,671.72,718.9,,225.29
2026/7/23 16:00:00,673.71,718.4,,224.96
2026/7/23 16:15:00,669.07,718.73,,225.29
2026/7/23 16:30:00,670.56,725.52,,224.63
2026/7/23 16:45:00,673.71,712.94,,225.12
2026/7/23 17:00:00,670.4,712.11,,225.12
2026/7/23 17:15:00,671.39,706.82,,225.29
2026/7/23 17:30:00,671.89,716.09,,224.96
2026/7/23 17:45:00,667.92,697.38,,225.29
2026/7/23 18:00:00,668.08,698.87,,225.78
2026/7/23 18:15:00,666.43,704.66,,225.12
2026/7/23 18:30:00,669.41,702.68,,225.45
2026/7/23 18:45:00,667.92,705.33,,225.62
2026/7/23 19:00:00,672.22,701.02,,225.62
2026/7/23 19:15:00,669.9,696.22,,225.95
2026/7/23 19:30:00,672.22,711.45,,225.62
2026/7/23 19:45:00,672.72,712.11,,225.45
2026/7/23 20:00:00,669.74,707.31,,225.62
2026/7/23 20:15:00,611.8,668.74,,225.45
2026/7/23 20:30:00,611.14,644.58,,225.95
2026/7/23 20:45:00,612.63,665.76,,225.62
2026/7/23 21:00:00,628.19,674.04,,225.78
2026/7/23 21:15:00,615.94,657.32,,225.78
2026/7/23 21:30:00,500.23,0,,113.39
2026/7/23 21:45:00,0,0,,3.81
2026/7/23 22:00:00,0,0,,3.97
2026/7/23 22:15:00,0,0,,4.14
2026/7/23 22:30:00,0,0,,3.97
2026/7/23 22:45:00,0,0,,0
2026/7/23 23:00:00,0,0,,0
2026/7/23 23:15:00,0,0,,0
2026/7/23 23:30:00,0,0,,0
2026/7/23 23:45:00,0,0,,0
2026/7/27 0:00:00,0,0,,0
2026/7/27 0:15:00,0,0,,0
2026/7/27 0:30:00,0,0,,0
2026/7/27 0:45:00,0,0,,0
2026/7/27 1:00:00,0,0,,0
2026/7/27 1:15:00,0,0,,0
2026/7/27 1:30:00,0,0,,0
2026/7/27 1:45:00,0,0,,0
2026/7/27 2:00:00,0,0,,0
2026/7/27 2:15:00,0,0,,0
2026/7/27 2:30:00,0,0,,0
2026/7/27 2:45:00,0,0,,0
2026/7/27 3:00:00,0,0,,0
2026/7/27 3:15:00,0,0,,0
2026/7/27 3:30:00,0,0,,0
2026/7/27 3:45:00,0,0,,0
2026/7/27 4:00:00,0,0,,0
2026/7/27 4:15:00,0,0,,0
2026/7/27 4:30:00,0,0,,0
2026/7/27 4:45:00,0,0,,3.97
2026/7/27 5:00:00,0,0,,3.97
2026/7/27 5:15:00,0,0,,3.97
2026/7/27 5:30:00,0,0,,0
2026/7/27 5:45:00,0,0,,0
2026/7/27 6:00:00,0,0,,0
2026/7/27 6:15:00,0,0,,0
2026/7/27 6:30:00,0,0,,0
2026/7/27 6:45:00,0,0,,0
2026/7/27 7:00:00,0,0,,0
2026/7/27 7:15:00,0,0,,0
2026/7/27 7:30:00,0,0,,0
2026/7/27 7:45:00,0,0,,0
2026/7/27 8:00:00,0,0,,0
2026/7/27 8:15:00,0,0,,0
2026/7/27 8:30:00,0,0,,0
2026/7/27 8:45:00,0,0,,0
2026/7/27 9:00:00,1.82,0,,0
2026/7/27 9:15:00,692.58,0,,104.95
2026/7/27 9:30:00,845.2,0,,104.95
2026/7/27 9:45:00,849.83,850.83,,217.34
2026/7/27 10:00:00,851.16,844.87,,217.51
2026/7/27 10:15:00,848.01,839.07,,217.51
2026/7/27 10:30:00,850.17,825.17,,217.67
2026/7/27 10:45:00,841.39,810.44,,217.34
2026/7/27 11:00:00,741.58,801.33,,216.85
2026/7/27 11:15:00,690.1,744.89,,217.34
2026/7/27 11:30:00,675.53,715.75,,217.51
2026/7/27 11:45:00,678.18,704.66,,217.34
2026/7/27 12:00:00,675.7,699.86,,217.18
2026/7/27 12:15:00,677.35,688.44,,216.85
2026/7/27 12:30:00,671.06,673.71,,217.67
2026/7/27 12:45:00,676.03,683.31,,217.51
2026/7/27 13:00:00,672.88,687.61,,218
2026/7/27 13:15:00,673.71,692.58,,217.34
2026/7/27 13:30:00,673.05,685.3,,217.51
2026/7/27 13:45:00,675.2,685.79,,217.67
2026/7/27 14:00:00,677.19,695.56,,217.51
2026/7/27 14:15:00,660.63,686.46,,270.15
2026/7/27 14:30:00,0,509.5,,499.9
2026/7/27 14:45:00,0,622.23,,551.71
2026/7/27 15:00:00,0,680.17,,554.53
2026/7/27 15:15:00,0,818.38,,641.76
2026/7/27 15:30:00,0,814.41,,643.58
2026/7/27 15:45:00,0,817.22,,643.91
2026/7/27 16:00:00,852.48,825.34,,225.29
2026/7/27 16:15:00,858.61,802.33,,225.45
2026/7/27 16:30:00,855.13,797.53,,225.45
2026/7/27 16:45:00,817.06,787.26,,224.79
2026/7/27 17:00:00,758.3,789.42,,225.12
2026/7/27 17:15:00,730.82,767.73,,225.45
2026/7/27 17:30:00,711.45,747.54,,225.29
2026/7/27 17:45:00,710.13,743.07,,224.96
2026/7/27 18:00:00,709.8,746.87,,224.96
2026/7/27 18:15:00,707.48,743.23,,225.45
2026/7/27 18:30:00,708.64,721.05,,225.12
2026/7/27 18:45:00,707.48,723.04,,225.45
2026/7/27 19:00:00,709.8,726.51,,225.12
2026/7/27 19:15:00,711.78,718.73,,225.45
2026/7/27 19:30:00,712.61,728,,225.62
2026/7/27 19:45:00,707.64,724.2,,225.29
2026/7/27 20:00:00,706.98,722.71,,225.62
2026/7/27 20:15:00,708.8,719.56,,225.12
2026/7/27 20:30:00,706.48,717.58,,225.62
2026/7/27 20:45:00,705.49,712.77,,225.62
2026/7/27 21:00:00,693.74,705.99,,225.62
2026/7/27 21:15:00,675.53,701.68,,225.29
2026/7/27 21:30:00,650.87,696.06,,225.12
2026/7/27 21:45:00,540.95,569.09,,225.29
2026/7/27 22:00:00,457.69,0,,113.55
2026/7/27 22:15:00,0,0,,4.14
2026/7/27 22:30:00,0,0,,4.14
2026/7/27 22:45:00,0,0,,3.97
2026/7/27 23:00:00,0,0,,4.14
2026/7/27 23:15:00,0,0,,3.97
2026/7/27 23:30:00,0,0,,3.97
2026/7/27 23:45:00,0,0,,4.14
2026/7/28 0:00:00,0,0,,3.81
2026/7/28 0:15:00,0,0,,3.97
2026/7/28 0:30:00,0,0,,3.97
2026/7/28 0:45:00,0,0,,3.97
2026/7/28 1:00:00,0,0,,3.97
2026/7/28 1:15:00,0,0,,4.3
2026/7/28 1:30:00,0,0,,4.14
2026/7/28 1:45:00,0,0,,3.97
2026/7/28 2:00:00,0,0,,3.81
2026/7/28 2:15:00,0,0,,3.97
2026/7/28 2:30:00,0,0,,0
2026/7/28 2:45:00,0,0,,0
2026/7/28 3:00:00,0,0,,3.97
2026/7/28 3:15:00,0,0,,3.81
2026/7/28 3:30:00,0,0,,3.97
2026/7/28 3:45:00,0,0,,3.97
2026/7/28 4:00:00,0,0,,3.97
2026/7/28 4:15:00,0,0,,3.81
2026/7/28 4:30:00,0,0,,3.97
2026/7/28 4:45:00,0,0,,3.81
2026/7/28 5:00:00,0,0,,3.97
2026/7/28 5:15:00,0,0,,3.97
2026/7/28 5:30:00,0,0,,3.97
2026/7/28 5:45:00,0,0,,3.97
2026/7/28 6:00:00,0,0,,3.81
2026/7/28 6:15:00,0,0,,3.81
2026/7/28 6:30:00,0,0,,3.81
2026/7/28 6:45:00,0,0,,0
2026/7/28 7:00:00,0,0,,0
2026/7/28 7:15:00,0,0,,0
2026/7/28 7:30:00,0,0,,0
2026/7/28 7:45:00,0,0,,0
2026/7/28 8:00:00,0,0,,0
2026/7/28 8:15:00,0,0,,0
2026/7/28 8:30:00,0,0,,0
2026/7/28 8:45:00,865.89,0,,105.11
2026/7/28 9:00:00,858.77,0,,105.11
2026/7/28 9:15:00,857.95,0,,142.19
2026/7/28 9:30:00,870.03,0,,530.19
2026/7/28 9:45:00,886.09,0,,614.28
2026/7/28 10:00:00,892.87,0,,617.43
2026/7/28 10:15:00,857.45,0,,617.76
2026/7/28 10:30:00,826,0,,185.73
2026/7/28 10:45:00,857.95,806.96,,181.59
2026/7/28 11:00:00,835.6,793.22,,181.59
2026/7/28 11:15:00,828.65,789.75,,206.75
2026/7/28 11:30:00,793.39,782.13,,206.91
2026/7/28 11:45:00,686.95,766.24,,206.75
2026/7/28 12:00:00,656.33,691.92,,206.58
2026/7/28 12:15:00,659.14,694.57,,206.42
2026/7/28 12:30:00,668.08,719.23,,206.58
2026/7/28 12:45:00,677.02,724.53,,206.42
2026/7/28 13:00:00,675.86,724.2,,206.42
2026/7/28 13:15:00,680.83,738.43,,206.25
2026/7/28 13:30:00,679.01,736.78,,206.75
2026/7/28 13:45:00,682.48,726.84,,206.58
2026/7/28 14:00:00,679.17,726.51,,206.25
2026/7/28 14:15:00,679.5,716.09,,206.25
2026/7/28 14:30:00,676.19,705.16,,206.42
2026/7/28 14:45:00,677.19,697.71,,206.25
2026/7/28 15:00:00,676.19,686.62,,206.42
2026/7/28 15:15:00,673.88,687.78,,206.42
2026/7/28 15:30:00,675.2,685.46,,206.58
2026/7/28 15:45:00,676.85,690.43,,206.09
2026/7/28 16:00:00,676.03,691.26,,206.42
2026/7/28 16:15:00,678.01,699.2,,206.09
2026/7/28 16:30:00,677.85,711.45,,206.09
2026/7/28 16:45:00,677.52,711.78,,206.58
2026/7/28 17:00:00,675.53,718.57,,206.25
2026/7/28 17:15:00,676.03,715.59,,206.91
2026/7/28 17:30:00,676.69,718.73,,206.09
2026/7/28 17:45:00,675.86,706.48,,206.75
2026/7/28 18:00:00,677.68,716.42,,206.25
2026/7/28 18:15:00,625.04,650.54,,206.75
2026/7/28 18:30:00,626.86,657.49,,206.58
2026/7/28 18:45:00,630.67,675.53,,206.58
2026/7/28 19:00:00,642.59,691.59,,205.92
2026/7/28 19:15:00,646.56,695.06,,206.58
2026/7/28 19:30:00,648.88,693.08,,206.75
2026/7/28 19:45:00,648.38,689.27,,206.75
2026/7/28 20:00:00,649.38,699.53,,206.25
2026/7/28 20:15:00,643.58,702.35,,206.75
2026/7/28 20:30:00,648.22,694.73,,206.75
2026/7/28 20:45:00,649.71,703.51,,206.91
2026/7/28 21:00:00,647.72,688.44,,206.58
2026/7/28 21:15:00,715.42,0,,112.89
2026/7/28 21:30:00,0,0,,113.22
2026/7/28 21:45:00,0,0,,0
2026/7/28 22:00:00,0,0,,0
2026/7/28 22:15:00,0,0,,0
2026/7/28 22:30:00,0,0,,3.97
2026/7/28 22:45:00,0,0,,3.81
2026/7/28 23:00:00,0,0,,3.97
2026/7/28 23:15:00,0,0,,3.97
2026/7/28 23:30:00,0,0,,3.97
2026/7/28 23:45:00,0,0,,3.97
2026/7/29 0:00:00,0,0,,3.97
2026/7/29 0:15:00,0,0,,3.97
2026/7/29 0:30:00,0,0,,3.97
2026/7/29 0:45:00,0,0,,3.81
2026/7/29 1:00:00,0,0,,3.97
2026/7/29 1:15:00,0,0,,4.14
2026/7/29 1:30:00,0,0,,0
2026/7/29 1:45:00,0,0,,0
2026/7/29 2:00:00,0,0,,0
2026/7/29 2:15:00,0,0,,0
2026/7/29 2:30:00,0,0,,3.97
2026/7/29 2:45:00,0,0,,3.81
2026/7/29 3:00:00,0,0,,3.81
2026/7/29 3:15:00,0,0,,3.81
2026/7/29 3:30:00,0,0,,3.97
2026/7/29 3:45:00,0,0,,4.14
2026/7/29 4:00:00,0,0,,3.97
2026/7/29 4:15:00,0,0,,3.81
2026/7/29 4:30:00,0,0,,3.81
2026/7/29 4:45:00,0,0,,3.81
2026/7/29 5:00:00,0,0,,3.81
2026/7/29 5:15:00,0,0,,3.97
2026/7/29 5:30:00,0,0,,3.64
2026/7/29 5:45:00,0,0,,3.97
2026/7/29 6:00:00,0,0,,3.97
2026/7/29 6:15:00,0,0,,3.97
2026/7/29 6:30:00,0,0,,3.81
2026/7/29 6:45:00,0,0,,3.81
2026/7/29 7:00:00,0,0,,0
2026/7/29 7:15:00,0,0,,0
2026/7/29 7:30:00,0,0,,0
2026/7/29 7:45:00,0,0,,0
2026/7/29 8:00:00,0,0,,3.97
2026/7/29 8:15:00,0,0,,0
2026/7/29 8:30:00,0,0,,0
2026/7/29 8:45:00,0,0,,0
2026/7/29 9:00:00,0,0,,0
2026/7/29 9:15:00,489.14,0,,124.15
2026/7/29 9:30:00,858.61,449.42,,217.51
2026/7/29 9:45:00,864.24,854.97,,217.34
2026/7/29 10:00:00,857.78,840.56,,217.51
2026/7/29 10:15:00,860.59,822.36,,217.51
2026/7/29 10:30:00,852.48,813.25,,217.67
2026/7/29 10:45:00,760.45,787.76,,217.18
2026/7/29 11:00:00,709.13,738.43,,217.01
2026/7/29 11:15:00,688.28,731.98,,217.34
2026/7/29 11:30:00,688.44,725.52,,217.18
2026/7/29 11:45:00,683.48,716.91,,217.34
2026/7/29 12:00:00,680.66,706.48,,217.18
2026/7/29 12:15:00,682.15,687.95,,216.68
2026/7/29 12:30:00,681.16,686.46,,217.18
2026/7/29 12:45:00,679.34,678.51,,217.67
2026/7/29 13:00:00,679.34,685.46,,217.18
2026/7/29 13:15:00,679.34,683.31,,217.34
2026/7/29 13:30:00,677.68,686.79,,217.34
2026/7/29 13:45:00,678.01,682.65,,217.34
2026/7/29 14:00:00,680.33,685.63,,217.18
2026/7/29 14:15:00,678.84,680.17,,217.34
2026/7/29 14:30:00,678.68,683.81,,217.51
2026/7/29 14:45:00,668.58,670.9,,217.18
2026/7/29 15:00:00,670.07,677.68,,217.51
2026/7/29 15:15:00,671.39,672.88,,216.85
2026/7/29 15:30:00,671.56,678.01,,217.51
2026/7/29 15:45:00,671.39,677.02,,217.51
2026/7/29 16:00:00,672.39,671.56,,217.18
2026/7/29 16:15:00,667.25,675.53,,217.67
2026/7/29 16:30:00,667.92,680,,217.18
2026/7/29 16:45:00,673.71,692.75,,217.18
2026/7/29 17:00:00,675.86,686.12,,217.51
2026/7/29 17:15:00,671.56,691.09,,217.01
2026/7/29 17:30:00,673.21,698.21,,217.34
2026/7/29 17:45:00,674.87,691.09,,217.01
2026/7/29 18:00:00,674.54,701.52,,217.34
2026/7/29 18:15:00,671.23,702.84,,217.18
2026/7/29 18:30:00,674.54,718.57,,217.34
2026/7/29 18:45:00,674.37,719.56,,217.67
2026/7/29 19:00:00,676.52,717.74,,217.51
2026/7/29 19:15:00,674.7,739.92,,217.51
2026/7/29 19:30:00,671.23,724.03,,217.34
2026/7/29 19:45:00,671.23,724.03,,217.84
2026/7/29 20:00:00,673.88,703.01,,217.51
2026/7/29 20:15:00,675.36,700.19,,217.34
2026/7/29 20:30:00,673.05,698.04,,217.51
2026/7/29 20:45:00,676.69,711.62,,217.67
2026/7/29 21:00:00,674.87,703.01,,217.84
2026/7/29 21:15:00,707.48,0,,105.44
2026/7/29 21:30:00,885.75,0,,105.11
2026/7/29 21:45:00,0,0,,4.14
2026/7/29 22:00:00,0,0,,3.97
2026/7/29 22:15:00,0,0,,3.97
2026/7/29 22:30:00,0,0,,4.14
2026/7/29 22:45:00,0,0,,0
2026/7/29 23:00:00,0,0,,0
2026/7/29 23:15:00,0,0,,3.81
2026/7/29 23:30:00,0,0,,3.81
2026/7/29 23:45:00,0,0,,3.97
2026/7/30 0:00:00,0,0,,3.81
2026/7/30 0:15:00,0,0,,3.97
2026/7/30 0:30:00,0,0,,3.97
2026/7/30 0:45:00,0,0,,3.97
2026/7/30 1:00:00,0,0,,4.14
2026/7/30 1:15:00,0,0,,3.97
2026/7/30 1:30:00,0,0,,4.14
2026/7/30 1:45:00,0,0,,0
2026/7/30 2:00:00,0,0,,0
2026/7/30 2:15:00,0,0,,0
2026/7/30 2:30:00,0,0,,3.97
2026/7/30 2:45:00,0,0,,0
2026/7/30 3:00:00,0,0,,3.81
2026/7/30 3:15:00,0,0,,3.81
2026/7/30 3:30:00,0,0,,0
2026/7/30 3:45:00,0,0,,0
2026/7/30 4:00:00,0,0,,0
2026/7/30 4:15:00,0,0,,0
2026/7/30 4:30:00,0,0,,0
2026/7/30 4:45:00,0,0,,0
2026/7/30 5:00:00,0,0,,0
2026/7/30 5:15:00,0,0,,0
2026/7/30 5:30:00,0,0,,0
2026/7/30 5:45:00,0,0,,0
2026/7/30 6:00:00,0,0,,0
2026/7/30 6:15:00,0,0,,0
2026/7/30 6:30:00,0,0,,0
2026/7/30 6:45:00,0,0,,0
2026/7/30 7:00:00,0,0,,0
2026/7/30 7:15:00,0,0,,0
2026/7/30 7:30:00,0,0,,0
2026/7/30 7:45:00,0,0,,0
2026/7/30 8:00:00,0,0,,0
2026/7/30 8:15:00,0,0,,0
2026/7/30 8:30:00,0,0,,0
2026/7/30 8:45:00,0,0,,0
2026/7/30 9:00:00,0,0,,112.4
2026/7/30 9:15:00,854.14,0,,224.96
2026/7/30 9:30:00,864.73,845.2,,224.96
2026/7/30 9:45:00,851.82,825.5,,224.79
2026/7/30 10:00:00,814.74,813.09,,224.63
2026/7/30 10:15:00,705.33,788.09,,225.29
2026/7/30 10:30:00,669.74,705.49,,224.96
2026/7/30 10:45:00,656.33,678.34,,224.13
2026/7/30 11:00:00,653.02,675.2,,224.96
2026/7/30 11:15:00,644.08,667.58,,224.63
2026/7/30 11:30:00,708.97,704.5,,224.46
2026/7/30 11:45:00,708.8,777.33,,224.46
2026/7/30 12:00:00,671.39,707.64,,224.63
2026/7/30 12:15:00,665.43,686.62,,224.46
2026/7/30 12:30:00,665.27,681.16,,224.96
2026/7/30 12:45:00,670.07,675.2,,224.79
2026/7/30 13:00:00,666.26,679.34,,224.63
2026/7/30 13:15:00,666.43,679.67,,224.79
2026/7/30 13:30:00,667.92,693.24,,225.12
2026/7/30 13:45:00,668.74,682.65,,224.96
2026/7/30 14:00:00,667.92,691.59,,224.63
2026/7/30 14:15:00,581.67,622.56,,224.46
2026/7/30 14:30:00,594.25,619.58,,224.13
2026/7/30 14:45:00,622.89,653.85,,224.63
2026/7/30 15:00:00,624.05,669.57,,224.63
2026/7/30 15:15:00,623.06,661.46,,224.63
2026/7/30 15:30:00,623.39,664.11,,225.12
2026/7/30 15:45:00,627.69,664.44,,224.63
2026/7/30 16:00:00,629.18,662.95,,224.96
2026/7/30 16:15:00,628.68,663.45,,224.96
2026/7/30 16:30:00,627.36,663.28,,224.63
2026/7/30 16:45:00,628.68,665.93,,224.46
2026/7/30 17:00:00,635.14,672.55,,224.46
2026/7/30 17:15:00,643.09,680,,224.46
2026/7/30 17:30:00,641.76,682.15,,224.63
2026/7/30 17:45:00,639.94,681.32,,224.79
2026/7/30 18:00:00,643.42,690.76,,224.96
2026/7/30 18:15:00,641.27,682.32,,224.63
2026/7/30 18:30:00,650.37,691.26,,224.63
2026/7/30 18:45:00,656.49,707.64,,224.96
2026/7/30 19:00:00,656.16,702.68,,224.63
2026/7/30 19:15:00,654.34,696.22,,224.46
2026/7/30 19:30:00,655.34,692.41,,224.79
2026/7/30 19:45:00,656.49,680,,225.45
2026/7/30 20:00:00,655.34,682.81,,224.63
2026/7/30 20:15:00,653.35,683.97,,224.96
2026/7/30 20:30:00,650.37,676.36,,224.79
2026/7/30 20:45:00,652.85,678.34,,224.96
2026/7/30 21:00:00,652.52,675.36,,224.96
2026/7/30 21:15:00,648.38,662.78,,225.29
2026/7/30 21:30:00,632,646.4,,225.62
2026/7/30 21:45:00,0,556.02,,225.29
2026/7/30 22:00:00,0,353.24,,127.46
2026/7/30 22:15:00,0,0,,0
2026/7/30 22:30:00,0,0,,0
2026/7/30 22:45:00,0,0,,0
2026/7/30 23:00:00,0,0,,0
2026/7/30 23:15:00,0,0,,0
2026/7/30 23:30:00,0,0,,3.81
2026/7/30 23:45:00,0,0,,3.81
2026/7/31 0:00:00,0,0,,3.97
2026/7/31 0:15:00,0,0,,3.81
2026/7/31 0:30:00,0,0,,3.81
2026/7/31 0:45:00,0,0,,3.81
2026/7/31 1:00:00,0,0,,3.97
2026/7/31 1:15:00,0,0,,3.81
2026/7/31 1:30:00,0,0,,3.97
2026/7/31 1:45:00,0,0,,0
2026/7/31 2:00:00,0,0,,0
2026/7/31 2:15:00,0,0,,3.81
2026/7/31 2:30:00,0,0,,3.81
2026/7/31 2:45:00,0,0,,0
2026/7/31 3:00:00,0,0,,3.97
2026/7/31 3:15:00,0,0,,3.97
2026/7/31 3:30:00,0,0,,3.81
2026/7/31 3:45:00,0,0,,3.97
2026/7/31 4:00:00,0,0,,3.97
2026/7/31 4:15:00,0,0,,3.81
2026/7/31 4:30:00,0,0,,3.97
2026/7/31 4:45:00,0,0,,3.97
2026/7/31 5:00:00,0,0,,3.97
2026/7/31 5:15:00,0,0,,4.14
2026/7/31 5:30:00,0,0,,3.81
2026/7/31 5:45:00,0,0,,3.97
2026/7/31 6:00:00,0,0,,3.81
2026/7/31 6:15:00,0,0,,3.97
2026/7/31 6:30:00,0,0,,3.97
2026/7/31 6:45:00,0,0,,0
2026/7/31 7:00:00,0,0,,0
2026/7/31 7:15:00,0,0,,0
2026/7/31 7:30:00,0,0,,0
2026/7/31 7:45:00,0,0,,0
2026/7/31 8:00:00,0,0,,0
2026/7/31 8:15:00,0,0,,0
2026/7/31 8:30:00,0,0,,0
2026/7/31 8:45:00,0,0,,0
2026/7/31 9:00:00,557.51,0,,104.95
2026/7/31 9:15:00,845.86,0,,206.42
2026/7/31 9:30:00,857.95,823.51,,178.11
2026/7/31 9:45:00,750.02,801.17,,177.61
2026/7/31 10:00:00,659.64,689.1,,178.44
2026/7/31 10:15:00,634.64,653.35,,177.78
2026/7/31 10:30:00,635.97,638.95,,177.78
2026/7/31 10:45:00,629.68,626.04,,177.45
2026/7/31 11:00:00,0,0,,0
2026/7/31 11:15:00,0,0,,225.78
2026/7/31 11:30:00,0,0,,0
2026/7/31 11:45:00,0,0,,112.56
2026/7/31 12:00:00,851.32,791.57,,225.12
2026/7/31 12:15:00,851.66,839.24,,224.96
2026/7/31 12:30:00,853.14,838.08,,224.29
2026/7/31 12:45:00,853.81,820.54,,224.46
2026/7/31 13:00:00,852.65,814.74,,224.79
2026/7/31 13:15:00,835.27,802.99,,224.46
2026/7/31 13:30:00,769.22,795.71,,224.79
2026/7/31 13:45:00,729.49,774.19,,224.63
2026/7/31 14:00:00,712.61,750.68,,224.79
2026/7/31 14:15:00,703.67,737.77,,225.12
2026/7/31 14:30:00,617.76,663.94,,224.79
2026/7/31 14:45:00,616.77,631.5,,224.96
2026/7/31 15:00:00,624.88,661.29,,225.12
2026/7/31 15:15:00,634.15,689.6,,224.63
2026/7/31 15:30:00,639.94,687.12,,224.46
2026/7/31 15:45:00,640.27,675.86,,224.63
2026/7/31 16:00:00,647.06,685.3,,224.46
2026/7/31 16:15:00,645.24,696.06,,224.63
2026/7/31 16:30:00,656.83,707.97,,224.63
2026/7/31 16:45:00,657.65,711.12,,224.79
2026/7/31 17:00:00,649.87,706.82,,224.46
2026/7/31 17:15:00,655.67,700.19,,224.63
2026/7/31 17:30:00,658.15,710.79,,224.29
2026/7/31 17:45:00,664.94,716.25,,224.46
2026/7/31 18:00:00,666.26,720.55,,224.79
2026/7/31 18:15:00,670.56,729.16,,224.79
2026/7/31 18:30:00,677.02,729.99,,224.46
2026/7/31 18:45:00,672.88,724.53,,224.46
2026/7/31 19:00:00,674.21,721.38,,224.29
2026/7/31 19:15:00,673.38,702.02,,224.79
2026/7/31 19:30:00,674.7,700.69,,224.79
2026/7/31 19:45:00,673.05,704.99,,225.12
2026/7/31 20:00:00,674.54,708.64,,224.96
2026/7/31 20:15:00,672.55,697.71,,224.63
2026/7/31 20:30:00,673.21,699.04,,224.96
2026/7/31 20:45:00,674.37,693.57,,224.96
2026/7/31 21:00:00,671.39,482.69,,224.79
2026/7/31 21:15:00,743.4,0,,123.98
2026/7/31 21:30:00,752.5,0,,123.82
2026/7/31 21:45:00,0,0,,0
2026/7/31 22:00:00,0,0,,0
2026/7/31 22:15:00,0,0,,0
2026/7/31 22:30:00,0,0,,0
2026/7/31 22:45:00,0,0,,0
2026/7/31 23:00:00,0,0,,0
2026/7/31 23:15:00,0,0,,0
2026/7/31 23:30:00,0,0,,0
2026/7/31 23:45:00,0,0,,0
2026/8/1 0:00:00,0,0,,0
2026/8/1 0:15:00,0,0,,0
2026/8/1 0:30:00,0,0,,0
2026/8/1 0:45:00,0,0,,3.97
2026/8/1 1:00:00,0,0,,0
2026/8/1 1:15:00,0,0,,0
2026/8/1 1:30:00,0,0,,3.97
2026/8/1 1:45:00,0,0,,3.97
2026/8/1 2:00:00,0,0,,3.97
2026/8/1 2:15:00,0,0,,3.97
2026/8/1 2:30:00,0,0,,3.97
2026/8/1 2:45:00,0,0,,4.14
2026/8/1 3:00:00,0,0,,4.14
2026/8/1 3:15:00,0,0,,3.97
2026/8/1 3:30:00,0,0,,0
2026/8/1 3:45:00,0,0,,4.14
2026/8/1 4:00:00,0,0,,3.81
2026/8/1 4:15:00,0,0,,3.97
2026/8/1 4:30:00,0,0,,3.97
2026/8/1 4:45:00,0,0,,3.97
2026/8/1 5:00:00,0,0,,0
2026/8/1 5:15:00,0,0,,3.81
2026/8/1 5:30:00,0,0,,3.97
2026/8/1 5:45:00,0,0,,3.81
2026/8/1 6:00:00,0,0,,3.81
2026/8/1 6:15:00,0,0,,3.97
2026/8/1 6:30:00,0,0,,3.97
2026/8/1 6:45:00,0,0,,0
2026/8/1 7:00:00,0,0,,0
2026/8/1 7:15:00,0,0,,0
2026/8/1 7:30:00,0,0,,0
2026/8/1 7:45:00,0,0,,0
2026/8/1 8:00:00,0,0,,0
2026/8/1 8:15:00,0,0,,0
2026/8/1 8:30:00,0,0,,0
2026/8/1 8:45:00,0,0,,0
2026/8/1 9:00:00,859.77,0,,112.56
2026/8/1 9:15:00,855.46,834.77,,224.79
2026/8/1 9:30:00,852.65,815.73,,224.96
2026/8/1 9:45:00,770.05,802.49,,224.13
2026/8/1 10:00:00,759.45,788.59,,224.29
2026/8/1 10:15:00,726.84,771.21,,224.79
2026/8/1 10:30:00,700.53,733.8,,224.46
2026/8/1 10:45:00,688.44,718.4,,224.63
2026/8/1 11:00:00,688.44,705.99,,224.79
2026/8/1 11:15:00,691.92,696.39,,224.29
2026/8/1 11:30:00,689.44,745.55,,224.29
2026/8/1 11:45:00,747.87,787.93,,224.46
2026/8/1 12:00:00,742.9,783.62,,224.46
2026/8/1 12:15:00,742.07,779.15,,224.13
2026/8/1 12:30:00,742.57,772.2,,224.63
2026/8/1 12:45:00,743.73,772.53,,224.79
2026/8/1 13:00:00,740.75,753.66,,224.13
2026/8/1 13:15:00,745.05,764.42,,224.13
2026/8/1 13:30:00,742.07,762.93,,224.46
2026/8/1 13:45:00,744.06,763.59,,224.63
2026/8/1 14:00:00,743.56,759.79,,224.63
2026/8/1 14:15:00,742.74,765.58,,225.12
2026/8/1 14:30:00,743.07,759.29,,224.79
2026/8/1 14:45:00,741.91,758.46,,224.63
2026/8/1 15:00:00,744.39,750.68,,225.12
2026/8/1 15:15:00,732.31,738.27,,225.12
2026/8/1 15:30:00,726.68,721.38,,224.46
2026/8/1 15:45:00,727.51,740.58,,224.63
2026/8/1 16:00:00,727.67,741.74,,225.12
2026/8/1 16:15:00,728.67,768.39,,224.79
2026/8/1 16:30:00,726.51,760.78,,225.12
2026/8/1 16:45:00,724.86,746.87,,224.46
2026/8/1 17:00:00,728.83,746.21,,224.46
2026/8/1 17:15:00,727.34,760.12,,224.46
2026/8/1 17:30:00,729.99,759.29,,224.96
2026/8/1 17:45:00,730.98,761.11,,225.29
2026/8/1 18:00:00,731.15,761.61,,225.12
2026/8/1 18:15:00,729.66,763.76,,224.79
2026/8/1 18:30:00,733.3,763.59,,225.12
2026/8/1 18:45:00,731.98,759.95,,225.12
2026/8/1 19:00:00,733.3,763.92,,224.96
2026/8/1 19:15:00,731.98,762.6,,224.79
2026/8/1 19:30:00,731.65,763.43,,225.12
2026/8/1 19:45:00,733.8,761.77,,225.12
2026/8/1 20:00:00,734.46,760.61,,225.45
2026/8/1 20:15:00,730.32,761.11,,224.96
2026/8/1 20:30:00,729.16,753.83,,225.12
2026/8/1 20:45:00,727.51,754.49,,225.29
2026/8/1 21:00:00,717.41,745.55,,225.45
2026/8/1 21:15:00,703.17,731.31,,225.45
2026/8/1 21:30:00,687.45,713.93,,225.45
2026/8/1 21:45:00,614.28,0,,124.15
2026/8/1 22:00:00,0,0,,124.31
2026/8/1 22:15:00,0,0,,3.97
2026/8/1 22:30:00,0,0,,3.97
2026/8/1 22:45:00,0,0,,3.97
2026/8/1 23:00:00,0,0,,3.97
2026/8/1 23:15:00,0,0,,3.97
2026/8/1 23:30:00,0,0,,3.97
2026/8/1 23:45:00,0,0,,0
2026/8/2 0:00:00,0,0,,0
2026/8/2 0:15:00,0,0,,0
2026/8/2 0:30:00,0,0,,0
2026/8/2 0:45:00,0,0,,3.81
2026/8/2 1:00:00,0,0,,3.97
2026/8/2 1:15:00,0,0,,4.14
2026/8/2 1:30:00,0,0,,0
2026/8/2 1:45:00,0,0,,0
2026/8/2 2:00:00,0,0,,0
2026/8/2 2:15:00,0,0,,0
2026/8/2 2:30:00,0,0,,0
2026/8/2 2:45:00,0,0,,0
2026/8/2 3:00:00,0,0,,0
2026/8/2 3:15:00,0,0,,0
2026/8/2 3:30:00,0,0,,0
2026/8/2 3:45:00,0,0,,0
2026/8/2 4:00:00,0,0,,3.97
2026/8/2 4:15:00,0,0,,3.81
2026/8/2 4:30:00,0,0,,0
2026/8/2 4:45:00,0,0,,3.97
2026/8/2 5:00:00,0,0,,0
2026/8/2 5:15:00,0,0,,0
2026/8/2 5:30:00,0,0,,0
2026/8/2 5:45:00,0,0,,3.97
2026/8/2 6:00:00,0,0,,0
2026/8/2 6:15:00,0,0,,0
2026/8/2 6:30:00,0,0,,0
2026/8/2 6:45:00,0,0,,3.97
2026/8/2 7:00:00,0,0,,0
2026/8/2 7:15:00,0,0,,0
2026/8/2 7:30:00,0,0,,0
2026/8/2 7:45:00,0,0,,0
2026/8/2 8:00:00,0,0,,0
2026/8/2 8:15:00,0,0,,0
2026/8/2 8:30:00,0,0,,112.73
2026/8/2 8:45:00,855.3,0,,112.56
2026/8/2 9:00:00,857.61,0,,112.73
2026/8/2 9:15:00,854.14,0,,112.56
2026/8/2 9:30:00,836.26,392.97,,224.96
2026/8/2 9:45:00,809.78,796.2,,224.79
2026/8/2 10:00:00,785.94,784.28,,224.79
2026/8/2 10:15:00,761.11,779.65,,224.96
2026/8/2 10:30:00,731.65,768.23,,224.96
2026/8/2 10:45:00,725.52,760.78,,224.79
2026/8/2 11:00:00,719.89,754.32,,224.63
2026/8/2 11:15:00,719.56,745.88,,224.63
2026/8/2 11:30:00,721.88,744.39,,224.63
2026/8/2 11:45:00,719.73,735.45,,224.79
2026/8/2 12:00:00,723.04,718.9,,224.46
2026/8/2 12:15:00,715.75,719.07,,224.63
2026/8/2 12:30:00,719.23,713.44,,225.12
2026/8/2 12:45:00,712.77,707.15,,224.79
2026/8/2 13:00:00,711.62,713.11,,224.46
2026/8/2 13:15:00,709.3,722.87,,224.63
2026/8/2 13:30:00,711.45,729.49,,224.46
2026/8/2 13:45:00,714.6,740.42,,224.79
2026/8/2 14:00:00,712.11,742.24,,224.29
2026/8/2 14:15:00,714.76,738.93,,224.79
2026/8/2 14:30:00,713.77,733.96,,225.12
2026/8/2 14:45:00,712.94,743.89,,224.79
2026/8/2 15:00:00,713.44,747.21,,224.96
2026/8/2 15:15:00,711.45,737.6,,224.63
2026/8/2 15:30:00,710.13,728.5,,224.13
2026/8/2 15:45:00,707.97,717.41,,224.79
2026/8/2 16:00:00,712.28,720.55,,224.96
2026/8/2 16:15:00,711.29,720.39,,224.96
2026/8/2 16:30:00,710.29,721.22,,224.46
2026/8/2 16:45:00,710.95,736.45,,224.29
2026/8/2 17:00:00,712.61,744.39,,224.29
2026/8/2 17:15:00,711.45,760.61,,224.63
2026/8/2 17:30:00,711.62,759.12,,224.13
2026/8/2 17:45:00,716.42,760.61,,224.63
2026/8/2 18:00:00,716.09,762.27,,224.63
2026/8/2 18:15:00,720.72,761.11,,224.96
2026/8/2 18:30:00,724.36,760.78,,224.79
2026/8/2 18:45:00,728.5,759.95,,224.96
2026/8/2 19:00:00,733.14,764.92,,224.79
2026/8/2 19:15:00,735.78,757.8,,224.79
2026/8/2 19:30:00,735.78,765.91,,224.96
2026/8/2 19:45:00,732.31,758.13,,224.46
2026/8/2 20:00:00,733.63,763.43,,225.12
2026/8/2 20:15:00,732.64,761.28,,225.29
2026/8/2 20:30:00,731.15,760.78,,225.45
2026/8/2 20:45:00,728.67,752.67,,224.79
2026/8/2 21:00:00,786.77,0,,123.98
2026/8/2 21:15:00,864.24,0,,123.65
2026/8/2 21:30:00,0,0,,123.82
2026/8/2 21:45:00,0,0,,0
2026/8/2 22:00:00,0,0,,3.97
2026/8/2 22:15:00,0,0,,3.97
2026/8/2 22:30:00,0,0,,3.97
2026/8/2 22:45:00,0,0,,3.97
2026/8/2 23:00:00,0,0,,3.81
2026/8/2 23:15:00,0,0,,3.97
2026/8/2 23:30:00,0,0,,3.97
2026/8/2 23:45:00,0,0,,0
2026/8/3 0:00:00,0,0,,3.97
2026/8/3 0:15:00,0,0,,0
2026/8/3 0:30:00,0,0,,3.97
2026/8/3 0:45:00,0,0,,3.97
2026/8/3 1:00:00,0,0,,3.81
2026/8/3 1:15:00,0,0,,3.97
2026/8/3 1:30:00,0,0,,3.97
2026/8/3 1:45:00,0,0,,3.97
2026/8/3 2:00:00,0,0,,3.97
2026/8/3 2:15:00,0,0,,3.97
2026/8/3 2:30:00,0,0,,4.14
2026/8/3 2:45:00,0,0,,4.14
2026/8/3 3:00:00,0,0,,3.81
2026/8/3 3:15:00,0,0,,3.81
2026/8/3 3:30:00,0,0,,3.97
2026/8/3 3:45:00,0,0,,0
2026/8/3 4:00:00,0,0,,0
2026/8/3 4:15:00,0,0,,0
2026/8/3 4:30:00,0,0,,0
2026/8/3 4:45:00,0,0,,0
2026/8/3 5:00:00,0,0,,0
2026/8/3 5:15:00,0,0,,0
2026/8/3 5:30:00,0,0,,0
2026/8/3 5:45:00,0,0,,0
2026/8/3 6:00:00,0,0,,0
2026/8/3 6:15:00,0,0,,0
2026/8/3 6:30:00,0,0,,0
2026/8/3 6:45:00,0,0,,0
2026/8/3 7:00:00,0,0,,0
2026/8/3 7:15:00,0,0,,0
2026/8/3 7:30:00,0,0,,0
2026/8/3 7:45:00,0,0,,0
2026/8/3 8:00:00,0,0,,0
2026/8/3 8:15:00,0,0,,0
2026/8/3 8:30:00,0,0,,0
2026/8/3 8:45:00,0,0,,0
2026/8/3 9:00:00,442.63,0,,112.73
2026/8/3 9:15:00,842.72,0,,112.73
2026/8/3 9:30:00,843.38,835.27,,224.79
2026/8/3 9:45:00,845.36,840.23,,224.63
2026/8/3 10:00:00,858.44,829.47,,224.96
2026/8/3 10:15:00,863.57,817.89,,225.12
2026/8/3 10:30:00,854.3,813.58,,225.12
2026/8/3 10:45:00,846.03,802.49,,224.63
2026/8/3 11:00:00,835.6,802,,224.46
2026/8/3 11:15:00,829.64,796.53,,224.46
2026/8/3 11:30:00,830.14,797.03,,224.63
2026/8/3 11:45:00,824.34,789.58,,224.63
2026/8/3 12:00:00,818.22,787.26,,224.79
2026/8/3 12:15:00,735.95,745.88,,224.79
2026/8/3 12:30:00,704.17,731.65,,224.96
2026/8/3 12:45:00,703.17,725.52,,224.63
2026/8/3 13:00:00,708.8,726.02,,224.96
2026/8/3 13:15:00,705.82,731.98,,225.29
2026/8/3 13:30:00,707.48,736.78,,225.12
2026/8/3 13:45:00,707.97,729.16,,225.12
2026/8/3 14:00:00,705.16,717.41,,224.63
2026/8/3 14:15:00,703.84,713.77,,224.63
2026/8/3 14:30:00,706.65,712.28,,224.46
2026/8/3 14:45:00,704.83,711.95,,224.63
2026/8/3 15:00:00,703.01,704.83,,225.12
2026/8/3 15:15:00,690.92,695.23,,224.79
2026/8/3 15:30:00,673.21,680.99,,225.12
2026/8/3 15:45:00,664.27,676.69,,224.96
2026/8/3 16:00:00,665.43,663.28,,224.63
2026/8/3 16:15:00,666.43,667.75,,224.96
2026/8/3 16:30:00,667.75,661.46,,224.79
2026/8/3 16:45:00,664.27,681.49,,225.12
2026/8/3 17:00:00,666.1,687.28,,224.96
2026/8/3 17:15:00,669.24,690.1,,225.29
2026/8/3 17:30:00,670.73,694.73,,225.12
2026/8/3 17:45:00,667.42,706.48,,224.96
2026/8/3 18:00:00,669.07,706.32,,224.79
2026/8/3 18:15:00,670.9,724.86,,224.79
2026/8/3 18:30:00,685.13,739.09,,225.12
2026/8/3 18:45:00,684.47,736.28,,224.63
2026/8/3 19:00:00,686.29,742.9,,225.12
2026/8/3 19:15:00,685.63,744.89,,224.96
2026/8/3 19:30:00,689.77,751.67,,225.45
2026/8/3 19:45:00,687.95,734.62,,224.96
2026/8/3 20:00:00,691.75,738.27,,225.29
2026/8/3 20:15:00,689.44,765.25,,224.96
2026/8/3 20:30:00,685.13,744.56,,225.29
2026/8/3 20:45:00,683.64,741.74,,224.79
2026/8/3 21:00:00,679.83,730.82,,225.29
2026/8/3 21:15:00,681.66,715.75,,225.29
2026/8/3 21:30:00,606.34,0,,123.98
2026/8/3 21:45:00,0,0,,0
2026/8/3 22:00:00,0,0,,0
2026/8/3 22:15:00,0,0,,3.81
2026/8/3 22:30:00,0,0,,3.97
2026/8/3 22:45:00,0,0,,4.14
2026/8/3 23:00:00,0,0,,0
2026/8/3 23:15:00,0,0,,0
2026/8/3 23:30:00,0,0,,0
2026/8/3 23:45:00,0,0,,3.97
